{"cameraMode":{"drawMode":0,"name":"Shaded","section":"Shading Mode"},"sceneLighting":false,"audioPlay":false,"sceneViewState":{"m_AlwaysRefresh":false,"showFog":true,"showSkybox":false,"showFlares":true,"showImageEffects":true,"showParticleSystems":true,"showVisualEffectGraphs":true,"m_FxEnabled":true},"in2DMode":false,"pivot":{"x":-0.006969928741455078,"y":3.442713737487793,"z":-4.265664100646973},"rotation":{"x":-0.010753398761153221,"y":-0.9892182350158691,"z":0.10157188773155213,"w":-0.10563314706087113},"size":4.985037803649902,"orthographic":false}