{"cameraMode":{"drawMode":0,"name":"Shaded","section":"Shading Mode"},"sceneLighting":false,"audioPlay":false,"sceneViewState":{"m_AlwaysRefresh":false,"showFog":true,"showSkybox":true,"showFlares":true,"showImageEffects":true,"showParticleSystems":true,"showVisualEffectGraphs":true,"m_FxEnabled":true},"in2DMode":false,"pivot":{"x":-24.880401611328126,"y":-97.3642349243164,"z":319.77581787109377},"rotation":{"x":0.1837463080883026,"y":0.010314416140317917,"z":-0.0019191375467926264,"w":0.9828999638557434},"size":195.11691284179688,"orthographic":false}