{"cameraMode":{"drawMode":0,"name":"Shaded","section":"Shading Mode"},"sceneLighting":false,"audioPlay":false,"sceneViewState":{"m_AlwaysRefresh":false,"showFog":true,"showSkybox":true,"showFlares":true,"showImageEffects":true,"showParticleSystems":true,"showVisualEffectGraphs":true,"m_FxEnabled":true},"in2DMode":false,"pivot":{"x":-22.501972198486329,"y":3.280956983566284,"z":21.073854446411134},"rotation":{"x":-0.13224615156650544,"y":0.7179849743843079,"z":-0.14203806221485139,"w":-0.6684679985046387},"size":3.1672019958496095,"orthographic":false}