{"cameraMode":{"drawMode":0,"name":"Shaded","section":"Shading Mode"},"sceneLighting":false,"audioPlay":false,"sceneViewState":{"m_AlwaysRefresh":false,"showFog":true,"showSkybox":false,"showFlares":true,"showImageEffects":true,"showParticleSystems":true,"showVisualEffectGraphs":true,"m_FxEnabled":true},"in2DMode":false,"pivot":{"x":-1.081903338432312,"y":3.321606159210205,"z":-3.862001657485962},"rotation":{"x":-0.000573877478018403,"y":-0.9990673065185547,"z":0.041298024356365207,"w":-0.017863905057311059},"size":6.152684688568115,"orthographic":false}