Using pre-set license
Built from '2021.3/staging' branch; Version is '2021.3.32f1 (3b9dae9532f5) revision 3906990'; Using compiler version '192829333'; Build Type 'Release'
OS: 'Windows 11  (10.0.26200) 64bit Core' Language: 'cs' Physical Memory: 16219 MB
BatchMode: 1, IsHumanControllingUs: 0, StartBugReporterOnCrash: 0, Is64bit: 1, IsPro: 1

COMMAND LINE ARGUMENTS:
C:\Program Files\Unity\Hub\Editor\2021.3.32f1\Editor\Unity.exe
-adb2
-batchMode
-noUpm
-name
AssetImportWorker7
-projectPath
C:/Users/simon/OneDrive/Dokumenty/GitHub/The-Last-Bounty/Wanted-Dead or alive
-logFile
Logs/AssetImportWorker7.log
-srvPort
62012
Successfully changed project path to: C:/Users/simon/OneDrive/Dokumenty/GitHub/The-Last-Bounty/Wanted-Dead or alive
C:/Users/simon/OneDrive/Dokumenty/GitHub/The-Last-Bounty/Wanted-Dead or alive
[UnityMemory] Configuration Parameters - Can be set up in boot.config
    "memorysetup-bucket-allocator-granularity=16"
    "memorysetup-bucket-allocator-bucket-count=8"
    "memorysetup-bucket-allocator-block-size=33554432"
    "memorysetup-bucket-allocator-block-count=8"
    "memorysetup-main-allocator-block-size=16777216"
    "memorysetup-thread-allocator-block-size=16777216"
    "memorysetup-gfx-main-allocator-block-size=16777216"
    "memorysetup-gfx-thread-allocator-block-size=16777216"
    "memorysetup-cache-allocator-block-size=4194304"
    "memorysetup-typetree-allocator-block-size=2097152"
    "memorysetup-profiler-bucket-allocator-granularity=16"
    "memorysetup-profiler-bucket-allocator-bucket-count=8"
    "memorysetup-profiler-bucket-allocator-block-size=33554432"
    "memorysetup-profiler-bucket-allocator-block-count=8"
    "memorysetup-profiler-allocator-block-size=16777216"
    "memorysetup-profiler-editor-allocator-block-size=1048576"
    "memorysetup-temp-allocator-size-main=16777216"
    "memorysetup-job-temp-allocator-block-size=2097152"
    "memorysetup-job-temp-allocator-block-size-background=1048576"
    "memorysetup-job-temp-allocator-reduction-small-platforms=262144"
    "memorysetup-temp-allocator-size-background-worker=32768"
    "memorysetup-temp-allocator-size-job-worker=262144"
    "memorysetup-temp-allocator-size-preload-manager=33554432"
    "memorysetup-temp-allocator-size-nav-mesh-worker=65536"
    "memorysetup-temp-allocator-size-audio-worker=65536"
    "memorysetup-temp-allocator-size-cloud-worker=32768"
    "memorysetup-temp-allocator-size-gi-baking-worker=262144"
    "memorysetup-temp-allocator-size-gfx=262144"
Player connection [22068] Host "[IP] 192.168.56.1 [Port] 0 [Flags] 2 [Guid] 2767906571 [EditorId] 2767906571 [Version] 1048832 [Id] WindowsEditor(7,SimonRuza) [Debug] 1 [PackageName] WindowsEditor [ProjectName] Editor" joined multi-casting on [225.0.0.222:54997]...

Player connection [22068] Host "[IP] 192.168.56.1 [Port] 0 [Flags] 2 [Guid] 2767906571 [EditorId] 2767906571 [Version] 1048832 [Id] WindowsEditor(7,SimonRuza) [Debug] 1 [PackageName] WindowsEditor [ProjectName] Editor" joined alternative multi-casting on [225.0.0.222:34997]...

[Physics::Module] Initialized MultithreadedJobDispatcher with {0} workers.
Refreshing native plugins compatible for Editor in 92.62 ms, found 3 plugins.
Preloading 0 native plugins for Editor in 0.00 ms.
Initialize engine version: 2021.3.32f1 (3b9dae9532f5)
[Subsystems] Discovering subsystems at path C:/Program Files/Unity/Hub/Editor/2021.3.32f1/Editor/Data/Resources/UnitySubsystems
[Subsystems] Discovering subsystems at path C:/Users/simon/OneDrive/Dokumenty/GitHub/The-Last-Bounty/Wanted-Dead or alive/Assets
GfxDevice: creating device client; threaded=0; jobified=0
Direct3D:
    Version:  Direct3D 11.0 [level 11.1]
    Renderer: NVIDIA GeForce RTX 3060 Laptop GPU (ID=0x2560)
    Vendor:   NVIDIA
    VRAM:     5994 MB
    Driver:   32.0.15.9186
Initialize mono
Mono path[0] = 'C:/Program Files/Unity/Hub/Editor/2021.3.32f1/Editor/Data/Managed'
Mono path[1] = 'C:/Program Files/Unity/Hub/Editor/2021.3.32f1/Editor/Data/MonoBleedingEdge/lib/mono/unityjit-win32'
Mono config path = 'C:/Program Files/Unity/Hub/Editor/2021.3.32f1/Editor/Data/MonoBleedingEdge/etc'
Using monoOptions --debugger-agent=transport=dt_socket,embedding=1,server=y,suspend=n,address=127.0.0.1:56452
Begin MonoManager ReloadAssembly
Registering precompiled unity dll's ...
Register platform support module: C:/Program Files/Unity/Hub/Editor/2021.3.32f1/Editor/Data/PlaybackEngines/WindowsStandaloneSupport/UnityEditor.WindowsStandalone.Extensions.dll
Registered in 0.005169 seconds.
Native extension for WindowsStandalone target not found
Refreshing native plugins compatible for Editor in 90.56 ms, found 3 plugins.
Preloading 0 native plugins for Editor in 0.00 ms.
Mono: successfully reloaded assembly
- Completed reload, in  0.613 seconds
Domain Reload Profiling:
	ReloadAssembly (613ms)
		BeginReloadAssembly (109ms)
			ExecutionOrderSort (0ms)
			DisableScriptedObjects (0ms)
			BackupInstance (0ms)
			ReleaseScriptingObjects (0ms)
			CreateAndSetChildDomain (1ms)
		EndReloadAssembly (420ms)
			LoadAssemblies (105ms)
			RebuildTransferFunctionScriptingTraits (0ms)
			SetupTypeCache (94ms)
			ReleaseScriptCaches (0ms)
			RebuildScriptCaches (24ms)
			SetupLoadedEditorAssemblies (266ms)
				LogAssemblyErrors (0ms)
				InitializePlatformSupportModulesInManaged (8ms)
				SetLoadedEditorAssemblies (0ms)
				RefreshPlugins (91ms)
				BeforeProcessingInitializeOnLoad (1ms)
				ProcessInitializeOnLoadAttributes (123ms)
				ProcessInitializeOnLoadMethodAttributes (43ms)
				AfterProcessingInitializeOnLoad (0ms)
				EditorAssembliesLoaded (0ms)
			ExecutionOrderSort2 (0ms)
			AwakeInstancesAfterBackupRestoration (0ms)
Platform modules already initialized, skipping
Registering precompiled user dll's ...
Registered in 0.005495 seconds.
Begin MonoManager ReloadAssembly
Native extension for WindowsStandalone target not found
Refreshing native plugins compatible for Editor in 82.18 ms, found 3 plugins.
Preloading 0 native plugins for Editor in 0.00 ms.
Mono: successfully reloaded assembly
- Completed reload, in  1.139 seconds
Domain Reload Profiling:
	ReloadAssembly (1140ms)
		BeginReloadAssembly (124ms)
			ExecutionOrderSort (0ms)
			DisableScriptedObjects (5ms)
			BackupInstance (0ms)
			ReleaseScriptingObjects (0ms)
			CreateAndSetChildDomain (20ms)
		EndReloadAssembly (921ms)
			LoadAssemblies (101ms)
			RebuildTransferFunctionScriptingTraits (0ms)
			SetupTypeCache (256ms)
			ReleaseScriptCaches (1ms)
			RebuildScriptCaches (45ms)
			SetupLoadedEditorAssemblies (520ms)
				LogAssemblyErrors (0ms)
				InitializePlatformSupportModulesInManaged (4ms)
				SetLoadedEditorAssemblies (0ms)
				RefreshPlugins (82ms)
				BeforeProcessingInitializeOnLoad (75ms)
				ProcessInitializeOnLoadAttributes (335ms)
				ProcessInitializeOnLoadMethodAttributes (16ms)
				AfterProcessingInitializeOnLoad (7ms)
				EditorAssembliesLoaded (0ms)
			ExecutionOrderSort2 (0ms)
			AwakeInstancesAfterBackupRestoration (6ms)
Platform modules already initialized, skipping
========================================================================
Worker process is ready to serve import requests
Launched and connected shader compiler UnityShaderCompiler.exe after 0.04 seconds
Refreshing native plugins compatible for Editor in 0.87 ms, found 3 plugins.
Preloading 0 native plugins for Editor in 0.00 ms.
Unloading 3932 Unused Serialized files (Serialized files now loaded: 0)
Unloading 48 unused Assets / (1.5 MB). Loaded Objects now: 4410.
Memory consumption went from 171.3 MB to 169.8 MB.
Total: 3.161300 ms (FindLiveObjects: 0.324200 ms CreateObjectMapping: 0.117400 ms MarkObjects: 2.465800 ms  DeleteObjects: 0.252300 ms)

AssetImportParameters requested are different than current active one (requested -> active):
  custom:video-decoder-ogg-theora: a1e56fd34408186e4bbccfd4996cb3dc -> 
  custom:container-muxer-webm: aa71ff27fc2769a1b78a27578f13a17b -> 
  custom:container-demuxer-webm: 4f35f7cbe854078d1ac9338744f61a02 -> 
  custom:video-encoder-webm-vp8: eb34c28f22e8b96e1ab97ce403110664 -> 
  custom:video-codec-MediaFoundation-h265: 746d11721c4dcdbdad8f713fa42b33f4 -> 
  custom:CustomObjectIndexerAttribute: bc11b3a6c3213fcdd17b65e7da85e133 -> 
  custom:audio-encoder-webm-vorbis: bf7c407c2cedff20999df2af8eb42d56 -> 
  custom:framework-win-MediaFoundation: 216162199b28c13a410421893ffa2e32 -> 
  custom:SearchIndexIgnoredProperties: e643bd26f0fe6173181afceb89e7c659 -> 
  custom:container-demuxer-ogg: 62fdf1f143b41e24485cea50d1cbac27 -> 
  custom:video-decoder-webm-vp8: 9c59270c3fd7afecdb556c50c9e8de78 -> 
  custom:audio-decoder-ogg-vorbis: bf7c407c2cedff20999df2af8eb42d56 -> 
========================================================================
Received Import Request.
  Time since last request: 3403.420886 seconds.
  path: Assets/Other/Bullet.prefab
  artifactKey: Guid(8ca4d988d2ba93c40ad6a9bbbbd10457) Importer(815301076,1909f56bfc062723c751e8b465ee728b)
Number of updated assets reloaded before import = 0
Start importing Assets/Other/Bullet.prefab using Guid(8ca4d988d2ba93c40ad6a9bbbbd10457) Importer(815301076,1909f56bfc062723c751e8b465ee728b)  -> (artifact id: 'faae12367a615214e0c8bfb42a36dfa3') in 0.145114 seconds 
Number of asset objects unloaded after import = 12
========================================================================
Received Import Request.
  Time since last request: 0.000037 seconds.
  path: Assets/PolygonPirates/Prefabs/Characters/Character_Pirate_Deckhand_01.prefab
  artifactKey: Guid(298b6af3224b899419309b7d9e05ace7) Importer(815301076,1909f56bfc062723c751e8b465ee728b)
Number of updated assets reloaded before import = 0
Start importing Assets/PolygonPirates/Prefabs/Characters/Character_Pirate_Deckhand_01.prefab using Guid(298b6af3224b899419309b7d9e05ace7) Importer(815301076,1909f56bfc062723c751e8b465ee728b)  -> (artifact id: 'a013119fadbc3c06d48444421337799b') in 0.054721 seconds 
Number of asset objects unloaded after import = 316
========================================================================
Received Import Request.
  Time since last request: 0.000043 seconds.
  path: Assets/PolygonPirates/Prefabs/Characters/Character_Gentleman_01.prefab
  artifactKey: Guid(81a28c375b28168439a9968612b54c17) Importer(815301076,1909f56bfc062723c751e8b465ee728b)
Number of updated assets reloaded before import = 0
Start importing Assets/PolygonPirates/Prefabs/Characters/Character_Gentleman_01.prefab using Guid(81a28c375b28168439a9968612b54c17) Importer(815301076,1909f56bfc062723c751e8b465ee728b)  -> (artifact id: '2b13241b4365d9350dbb680a74ff4aa5') in 0.031990 seconds 
Number of asset objects unloaded after import = 316
========================================================================
Received Import Request.
  Time since last request: 0.000034 seconds.
  path: Assets/PolygonPirates/Prefabs/FX/FX_Fire.prefab
  artifactKey: Guid(62180f02a86555049a8b4bc3fe456b38) Importer(815301076,1909f56bfc062723c751e8b465ee728b)
Number of updated assets reloaded before import = 0
Start importing Assets/PolygonPirates/Prefabs/FX/FX_Fire.prefab using Guid(62180f02a86555049a8b4bc3fe456b38) Importer(815301076,1909f56bfc062723c751e8b465ee728b)  -> (artifact id: '120a3807f9087c6bd6ee09bd78a5eb5a') in 0.012509 seconds 
Number of asset objects unloaded after import = 7
========================================================================
Received Import Request.
  Time since last request: 0.000025 seconds.
  path: Assets/PolygonPirates/Prefabs/Characters/Character_Skeleton_02.prefab
  artifactKey: Guid(27953ea55848f7a48897c38360d8b331) Importer(815301076,1909f56bfc062723c751e8b465ee728b)
Number of updated assets reloaded before import = 0
Start importing Assets/PolygonPirates/Prefabs/Characters/Character_Skeleton_02.prefab using Guid(27953ea55848f7a48897c38360d8b331) Importer(815301076,1909f56bfc062723c751e8b465ee728b)  -> (artifact id: '17267489e6514fb9a02c7a47f3263d39') in 0.025468 seconds 
Number of asset objects unloaded after import = 316
========================================================================
Received Import Request.
  Time since last request: 0.000019 seconds.
  path: Assets/PolygonPirates/Prefabs/FX/FX_BloodShot.prefab
  artifactKey: Guid(48b64b0452dbc384692f9377afab3cd9) Importer(815301076,1909f56bfc062723c751e8b465ee728b)
Number of updated assets reloaded before import = 0
Start importing Assets/PolygonPirates/Prefabs/FX/FX_BloodShot.prefab using Guid(48b64b0452dbc384692f9377afab3cd9) Importer(815301076,1909f56bfc062723c751e8b465ee728b)  -> (artifact id: 'b0e7798e98f7690e5bdbea0a18610681') in 0.009622 seconds 
Number of asset objects unloaded after import = 7
========================================================================
Received Import Request.
  Time since last request: 0.000020 seconds.
  path: Assets/PolygonPirates/Prefabs/FX/FX_BoatWaterEmitter_01.fbx
  artifactKey: Guid(cb88c181d8d9657429e7d8669a7f7e30) Importer(815301076,1909f56bfc062723c751e8b465ee728b)
Number of updated assets reloaded before import = 0
Start importing Assets/PolygonPirates/Prefabs/FX/FX_BoatWaterEmitter_01.fbx using Guid(cb88c181d8d9657429e7d8669a7f7e30) Importer(815301076,1909f56bfc062723c751e8b465ee728b)  -> (artifact id: '9acd6d5209d153ea036616b9da076f7b') in 0.040342 seconds 
Number of asset objects unloaded after import = 7
========================================================================
Received Import Request.
  Time since last request: 0.000038 seconds.
  path: Assets/PolygonPirates/Prefabs/Characters/Character_English_Govenor_01.prefab
  artifactKey: Guid(21a82b88f4e365a4cb4277cd43b7fe21) Importer(815301076,1909f56bfc062723c751e8b465ee728b)
Number of updated assets reloaded before import = 0
Start importing Assets/PolygonPirates/Prefabs/Characters/Character_English_Govenor_01.prefab using Guid(21a82b88f4e365a4cb4277cd43b7fe21) Importer(815301076,1909f56bfc062723c751e8b465ee728b)  -> (artifact id: '1ea8bca17fe0388a726ea01ec8dd3609') in 0.019883 seconds 
Number of asset objects unloaded after import = 316
========================================================================
Received Import Request.
  Time since last request: 0.000024 seconds.
  path: Assets/PolygonPirates/Prefabs/FX/FX_BoatWater_Large.prefab
  artifactKey: Guid(fa9176762befa1f4a8ee4b0aeacac390) Importer(815301076,1909f56bfc062723c751e8b465ee728b)
Number of updated assets reloaded before import = 0
Start importing Assets/PolygonPirates/Prefabs/FX/FX_BoatWater_Large.prefab using Guid(fa9176762befa1f4a8ee4b0aeacac390) Importer(815301076,1909f56bfc062723c751e8b465ee728b)  -> (artifact id: '89d2e57988ce9ee9167b3791a3dd5b36') in 0.010102 seconds 
Number of asset objects unloaded after import = 8
========================================================================
Received Import Request.
  Time since last request: 5.095844 seconds.
  path: Assets/PolygonPirates/Prefabs/Characters/Shark.prefab
  artifactKey: Guid(e8d31fb942e91c3478cedbdae2b384a0) Importer(815301076,1909f56bfc062723c751e8b465ee728b)
Number of updated assets reloaded before import = 0
Start importing Assets/PolygonPirates/Prefabs/Characters/Shark.prefab using Guid(e8d31fb942e91c3478cedbdae2b384a0) Importer(815301076,1909f56bfc062723c751e8b465ee728b)  -> (artifact id: '485ed69502ce676de60c88ed9a395626') in 0.015115 seconds 
Number of asset objects unloaded after import = 65
========================================================================
Received Import Request.
  Time since last request: 0.000019 seconds.
  path: Assets/PolygonPirates/Models/SM_Bld_Cuba_Balcony_02.fbx
  artifactKey: Guid(d08f8d07d429688478a288c3c6a5a751) Importer(815301076,1909f56bfc062723c751e8b465ee728b)
Number of updated assets reloaded before import = 0
Start importing Assets/PolygonPirates/Models/SM_Bld_Cuba_Balcony_02.fbx using Guid(d08f8d07d429688478a288c3c6a5a751) Importer(815301076,1909f56bfc062723c751e8b465ee728b)  -> (artifact id: 'b8930eeef79acf00800d81635f30c8a1') in 0.013095 seconds 
Number of asset objects unloaded after import = 7
========================================================================
Received Import Request.
  Time since last request: 0.000028 seconds.
  path: Assets/PolygonPirates/Prefabs/Buildings/SM_Bld_Cuba_Roof_01.prefab
  artifactKey: Guid(0b9b8451f2c78c540b3edee7f064c05c) Importer(815301076,1909f56bfc062723c751e8b465ee728b)
Number of updated assets reloaded before import = 0
Start importing Assets/PolygonPirates/Prefabs/Buildings/SM_Bld_Cuba_Roof_01.prefab using Guid(0b9b8451f2c78c540b3edee7f064c05c) Importer(815301076,1909f56bfc062723c751e8b465ee728b)  -> (artifact id: '3fe1b1fe7e70d5576766b521f52ce7ed') in 0.013370 seconds 
Number of asset objects unloaded after import = 12
========================================================================
Received Import Request.
  Time since last request: 0.000030 seconds.
  path: Assets/PolygonPirates/Prefabs/Buildings/SM_Bld_Cuba_Hall_Room_04.prefab
  artifactKey: Guid(1b2e9a3fb39ad2541ae12a6e37365d98) Importer(815301076,1909f56bfc062723c751e8b465ee728b)
Number of updated assets reloaded before import = 0
Start importing Assets/PolygonPirates/Prefabs/Buildings/SM_Bld_Cuba_Hall_Room_04.prefab using Guid(1b2e9a3fb39ad2541ae12a6e37365d98) Importer(815301076,1909f56bfc062723c751e8b465ee728b)  -> (artifact id: '444018b0ec697c74cf51983c83bc9aaa') in 0.013217 seconds 
Number of asset objects unloaded after import = 12
========================================================================
Received Import Request.
  Time since last request: 0.000017 seconds.
  path: Assets/PolygonPirates/Models/SM_Bld_Cuba_Hall_Tower_01.fbx
  artifactKey: Guid(ce7a5f9b25cfda94b820638fc3a63746) Importer(815301076,1909f56bfc062723c751e8b465ee728b)
Number of updated assets reloaded before import = 0
Start importing Assets/PolygonPirates/Models/SM_Bld_Cuba_Hall_Tower_01.fbx using Guid(ce7a5f9b25cfda94b820638fc3a63746) Importer(815301076,1909f56bfc062723c751e8b465ee728b)  -> (artifact id: '04569a70cfdaf18db88210ad17da7802') in 0.011499 seconds 
Number of asset objects unloaded after import = 7
========================================================================
Received Import Request.
  Time since last request: 0.000028 seconds.
  path: Assets/PolygonPirates/Models/SM_Bld_Cuba_Balcony_03.fbx
  artifactKey: Guid(2ea88a668ca71024f81e8f421d68eedd) Importer(815301076,1909f56bfc062723c751e8b465ee728b)
Number of updated assets reloaded before import = 0
Start importing Assets/PolygonPirates/Models/SM_Bld_Cuba_Balcony_03.fbx using Guid(2ea88a668ca71024f81e8f421d68eedd) Importer(815301076,1909f56bfc062723c751e8b465ee728b)  -> (artifact id: '28c9a255e72ee396597c0dcb182047b2') in 0.011521 seconds 
Number of asset objects unloaded after import = 7
========================================================================
Received Import Request.
  Time since last request: 0.000023 seconds.
  path: Assets/PolygonPirates/Models/SM_Bld_Cuba_Hall_Room_02.fbx
  artifactKey: Guid(d0df7c6f997f2c44c8471d313145b61e) Importer(815301076,1909f56bfc062723c751e8b465ee728b)
Number of updated assets reloaded before import = 0
Start importing Assets/PolygonPirates/Models/SM_Bld_Cuba_Hall_Room_02.fbx using Guid(d0df7c6f997f2c44c8471d313145b61e) Importer(815301076,1909f56bfc062723c751e8b465ee728b)  -> (artifact id: '98ef48edcd1249590891e44e7eefcbe8') in 0.015671 seconds 
Number of asset objects unloaded after import = 7
========================================================================
Received Import Request.
  Time since last request: 0.000036 seconds.
  path: Assets/PolygonPirates/Models/SM_Bld_Cuba_Roof_02.fbx
  artifactKey: Guid(cfad6683b2b57fb4194bba82548dcb3f) Importer(815301076,1909f56bfc062723c751e8b465ee728b)
Number of updated assets reloaded before import = 0
Start importing Assets/PolygonPirates/Models/SM_Bld_Cuba_Roof_02.fbx using Guid(cfad6683b2b57fb4194bba82548dcb3f) Importer(815301076,1909f56bfc062723c751e8b465ee728b)  -> (artifact id: '683c227a2e199e8e7cfddc14fce45744') in 0.014510 seconds 
Number of asset objects unloaded after import = 7
========================================================================
Received Import Request.
  Time since last request: 0.000020 seconds.
  path: Assets/PolygonPirates/Models/SM_Bld_Cuba_Hall_Room_04.fbx
  artifactKey: Guid(204577c1e3e854b4b9835a5387b3afee) Importer(815301076,1909f56bfc062723c751e8b465ee728b)
Number of updated assets reloaded before import = 0
Start importing Assets/PolygonPirates/Models/SM_Bld_Cuba_Hall_Room_04.fbx using Guid(204577c1e3e854b4b9835a5387b3afee) Importer(815301076,1909f56bfc062723c751e8b465ee728b)  -> (artifact id: '84fbb328d5590b430a798c8db59430bf') in 0.011743 seconds 
Number of asset objects unloaded after import = 7
========================================================================
Received Import Request.
  Time since last request: 0.000025 seconds.
  path: Assets/PolygonPirates/Prefabs/Buildings/SM_Bld_Cuba_Balcony_03.prefab
  artifactKey: Guid(1f29f58d1a886b4478b8d602247a8685) Importer(815301076,1909f56bfc062723c751e8b465ee728b)
Number of updated assets reloaded before import = 0
Start importing Assets/PolygonPirates/Prefabs/Buildings/SM_Bld_Cuba_Balcony_03.prefab using Guid(1f29f58d1a886b4478b8d602247a8685) Importer(815301076,1909f56bfc062723c751e8b465ee728b)  -> (artifact id: '16df3ddbb5ed2ea409a724379d48d4b8') in 0.010636 seconds 
Number of asset objects unloaded after import = 12
========================================================================
Received Import Request.
  Time since last request: 0.000027 seconds.
  path: Assets/PolygonPirates/Prefabs/Buildings/SM_Bld_Cuba_Balcony_Corner_01.prefab
  artifactKey: Guid(c0e827a068244684c93b8c9be3fe1dd7) Importer(815301076,1909f56bfc062723c751e8b465ee728b)
Number of updated assets reloaded before import = 0
Start importing Assets/PolygonPirates/Prefabs/Buildings/SM_Bld_Cuba_Balcony_Corner_01.prefab using Guid(c0e827a068244684c93b8c9be3fe1dd7) Importer(815301076,1909f56bfc062723c751e8b465ee728b)  -> (artifact id: '2c2da4c0f27799f159e867f7e8d2cec5') in 0.011523 seconds 
Number of asset objects unloaded after import = 12
========================================================================
Received Import Request.
  Time since last request: 0.000021 seconds.
  path: Assets/PolygonPirates/Prefabs/Buildings/SM_Bld_Cuba_Hall_Front_01.prefab
  artifactKey: Guid(e69a1b47940791a4d88bccd841fed794) Importer(815301076,1909f56bfc062723c751e8b465ee728b)
Number of updated assets reloaded before import = 0
Start importing Assets/PolygonPirates/Prefabs/Buildings/SM_Bld_Cuba_Hall_Front_01.prefab using Guid(e69a1b47940791a4d88bccd841fed794) Importer(815301076,1909f56bfc062723c751e8b465ee728b)  -> (artifact id: 'd995b6b06c62fe6874912b13b7985127') in 0.011600 seconds 
Number of asset objects unloaded after import = 12
========================================================================
Received Import Request.
  Time since last request: 0.000027 seconds.
  path: Assets/PolygonPirates/Models/SM_Bld_Cuba_Roof_03.fbx
  artifactKey: Guid(b939e3bed7c067f4fa34e432958b017c) Importer(815301076,1909f56bfc062723c751e8b465ee728b)
Number of updated assets reloaded before import = 0
Start importing Assets/PolygonPirates/Models/SM_Bld_Cuba_Roof_03.fbx using Guid(b939e3bed7c067f4fa34e432958b017c) Importer(815301076,1909f56bfc062723c751e8b465ee728b)  -> (artifact id: 'e7aaa8f1c4a59a659d28ca706aa32154') in 0.011479 seconds 
Number of asset objects unloaded after import = 7
========================================================================
Received Import Request.
  Time since last request: 0.085171 seconds.
  path: Assets/PolygonPirates/Prefabs/Buildings/SM_Bld_Cuba_Roof_Square_01.prefab
  artifactKey: Guid(9f9e04b362343df49bf493726e4974e9) Importer(815301076,1909f56bfc062723c751e8b465ee728b)
Number of updated assets reloaded before import = 0
Start importing Assets/PolygonPirates/Prefabs/Buildings/SM_Bld_Cuba_Roof_Square_01.prefab using Guid(9f9e04b362343df49bf493726e4974e9) Importer(815301076,1909f56bfc062723c751e8b465ee728b)  -> (artifact id: '7f9dfb83dbef6e65e34c6ad7126711ef') in 0.012215 seconds 
Number of asset objects unloaded after import = 12
========================================================================
Received Import Request.
  Time since last request: 0.000016 seconds.
  path: Assets/PolygonPirates/Models/SM_Bld_Cuba_Room_03.fbx
  artifactKey: Guid(fac5494c91d8e254fa888739493f7caa) Importer(815301076,1909f56bfc062723c751e8b465ee728b)
Number of updated assets reloaded before import = 0
Start importing Assets/PolygonPirates/Models/SM_Bld_Cuba_Room_03.fbx using Guid(fac5494c91d8e254fa888739493f7caa) Importer(815301076,1909f56bfc062723c751e8b465ee728b)  -> (artifact id: 'd66b97468062d0ac7dac137ad8880f0b') in 0.013463 seconds 
Number of asset objects unloaded after import = 7
========================================================================
Received Import Request.
  Time since last request: 0.000017 seconds.
  path: Assets/PolygonPirates/Models/SM_Bld_Cuba_Room_02.fbx
  artifactKey: Guid(5b2c7d30960f23648a98ac8d89637b24) Importer(815301076,1909f56bfc062723c751e8b465ee728b)
Number of updated assets reloaded before import = 0
Start importing Assets/PolygonPirates/Models/SM_Bld_Cuba_Room_02.fbx using Guid(5b2c7d30960f23648a98ac8d89637b24) Importer(815301076,1909f56bfc062723c751e8b465ee728b)  -> (artifact id: '9648805e572a0b4351ceebba12e2e89c') in 0.015327 seconds 
Number of asset objects unloaded after import = 7
========================================================================
Received Import Request.
  Time since last request: 0.000023 seconds.
  path: Assets/PolygonPirates/Prefabs/Buildings/SM_Bld_Cuba_Room_07.prefab
  artifactKey: Guid(67957e792e6af294c9cc7cf442da56b1) Importer(815301076,1909f56bfc062723c751e8b465ee728b)
Number of updated assets reloaded before import = 0
Start importing Assets/PolygonPirates/Prefabs/Buildings/SM_Bld_Cuba_Room_07.prefab using Guid(67957e792e6af294c9cc7cf442da56b1) Importer(815301076,1909f56bfc062723c751e8b465ee728b)  -> (artifact id: '428352dc83bdd7a51e1b379fc5b6410c') in 0.014258 seconds 
Number of asset objects unloaded after import = 12
========================================================================
Received Import Request.
  Time since last request: 0.000026 seconds.
  path: Assets/PolygonPirates/Models/SM_Bld_Cuba_Room_07.fbx
  artifactKey: Guid(d092fa87a240dee4f87191185e02e007) Importer(815301076,1909f56bfc062723c751e8b465ee728b)
Number of updated assets reloaded before import = 0
Start importing Assets/PolygonPirates/Models/SM_Bld_Cuba_Room_07.fbx using Guid(d092fa87a240dee4f87191185e02e007) Importer(815301076,1909f56bfc062723c751e8b465ee728b)  -> (artifact id: '26d06de110bf0947d95e543f873aceb7') in 0.015042 seconds 
Number of asset objects unloaded after import = 7
========================================================================
Received Import Request.
  Time since last request: 0.000025 seconds.
  path: Assets/PolygonPirates/Prefabs/Buildings/SM_Bld_Cuba_Room_Short_01.prefab
  artifactKey: Guid(7d2f95b51864cb34490b6b6fd4391ead) Importer(815301076,1909f56bfc062723c751e8b465ee728b)
Number of updated assets reloaded before import = 0
Start importing Assets/PolygonPirates/Prefabs/Buildings/SM_Bld_Cuba_Room_Short_01.prefab using Guid(7d2f95b51864cb34490b6b6fd4391ead) Importer(815301076,1909f56bfc062723c751e8b465ee728b)  -> (artifact id: 'e4d6e3cd02ec2d9f56d6150c055cc707') in 0.012031 seconds 
Number of asset objects unloaded after import = 12
========================================================================
Received Import Request.
  Time since last request: 0.000031 seconds.
  path: Assets/PolygonPirates/Prefabs/Buildings/SM_Bld_Cuba_Room_Long_05.prefab
  artifactKey: Guid(74e2774195e6ca54daf6f19e8679c214) Importer(815301076,1909f56bfc062723c751e8b465ee728b)
Number of updated assets reloaded before import = 0
Start importing Assets/PolygonPirates/Prefabs/Buildings/SM_Bld_Cuba_Room_Long_05.prefab using Guid(74e2774195e6ca54daf6f19e8679c214) Importer(815301076,1909f56bfc062723c751e8b465ee728b)  -> (artifact id: '50f356b56338039963c30010b531e9ac') in 0.014346 seconds 
Number of asset objects unloaded after import = 12
========================================================================
Received Import Request.
  Time since last request: 0.000020 seconds.
  path: Assets/PolygonPirates/Prefabs/Buildings/SM_Bld_Cuba_Room_Long_02.prefab
  artifactKey: Guid(c685eec9c845a914f87adb082e8691fc) Importer(815301076,1909f56bfc062723c751e8b465ee728b)
Number of updated assets reloaded before import = 0
Start importing Assets/PolygonPirates/Prefabs/Buildings/SM_Bld_Cuba_Room_Long_02.prefab using Guid(c685eec9c845a914f87adb082e8691fc) Importer(815301076,1909f56bfc062723c751e8b465ee728b)  -> (artifact id: '067a73d7d4107add05f9b2e6f3c4d145') in 0.012981 seconds 
Number of asset objects unloaded after import = 12
========================================================================
Received Import Request.
  Time since last request: 0.000028 seconds.
  path: Assets/PolygonPirates/Models/SM_Bld_Cuba_Room_Long_05.fbx
  artifactKey: Guid(c4ab0868c64addf41be41162d082de71) Importer(815301076,1909f56bfc062723c751e8b465ee728b)
Number of updated assets reloaded before import = 0
Start importing Assets/PolygonPirates/Models/SM_Bld_Cuba_Room_Long_05.fbx using Guid(c4ab0868c64addf41be41162d082de71) Importer(815301076,1909f56bfc062723c751e8b465ee728b)  -> (artifact id: '8256936639c8210664498a8c9b7b2ba9') in 0.012297 seconds 
Number of asset objects unloaded after import = 7
========================================================================
Received Import Request.
  Time since last request: 0.000032 seconds.
  path: Assets/PolygonPirates/Prefabs/Buildings/SM_Bld_Cuba_Room_05.prefab
  artifactKey: Guid(8412e3084585e764e9878608854b182d) Importer(815301076,1909f56bfc062723c751e8b465ee728b)
Number of updated assets reloaded before import = 0
Start importing Assets/PolygonPirates/Prefabs/Buildings/SM_Bld_Cuba_Room_05.prefab using Guid(8412e3084585e764e9878608854b182d) Importer(815301076,1909f56bfc062723c751e8b465ee728b)  -> (artifact id: '994d1e81d4f8da0b4ec459801df334c1') in 0.011282 seconds 
Number of asset objects unloaded after import = 12
========================================================================
Received Import Request.
  Time since last request: 12.752042 seconds.
  path: Assets/PolygonPirates/Models/CollisionCustom/SM_Bld_Cuba_Sunshade_02_Collision.fbx
  artifactKey: Guid(76eedf5614afe4f4197720c0cdc0c945) Importer(815301076,1909f56bfc062723c751e8b465ee728b)
Number of updated assets reloaded before import = 0
Start importing Assets/PolygonPirates/Models/CollisionCustom/SM_Bld_Cuba_Sunshade_02_Collision.fbx using Guid(76eedf5614afe4f4197720c0cdc0c945) Importer(815301076,1909f56bfc062723c751e8b465ee728b)  -> (artifact id: 'fb69b04549e732abac2505903ea1bbf6') in 0.084158 seconds 
Number of asset objects unloaded after import = 7
========================================================================
Received Import Request.
  Time since last request: 0.000022 seconds.
  path: Assets/PolygonPirates/Models/SM_Bld_Dock_02.fbx
  artifactKey: Guid(c87978042f5546841a7361c26abe92ac) Importer(815301076,1909f56bfc062723c751e8b465ee728b)
Number of updated assets reloaded before import = 0
Start importing Assets/PolygonPirates/Models/SM_Bld_Dock_02.fbx using Guid(c87978042f5546841a7361c26abe92ac) Importer(815301076,1909f56bfc062723c751e8b465ee728b)  -> (artifact id: 'bdd84ba89b3829ba4c44c40edc2e2226') in 0.207245 seconds 
Number of asset objects unloaded after import = 7
========================================================================
Received Import Request.
  Time since last request: 0.000042 seconds.
  path: Assets/PolygonPirates/Prefabs/Buildings/SM_Bld_Cuba_VineWall_01.prefab
  artifactKey: Guid(c5a4cba2f629b1543aa4b39dd5c4a506) Importer(815301076,1909f56bfc062723c751e8b465ee728b)
Number of updated assets reloaded before import = 0
Start importing Assets/PolygonPirates/Prefabs/Buildings/SM_Bld_Cuba_VineWall_01.prefab using Guid(c5a4cba2f629b1543aa4b39dd5c4a506) Importer(815301076,1909f56bfc062723c751e8b465ee728b)  -> (artifact id: '84b1399f992eb7dedc5c626d14c02ab8') in 0.017593 seconds 
Number of asset objects unloaded after import = 12
========================================================================
Received Import Request.
  Time since last request: 0.000029 seconds.
  path: Assets/PolygonPirates/Models/SM_Bld_Dock_01.fbx
  artifactKey: Guid(c9587423f362ab548ac9b1a239bd2389) Importer(815301076,1909f56bfc062723c751e8b465ee728b)
Number of updated assets reloaded before import = 0
Start importing Assets/PolygonPirates/Models/SM_Bld_Dock_01.fbx using Guid(c9587423f362ab548ac9b1a239bd2389) Importer(815301076,1909f56bfc062723c751e8b465ee728b)  -> (artifact id: 'e1f69722da22d6849475eb1c9f349d00') in 0.012661 seconds 
Number of asset objects unloaded after import = 7
========================================================================
Received Import Request.
  Time since last request: 0.072572 seconds.
  path: Assets/PolygonPirates/Models/SM_Bld_Dock_Bridge_01.fbx
  artifactKey: Guid(21607e1fc27a9fa4db7abb59dbaf7374) Importer(815301076,1909f56bfc062723c751e8b465ee728b)
Number of updated assets reloaded before import = 0
Start importing Assets/PolygonPirates/Models/SM_Bld_Dock_Bridge_01.fbx using Guid(21607e1fc27a9fa4db7abb59dbaf7374) Importer(815301076,1909f56bfc062723c751e8b465ee728b)  -> (artifact id: '3e8a2d6e346f28b1e342b435446a4aea') in 0.012847 seconds 
Number of asset objects unloaded after import = 7
========================================================================
Received Import Request.
  Time since last request: 0.000023 seconds.
  path: Assets/PolygonPirates/Prefabs/Buildings/SM_Bld_Dock_Stairs_01.prefab
  artifactKey: Guid(c3fa0933550fdd74f9320818b48a8276) Importer(815301076,1909f56bfc062723c751e8b465ee728b)
Number of updated assets reloaded before import = 0
Start importing Assets/PolygonPirates/Prefabs/Buildings/SM_Bld_Dock_Stairs_01.prefab using Guid(c3fa0933550fdd74f9320818b48a8276) Importer(815301076,1909f56bfc062723c751e8b465ee728b)  -> (artifact id: 'a8fc7cf6bd7aa43cc946393de4de21be') in 0.013410 seconds 
Number of asset objects unloaded after import = 12
========================================================================
Received Import Request.
  Time since last request: 0.023207 seconds.
  path: Assets/PolygonWestern/Models/Colliders/SM_Bld_Double_Balcony_Stairs_01_Collision.fbx
  artifactKey: Guid(d337e161b5a411c42aea9008d77785d2) Importer(815301076,1909f56bfc062723c751e8b465ee728b)
Number of updated assets reloaded before import = 0
Start importing Assets/PolygonWestern/Models/Colliders/SM_Bld_Double_Balcony_Stairs_01_Collision.fbx using Guid(d337e161b5a411c42aea9008d77785d2) Importer(815301076,1909f56bfc062723c751e8b465ee728b)  -> (artifact id: 'b868c4890fdae3855c6782aafb988d73') in 0.012909 seconds 
Number of asset objects unloaded after import = 7
========================================================================
Received Import Request.
  Time since last request: 0.000016 seconds.
  path: Assets/PolygonWestern/Models/Colliders/SM_Bld_Double_Deck_02_Collision.fbx
  artifactKey: Guid(15dd89d18c1fa71489d18a0ac801ef36) Importer(815301076,1909f56bfc062723c751e8b465ee728b)
Number of updated assets reloaded before import = 0
Start importing Assets/PolygonWestern/Models/Colliders/SM_Bld_Double_Deck_02_Collision.fbx using Guid(15dd89d18c1fa71489d18a0ac801ef36) Importer(815301076,1909f56bfc062723c751e8b465ee728b)  -> (artifact id: '213bcd60cbbf4eebd47b56f965369d5b') in 0.014270 seconds 
Number of asset objects unloaded after import = 7
========================================================================
Received Import Request.
  Time since last request: 0.645531 seconds.
  path: Assets/PolygonWestern/Models/SM_Bld_Double_Deck_04.fbx
  artifactKey: Guid(0e16efa18a4b0184ea0d0e691c02a175) Importer(815301076,1909f56bfc062723c751e8b465ee728b)
Number of updated assets reloaded before import = 0
Start importing Assets/PolygonWestern/Models/SM_Bld_Double_Deck_04.fbx using Guid(0e16efa18a4b0184ea0d0e691c02a175) Importer(815301076,1909f56bfc062723c751e8b465ee728b)  -> (artifact id: 'e5b615298654b861893ac3a3c21d87df') in 0.021732 seconds 
Number of asset objects unloaded after import = 7
========================================================================
Received Import Request.
  Time since last request: 0.000018 seconds.
  path: Assets/PolygonWestern/Models/SM_Bld_Double_DeckCover_01.fbx
  artifactKey: Guid(f1336e5675b86324b91e84c8307ba2ec) Importer(815301076,1909f56bfc062723c751e8b465ee728b)
Number of updated assets reloaded before import = 0
Start importing Assets/PolygonWestern/Models/SM_Bld_Double_DeckCover_01.fbx using Guid(f1336e5675b86324b91e84c8307ba2ec) Importer(815301076,1909f56bfc062723c751e8b465ee728b)  -> (artifact id: 'fc95779a400cbd4649df6c7f56f00b2c') in 0.016168 seconds 
Number of asset objects unloaded after import = 7
========================================================================
Received Import Request.
  Time since last request: 0.000078 seconds.
  path: Assets/PolygonWestern/Models/SM_Bld_Double_DeckCover_02.fbx
  artifactKey: Guid(07e59c9a5c57460418a991b28a67e3fb) Importer(815301076,1909f56bfc062723c751e8b465ee728b)
Number of updated assets reloaded before import = 0
Start importing Assets/PolygonWestern/Models/SM_Bld_Double_DeckCover_02.fbx using Guid(07e59c9a5c57460418a991b28a67e3fb) Importer(815301076,1909f56bfc062723c751e8b465ee728b)  -> (artifact id: 'b8c353eccd7c802b3db73b41f9b4db35') in 0.013749 seconds 
Number of asset objects unloaded after import = 7
========================================================================
Received Import Request.
  Time since last request: 0.447991 seconds.
  path: Assets/PolygonWestern/Models/SM_Bld_Double_Facade_03.fbx
  artifactKey: Guid(bf1ccd165b12b38478fe6c88b40da682) Importer(815301076,1909f56bfc062723c751e8b465ee728b)
Number of updated assets reloaded before import = 0
Start importing Assets/PolygonWestern/Models/SM_Bld_Double_Facade_03.fbx using Guid(bf1ccd165b12b38478fe6c88b40da682) Importer(815301076,1909f56bfc062723c751e8b465ee728b)  -> (artifact id: '4959fd2d20eaa42795dc6005efa269a8') in 0.015038 seconds 
Number of asset objects unloaded after import = 7
========================================================================
Received Import Request.
  Time since last request: 0.000026 seconds.
  path: Assets/PolygonWestern/Models/SM_Bld_Double_Facade_05.fbx
  artifactKey: Guid(747b812901ef4b14da80e5140260f1c6) Importer(815301076,1909f56bfc062723c751e8b465ee728b)
Number of updated assets reloaded before import = 0
Start importing Assets/PolygonWestern/Models/SM_Bld_Double_Facade_05.fbx using Guid(747b812901ef4b14da80e5140260f1c6) Importer(815301076,1909f56bfc062723c751e8b465ee728b)  -> (artifact id: 'd879343d3b9519a78cb1b21c6e60cd3d') in 0.013944 seconds 
Number of asset objects unloaded after import = 7
========================================================================
Received Import Request.
  Time since last request: 0.401242 seconds.
  path: Assets/PolygonWestern/Models/SM_Bld_Double_Roof_02.fbx
  artifactKey: Guid(dff1738503200f042a965b2182e675ae) Importer(815301076,1909f56bfc062723c751e8b465ee728b)
Number of updated assets reloaded before import = 0
Start importing Assets/PolygonWestern/Models/SM_Bld_Double_Roof_02.fbx using Guid(dff1738503200f042a965b2182e675ae) Importer(815301076,1909f56bfc062723c751e8b465ee728b)  -> (artifact id: 'cf6344962f0f73fdbcb7efff45c0eda5') in 0.014982 seconds 
Number of asset objects unloaded after import = 7
========================================================================
Received Import Request.
  Time since last request: 0.000015 seconds.
  path: Assets/PolygonWestern/Models/SM_Bld_Fence_01.fbx
  artifactKey: Guid(75f85f28f2bc1a049a8ce042ca4c634e) Importer(815301076,1909f56bfc062723c751e8b465ee728b)
Number of updated assets reloaded before import = 0
Start importing Assets/PolygonWestern/Models/SM_Bld_Fence_01.fbx using Guid(75f85f28f2bc1a049a8ce042ca4c634e) Importer(815301076,1909f56bfc062723c751e8b465ee728b)  -> (artifact id: 'a6871b19aaffec2301b61d718b9b7229') in 0.022748 seconds 
Number of asset objects unloaded after import = 7
========================================================================
Received Import Request.
  Time since last request: 0.000017 seconds.
  path: Assets/PolygonWestern/Models/Colliders/SM_Bld_Double_Roof_02_Collision.fbx
  artifactKey: Guid(a507ec8a72abea145a9a8213351f8673) Importer(815301076,1909f56bfc062723c751e8b465ee728b)
Number of updated assets reloaded before import = 0
Start importing Assets/PolygonWestern/Models/Colliders/SM_Bld_Double_Roof_02_Collision.fbx using Guid(a507ec8a72abea145a9a8213351f8673) Importer(815301076,1909f56bfc062723c751e8b465ee728b)  -> (artifact id: '4077da7e19aba926e1183c7686501069') in 0.016219 seconds 
Number of asset objects unloaded after import = 7
========================================================================
Received Import Request.
  Time since last request: 0.299935 seconds.
  path: Assets/PolygonPirates/Models/SM_Bld_Fort_Base_02.fbx
  artifactKey: Guid(f28fb850ee9933e47a044b9d0cc16f82) Importer(815301076,1909f56bfc062723c751e8b465ee728b)
Number of updated assets reloaded before import = 0
Start importing Assets/PolygonPirates/Models/SM_Bld_Fort_Base_02.fbx using Guid(f28fb850ee9933e47a044b9d0cc16f82) Importer(815301076,1909f56bfc062723c751e8b465ee728b)  -> (artifact id: '565bc842c2917e65f11abbf36ca180d9') in 0.019849 seconds 
Number of asset objects unloaded after import = 7
========================================================================
Received Import Request.
  Time since last request: 0.000015 seconds.
  path: Assets/PolygonPirates/Models/SM_Bld_Fort_Door_02.fbx
  artifactKey: Guid(bd1fa0cb2f122a44eae9d3799afde599) Importer(815301076,1909f56bfc062723c751e8b465ee728b)
Number of updated assets reloaded before import = 0
Start importing Assets/PolygonPirates/Models/SM_Bld_Fort_Door_02.fbx using Guid(bd1fa0cb2f122a44eae9d3799afde599) Importer(815301076,1909f56bfc062723c751e8b465ee728b)  -> (artifact id: '4b27ecd5d2cbe6b140b22b13cf4c018e') in 0.016792 seconds 
Number of asset objects unloaded after import = 7
========================================================================
Received Import Request.
  Time since last request: 0.018252 seconds.
  path: Assets/PolygonPirates/Models/SM_Bld_Fort_Door_04.fbx
  artifactKey: Guid(d42b95983fad0834cb778a3fa8f1b20d) Importer(815301076,1909f56bfc062723c751e8b465ee728b)
Number of updated assets reloaded before import = 0
Start importing Assets/PolygonPirates/Models/SM_Bld_Fort_Door_04.fbx using Guid(d42b95983fad0834cb778a3fa8f1b20d) Importer(815301076,1909f56bfc062723c751e8b465ee728b)  -> (artifact id: '4a32d01bbb2bfaffa5f2a40195327846') in 0.018201 seconds 
Number of asset objects unloaded after import = 7
========================================================================
Received Import Request.
  Time since last request: 0.000021 seconds.
  path: Assets/PolygonPirates/Models/SM_Bld_Fort_Room_03.fbx
  artifactKey: Guid(aa065643699d8f34295ff5d71426e8a2) Importer(815301076,1909f56bfc062723c751e8b465ee728b)
Number of updated assets reloaded before import = 0
Start importing Assets/PolygonPirates/Models/SM_Bld_Fort_Room_03.fbx using Guid(aa065643699d8f34295ff5d71426e8a2) Importer(815301076,1909f56bfc062723c751e8b465ee728b)  -> (artifact id: '601b24e8be0441d948fa7f4600b5d4ad') in 0.016049 seconds 
Number of asset objects unloaded after import = 7
========================================================================
Received Import Request.
  Time since last request: 0.000018 seconds.
  path: Assets/PolygonPirates/Prefabs/Buildings/SM_Bld_Fort_Tower_Room_01.prefab
  artifactKey: Guid(7cdf12889363f9d4a85110bbeabbff28) Importer(815301076,1909f56bfc062723c751e8b465ee728b)
Number of updated assets reloaded before import = 0
Start importing Assets/PolygonPirates/Prefabs/Buildings/SM_Bld_Fort_Tower_Room_01.prefab using Guid(7cdf12889363f9d4a85110bbeabbff28) Importer(815301076,1909f56bfc062723c751e8b465ee728b)  -> (artifact id: '2b925eabf6dfb87b46784c0667c64150') in 0.011375 seconds 
Number of asset objects unloaded after import = 11
========================================================================
Received Import Request.
  Time since last request: 0.000018 seconds.
  path: Assets/PolygonPirates/Prefabs/Buildings/SM_Bld_Fort_Stairs_01.prefab
  artifactKey: Guid(e046c93de4271d8479a58e3debc24458) Importer(815301076,1909f56bfc062723c751e8b465ee728b)
Number of updated assets reloaded before import = 0
Start importing Assets/PolygonPirates/Prefabs/Buildings/SM_Bld_Fort_Stairs_01.prefab using Guid(e046c93de4271d8479a58e3debc24458) Importer(815301076,1909f56bfc062723c751e8b465ee728b)  -> (artifact id: '5c089248283843f0feb3e403d60740cb') in 0.013202 seconds 
Number of asset objects unloaded after import = 12
========================================================================
Received Import Request.
  Time since last request: 0.000028 seconds.
  path: Assets/PolygonPirates/Prefabs/Buildings/SM_Bld_Fort_Tower_01.prefab
  artifactKey: Guid(a27a8cc8a2d58fc4fb0a1b4d56a7ac62) Importer(815301076,1909f56bfc062723c751e8b465ee728b)
Number of updated assets reloaded before import = 0
Start importing Assets/PolygonPirates/Prefabs/Buildings/SM_Bld_Fort_Tower_01.prefab using Guid(a27a8cc8a2d58fc4fb0a1b4d56a7ac62) Importer(815301076,1909f56bfc062723c751e8b465ee728b)  -> (artifact id: '1e02af3b2e029728713c9ac41ecac296') in 0.012640 seconds 
Number of asset objects unloaded after import = 11
========================================================================
Received Import Request.
  Time since last request: 0.336540 seconds.
  path: Assets/PolygonPirates/Models/SM_Bld_Fort_Wall_02.fbx
  artifactKey: Guid(f6e45fab12059224baa1ad7b358d57bd) Importer(815301076,1909f56bfc062723c751e8b465ee728b)
Number of updated assets reloaded before import = 0
Start importing Assets/PolygonPirates/Models/SM_Bld_Fort_Wall_02.fbx using Guid(f6e45fab12059224baa1ad7b358d57bd) Importer(815301076,1909f56bfc062723c751e8b465ee728b)  -> (artifact id: '64b94d62944732de8c35c683574d95bb') in 0.023875 seconds 
Number of asset objects unloaded after import = 7
========================================================================
Received Import Request.
  Time since last request: 0.000036 seconds.
  path: Assets/PolygonPirates/Models/SM_Bld_Mansion_Corner_01.fbx
  artifactKey: Guid(ddc22d95e8ffc4e409645a2aea0abaa2) Importer(815301076,1909f56bfc062723c751e8b465ee728b)
Number of updated assets reloaded before import = 0
Start importing Assets/PolygonPirates/Models/SM_Bld_Mansion_Corner_01.fbx using Guid(ddc22d95e8ffc4e409645a2aea0abaa2) Importer(815301076,1909f56bfc062723c751e8b465ee728b)  -> (artifact id: '2c4c07b41d236e062dc1cc1a15c8ed26') in 0.022503 seconds 
Number of asset objects unloaded after import = 7
========================================================================
Received Import Request.
  Time since last request: 0.000036 seconds.
  path: Assets/PolygonPirates/Prefabs/Buildings/SM_Bld_Fort_Wall_02.prefab
  artifactKey: Guid(c10e5ffecac64c7449e35eb0c82578eb) Importer(815301076,1909f56bfc062723c751e8b465ee728b)
Number of updated assets reloaded before import = 0
Start importing Assets/PolygonPirates/Prefabs/Buildings/SM_Bld_Fort_Wall_02.prefab using Guid(c10e5ffecac64c7449e35eb0c82578eb) Importer(815301076,1909f56bfc062723c751e8b465ee728b)  -> (artifact id: 'bbc57b36c8696887601a04b8b2f0b150') in 0.012864 seconds 
Number of asset objects unloaded after import = 11
========================================================================
Received Import Request.
  Time since last request: 0.523977 seconds.
  path: Assets/PolygonPirates/Models/SM_Bld_Mansion_Corner_02.fbx
  artifactKey: Guid(2a02012f39779dc4ea173e8b7d1d0c7d) Importer(815301076,1909f56bfc062723c751e8b465ee728b)
Number of updated assets reloaded before import = 0
Start importing Assets/PolygonPirates/Models/SM_Bld_Mansion_Corner_02.fbx using Guid(2a02012f39779dc4ea173e8b7d1d0c7d) Importer(815301076,1909f56bfc062723c751e8b465ee728b)  -> (artifact id: '473ea9ba8272d50b48d9386ff7837681') in 0.012054 seconds 
Number of asset objects unloaded after import = 7
========================================================================
Received Import Request.
  Time since last request: 0.000014 seconds.
  path: Assets/PolygonPirates/Models/SM_Bld_Mansion_End_01.fbx
  artifactKey: Guid(604930dc84f50c94eb05d264b2dff3d0) Importer(815301076,1909f56bfc062723c751e8b465ee728b)
Number of updated assets reloaded before import = 0
Start importing Assets/PolygonPirates/Models/SM_Bld_Mansion_End_01.fbx using Guid(604930dc84f50c94eb05d264b2dff3d0) Importer(815301076,1909f56bfc062723c751e8b465ee728b)  -> (artifact id: 'dc0e5b8dc0ecfc5e2efc18867ee2b8e7') in 0.016640 seconds 
Number of asset objects unloaded after import = 7
========================================================================
Received Import Request.
  Time since last request: 0.000022 seconds.
  path: Assets/PolygonPirates/Models/SM_Bld_Mansion_Door_01.fbx
  artifactKey: Guid(e659a6fad706a104caee18b79a4c0af2) Importer(815301076,1909f56bfc062723c751e8b465ee728b)
Number of updated assets reloaded before import = 0
Start importing Assets/PolygonPirates/Models/SM_Bld_Mansion_Door_01.fbx using Guid(e659a6fad706a104caee18b79a4c0af2) Importer(815301076,1909f56bfc062723c751e8b465ee728b)  -> (artifact id: 'ee9ba8fd4ea338e6c02fc16d014690d5') in 0.018506 seconds 
Number of asset objects unloaded after import = 7
========================================================================
Received Import Request.
  Time since last request: 0.000031 seconds.
  path: Assets/PolygonPirates/Models/SM_Bld_Mansion_Middle_01.fbx
  artifactKey: Guid(e7012c6589b3c1644a9912d9a8febf14) Importer(815301076,1909f56bfc062723c751e8b465ee728b)
Number of updated assets reloaded before import = 0
Start importing Assets/PolygonPirates/Models/SM_Bld_Mansion_Middle_01.fbx using Guid(e7012c6589b3c1644a9912d9a8febf14) Importer(815301076,1909f56bfc062723c751e8b465ee728b)  -> (artifact id: 'bd876f67eec692e0bac83cc694165e71') in 0.014289 seconds 
Number of asset objects unloaded after import = 7
========================================================================
Received Import Request.
  Time since last request: 0.000024 seconds.
  path: Assets/PolygonPirates/Prefabs/Buildings/SM_Bld_Mansion_Door_01.prefab
  artifactKey: Guid(3eae05d8510a64944a2d334150e04325) Importer(815301076,1909f56bfc062723c751e8b465ee728b)
Number of updated assets reloaded before import = 0
Start importing Assets/PolygonPirates/Prefabs/Buildings/SM_Bld_Mansion_Door_01.prefab using Guid(3eae05d8510a64944a2d334150e04325) Importer(815301076,1909f56bfc062723c751e8b465ee728b)  -> (artifact id: '69d07fd4d836973a8392687575a7470b') in 0.011860 seconds 
Number of asset objects unloaded after import = 12
========================================================================
Received Import Request.
  Time since last request: 0.294264 seconds.
  path: Assets/PolygonPirates/Models/SM_Bld_Mansion_Pole_02.fbx
  artifactKey: Guid(5f582d16e7e2cac47a57c366eaa3726c) Importer(815301076,1909f56bfc062723c751e8b465ee728b)
Number of updated assets reloaded before import = 0
Start importing Assets/PolygonPirates/Models/SM_Bld_Mansion_Pole_02.fbx using Guid(5f582d16e7e2cac47a57c366eaa3726c) Importer(815301076,1909f56bfc062723c751e8b465ee728b)  -> (artifact id: '8d41f7ffc514666b3d1be6849125b50d') in 0.011262 seconds 
Number of asset objects unloaded after import = 7
========================================================================
Received Import Request.
  Time since last request: 0.000021 seconds.
  path: Assets/PolygonPirates/Prefabs/Buildings/SM_Bld_Mansion_Roof_Middle_01.prefab
  artifactKey: Guid(37ee9b4b95e1c6040a0327f07545a62f) Importer(815301076,1909f56bfc062723c751e8b465ee728b)
Number of updated assets reloaded before import = 0
Start importing Assets/PolygonPirates/Prefabs/Buildings/SM_Bld_Mansion_Roof_Middle_01.prefab using Guid(37ee9b4b95e1c6040a0327f07545a62f) Importer(815301076,1909f56bfc062723c751e8b465ee728b)  -> (artifact id: '5290817b0c1999898d73113f21c8a614') in 0.011504 seconds 
Number of asset objects unloaded after import = 12
========================================================================
Received Import Request.
  Time since last request: 0.000022 seconds.
  path: Assets/PolygonPirates/Models/SM_Bld_Mansion_Roof_End_Flat_01.fbx
  artifactKey: Guid(4349a7287f122c64d814928c624315b9) Importer(815301076,1909f56bfc062723c751e8b465ee728b)
Number of updated assets reloaded before import = 0
Start importing Assets/PolygonPirates/Models/SM_Bld_Mansion_Roof_End_Flat_01.fbx using Guid(4349a7287f122c64d814928c624315b9) Importer(815301076,1909f56bfc062723c751e8b465ee728b)  -> (artifact id: '39e7c7e1da52664ad7e2235becd63109') in 0.016669 seconds 
Number of asset objects unloaded after import = 7
========================================================================
Received Import Request.
  Time since last request: 0.000017 seconds.
  path: Assets/PolygonPirates/Prefabs/Buildings/SM_Bld_Mansion_Roof_End_Flat_01.prefab
  artifactKey: Guid(142b97f874f0ab64c8a2499a2520666d) Importer(815301076,1909f56bfc062723c751e8b465ee728b)
Number of updated assets reloaded before import = 0
Start importing Assets/PolygonPirates/Prefabs/Buildings/SM_Bld_Mansion_Roof_End_Flat_01.prefab using Guid(142b97f874f0ab64c8a2499a2520666d) Importer(815301076,1909f56bfc062723c751e8b465ee728b)  -> (artifact id: '204756521a27eaaa1ec73ff8ec7ed408') in 0.012640 seconds 
Number of asset objects unloaded after import = 12
========================================================================
Received Import Request.
  Time since last request: 0.000024 seconds.
  path: Assets/PolygonPirates/Prefabs/Buildings/SM_Bld_Mansion_Tower_01.prefab
  artifactKey: Guid(c973e4fa41dd2394cba85c1ece6cc9cf) Importer(815301076,1909f56bfc062723c751e8b465ee728b)
Number of updated assets reloaded before import = 0
Start importing Assets/PolygonPirates/Prefabs/Buildings/SM_Bld_Mansion_Tower_01.prefab using Guid(c973e4fa41dd2394cba85c1ece6cc9cf) Importer(815301076,1909f56bfc062723c751e8b465ee728b)  -> (artifact id: 'e2724df6ba2bcf2926342440917494b2') in 0.013650 seconds 
Number of asset objects unloaded after import = 12
========================================================================
Received Import Request.
  Time since last request: 0.427672 seconds.
  path: Assets/PolygonPirates/Models/SM_Bld_Mansion_Window_01.fbx
  artifactKey: Guid(6573a2e3489c47b45809b90c79b4c784) Importer(815301076,1909f56bfc062723c751e8b465ee728b)
Number of updated assets reloaded before import = 0
Start importing Assets/PolygonPirates/Models/SM_Bld_Mansion_Window_01.fbx using Guid(6573a2e3489c47b45809b90c79b4c784) Importer(815301076,1909f56bfc062723c751e8b465ee728b)  -> (artifact id: 'a88ad7356b9a48c392ac4e1175b80bcf') in 0.017445 seconds 
Number of asset objects unloaded after import = 7
========================================================================
Received Import Request.
  Time since last request: 0.000026 seconds.
  path: Assets/PolygonPirates/Models/CollisionCustom/SM_Bld_Rickety_Dock_02_Collision.fbx
  artifactKey: Guid(3fe446be5f83d694e92b1da2a6b4934b) Importer(815301076,1909f56bfc062723c751e8b465ee728b)
Number of updated assets reloaded before import = 0
Start importing Assets/PolygonPirates/Models/CollisionCustom/SM_Bld_Rickety_Dock_02_Collision.fbx using Guid(3fe446be5f83d694e92b1da2a6b4934b) Importer(815301076,1909f56bfc062723c751e8b465ee728b)  -> (artifact id: '0791c8bc6c0f4ad97b04f4c432c7c574') in 0.014163 seconds 
Number of asset objects unloaded after import = 7
========================================================================
Received Import Request.
  Time since last request: 0.000017 seconds.
  path: Assets/PolygonPirates/Models/SM_Bld_Rickety_Dock_03.fbx
  artifactKey: Guid(7643234fba3eb194aaae46b05a9bae27) Importer(815301076,1909f56bfc062723c751e8b465ee728b)
Number of updated assets reloaded before import = 0
Start importing Assets/PolygonPirates/Models/SM_Bld_Rickety_Dock_03.fbx using Guid(7643234fba3eb194aaae46b05a9bae27) Importer(815301076,1909f56bfc062723c751e8b465ee728b)  -> (artifact id: '742824cdb536067a4ab63ea53495fb92') in 0.010294 seconds 
Number of asset objects unloaded after import = 7
========================================================================
Received Import Request.
  Time since last request: 0.000017 seconds.
  path: Assets/PolygonPirates/Models/CollisionCustom/SM_Bld_Rickety_Dock_01_Collision.fbx
  artifactKey: Guid(e7e55da109c796f4b98184f507d2e4f0) Importer(815301076,1909f56bfc062723c751e8b465ee728b)
Number of updated assets reloaded before import = 0
Start importing Assets/PolygonPirates/Models/CollisionCustom/SM_Bld_Rickety_Dock_01_Collision.fbx using Guid(e7e55da109c796f4b98184f507d2e4f0) Importer(815301076,1909f56bfc062723c751e8b465ee728b)  -> (artifact id: '3be45618ed0f61c199c63a09198ff99d') in 0.009652 seconds 
Number of asset objects unloaded after import = 7
========================================================================
Received Import Request.
  Time since last request: 0.166257 seconds.
  path: Assets/PolygonPirates/Models/SM_Bld_Rickety_Dock_Platform_02.fbx
  artifactKey: Guid(364d123304340994b8b50760844bb9f5) Importer(815301076,1909f56bfc062723c751e8b465ee728b)
Number of updated assets reloaded before import = 0
Start importing Assets/PolygonPirates/Models/SM_Bld_Rickety_Dock_Platform_02.fbx using Guid(364d123304340994b8b50760844bb9f5) Importer(815301076,1909f56bfc062723c751e8b465ee728b)  -> (artifact id: 'c20944df48f8bdc34588e62d83df032e') in 0.016003 seconds 
Number of asset objects unloaded after import = 7
========================================================================
Received Import Request.
  Time since last request: 0.000032 seconds.
  path: Assets/PolygonPirates/Prefabs/Buildings/SM_Bld_Rickety_Dock_Stairs_02.prefab
  artifactKey: Guid(ab3836ea38115e74087a7ba11a8704e7) Importer(815301076,1909f56bfc062723c751e8b465ee728b)
Number of updated assets reloaded before import = 0
Start importing Assets/PolygonPirates/Prefabs/Buildings/SM_Bld_Rickety_Dock_Stairs_02.prefab using Guid(ab3836ea38115e74087a7ba11a8704e7) Importer(815301076,1909f56bfc062723c751e8b465ee728b)  -> (artifact id: 'd185ed014f12aa23e7fa34644680cfce') in 0.032854 seconds 
Number of asset objects unloaded after import = 12
========================================================================
Received Import Request.
  Time since last request: 0.000029 seconds.
  path: Assets/PolygonPirates/Models/CollisionCustom/SM_Bld_Rickety_Dock_Platform_02_Collision.fbx
  artifactKey: Guid(eddc399e69c589a42a09f40e2f25cc34) Importer(815301076,1909f56bfc062723c751e8b465ee728b)
Number of updated assets reloaded before import = 0
Start importing Assets/PolygonPirates/Models/CollisionCustom/SM_Bld_Rickety_Dock_Platform_02_Collision.fbx using Guid(eddc399e69c589a42a09f40e2f25cc34) Importer(815301076,1909f56bfc062723c751e8b465ee728b)  -> (artifact id: 'a0875c9c061d40f3eae6138900b483eb') in 0.016120 seconds 
Number of asset objects unloaded after import = 7
========================================================================
Received Import Request.
  Time since last request: 0.000045 seconds.
  path: Assets/PolygonPirates/Prefabs/Buildings/SM_Bld_Rickety_Dock_Stairs_01.prefab
  artifactKey: Guid(06e50368fb5e4d048bfd83c15418a41f) Importer(815301076,1909f56bfc062723c751e8b465ee728b)
Number of updated assets reloaded before import = 0
Start importing Assets/PolygonPirates/Prefabs/Buildings/SM_Bld_Rickety_Dock_Stairs_01.prefab using Guid(06e50368fb5e4d048bfd83c15418a41f) Importer(815301076,1909f56bfc062723c751e8b465ee728b)  -> (artifact id: '04a3fb06373030d9c26a04d206b2e2aa') in 0.015346 seconds 
Number of asset objects unloaded after import = 12
========================================================================
Received Import Request.
  Time since last request: 0.000024 seconds.
  path: Assets/PolygonPirates/Models/CollisionCustom/SM_Bld_Rickety_Tower_03_Collision.fbx
  artifactKey: Guid(c9ed4ea1b71543c4e86a703bc5b3de15) Importer(815301076,1909f56bfc062723c751e8b465ee728b)
Number of updated assets reloaded before import = 0
Start importing Assets/PolygonPirates/Models/CollisionCustom/SM_Bld_Rickety_Tower_03_Collision.fbx using Guid(c9ed4ea1b71543c4e86a703bc5b3de15) Importer(815301076,1909f56bfc062723c751e8b465ee728b)  -> (artifact id: 'd0fea82526ba137ae843e19a528c2e3f') in 0.021315 seconds 
Number of asset objects unloaded after import = 7
========================================================================
Received Import Request.
  Time since last request: 0.000036 seconds.
  path: Assets/PolygonPirates/Prefabs/Buildings/SM_Bld_Rickety_Dock_Stairs_Curved_01.prefab
  artifactKey: Guid(6a5d8007640b9c54882d28cef24b33ff) Importer(815301076,1909f56bfc062723c751e8b465ee728b)
Number of updated assets reloaded before import = 0
Start importing Assets/PolygonPirates/Prefabs/Buildings/SM_Bld_Rickety_Dock_Stairs_Curved_01.prefab using Guid(6a5d8007640b9c54882d28cef24b33ff) Importer(815301076,1909f56bfc062723c751e8b465ee728b)  -> (artifact id: 'c88c5594208e1c477fd7fd78987a227f') in 0.014519 seconds 
Number of asset objects unloaded after import = 12
========================================================================
Received Import Request.
  Time since last request: 0.000052 seconds.
  path: Assets/PolygonPirates/Models/SM_Bld_Rickety_Tower_03.fbx
  artifactKey: Guid(a0c47bdd9a5a5984fbe804c19be40407) Importer(815301076,1909f56bfc062723c751e8b465ee728b)
Number of updated assets reloaded before import = 0
Start importing Assets/PolygonPirates/Models/SM_Bld_Rickety_Tower_03.fbx using Guid(a0c47bdd9a5a5984fbe804c19be40407) Importer(815301076,1909f56bfc062723c751e8b465ee728b)  -> (artifact id: 'b78ca7ae5e3307231f28bd227c7188c2') in 0.025108 seconds 
Number of asset objects unloaded after import = 7
========================================================================
Received Import Request.
  Time since last request: 0.044800 seconds.
  path: Assets/PolygonPirates/Prefabs/Buildings/SM_Bld_Shanty_Base_01.prefab
  artifactKey: Guid(1a285c3836520484da8e28d5af0ef06d) Importer(815301076,1909f56bfc062723c751e8b465ee728b)
Number of updated assets reloaded before import = 0
Start importing Assets/PolygonPirates/Prefabs/Buildings/SM_Bld_Shanty_Base_01.prefab using Guid(1a285c3836520484da8e28d5af0ef06d) Importer(815301076,1909f56bfc062723c751e8b465ee728b)  -> (artifact id: '0834f0314328b9754f44fdb53db7ac4b') in 0.018639 seconds 
Number of asset objects unloaded after import = 12
========================================================================
Received Import Request.
  Time since last request: 0.000019 seconds.
  path: Assets/PolygonPirates/Prefabs/Buildings/SM_Bld_Shanty_Preset_01.prefab
  artifactKey: Guid(b3973fc6d839e1648bf8e4af0578e64c) Importer(815301076,1909f56bfc062723c751e8b465ee728b)
Number of updated assets reloaded before import = 0
Start importing Assets/PolygonPirates/Prefabs/Buildings/SM_Bld_Shanty_Preset_01.prefab using Guid(b3973fc6d839e1648bf8e4af0578e64c) Importer(815301076,1909f56bfc062723c751e8b465ee728b)  -> (artifact id: 'fe16f4da9b09c75444d6b27a7dd716a0') in 0.015345 seconds 
Number of asset objects unloaded after import = 12
========================================================================
Received Import Request.
  Time since last request: 0.000022 seconds.
  path: Assets/PolygonPirates/Models/SM_Bld_Shanty_Base_Stilts_01.fbx
  artifactKey: Guid(9aa4c1a7aca6a1b4396e52438646d3c3) Importer(815301076,1909f56bfc062723c751e8b465ee728b)
Number of updated assets reloaded before import = 0
Start importing Assets/PolygonPirates/Models/SM_Bld_Shanty_Base_Stilts_01.fbx using Guid(9aa4c1a7aca6a1b4396e52438646d3c3) Importer(815301076,1909f56bfc062723c751e8b465ee728b)  -> (artifact id: '698deb8f73e51ee7804d426895634e98') in 0.019964 seconds 
Number of asset objects unloaded after import = 7
========================================================================
Received Import Request.
  Time since last request: 0.000018 seconds.
  path: Assets/PolygonPirates/Prefabs/Buildings/SM_Bld_Shanty_Base_02.prefab
  artifactKey: Guid(d56b75cb9f30ac34087c383dcbfe5a87) Importer(815301076,1909f56bfc062723c751e8b465ee728b)
Number of updated assets reloaded before import = 0
Start importing Assets/PolygonPirates/Prefabs/Buildings/SM_Bld_Shanty_Base_02.prefab using Guid(d56b75cb9f30ac34087c383dcbfe5a87) Importer(815301076,1909f56bfc062723c751e8b465ee728b)  -> (artifact id: 'b1b3a7c952901a592e1593fddcaf598c') in 0.012490 seconds 
Number of asset objects unloaded after import = 12
========================================================================
Received Import Request.
  Time since last request: 0.000023 seconds.
  path: Assets/PolygonPirates/Models/SM_Bld_Shanty_Base_02.fbx
  artifactKey: Guid(3433418b47a403b44a9d661a79a1614d) Importer(815301076,1909f56bfc062723c751e8b465ee728b)
Number of updated assets reloaded before import = 0
Start importing Assets/PolygonPirates/Models/SM_Bld_Shanty_Base_02.fbx using Guid(3433418b47a403b44a9d661a79a1614d) Importer(815301076,1909f56bfc062723c751e8b465ee728b)  -> (artifact id: 'fedd0d5d48e997f70d97354b014d3980') in 0.013832 seconds 
Number of asset objects unloaded after import = 7
========================================================================
Received Import Request.
  Time since last request: 0.000035 seconds.
  path: Assets/PolygonPirates/Prefabs/Buildings/SM_Bld_Shanty_Deck_01.prefab
  artifactKey: Guid(578f9d3214d5d44418cc636e3cabe5fa) Importer(815301076,1909f56bfc062723c751e8b465ee728b)
Number of updated assets reloaded before import = 0
Start importing Assets/PolygonPirates/Prefabs/Buildings/SM_Bld_Shanty_Deck_01.prefab using Guid(578f9d3214d5d44418cc636e3cabe5fa) Importer(815301076,1909f56bfc062723c751e8b465ee728b)  -> (artifact id: '601dd490df13a965a229870ab6bbc7f3') in 0.017928 seconds 
Number of asset objects unloaded after import = 24
========================================================================
Received Import Request.
  Time since last request: 0.596677 seconds.
  path: Assets/PolygonPirates/Prefabs/Buildings/SM_Bld_Shanty_Preset_02.prefab
  artifactKey: Guid(0f2c24d6d5629e348b89418d85ed89ca) Importer(815301076,1909f56bfc062723c751e8b465ee728b)
Number of updated assets reloaded before import = 0
Start importing Assets/PolygonPirates/Prefabs/Buildings/SM_Bld_Shanty_Preset_02.prefab using Guid(0f2c24d6d5629e348b89418d85ed89ca) Importer(815301076,1909f56bfc062723c751e8b465ee728b)  -> (artifact id: '73db992fc1f512c6fb6871577d95659d') in 0.011494 seconds 
Number of asset objects unloaded after import = 12
========================================================================
Received Import Request.
  Time since last request: 0.000020 seconds.
  path: Assets/PolygonPirates/Prefabs/Buildings/SM_Bld_Shanty_Preset_05.prefab
  artifactKey: Guid(0318fb409a8e3c44a88b5f08f00a1fcb) Importer(815301076,1909f56bfc062723c751e8b465ee728b)
Number of updated assets reloaded before import = 0
Start importing Assets/PolygonPirates/Prefabs/Buildings/SM_Bld_Shanty_Preset_05.prefab using Guid(0318fb409a8e3c44a88b5f08f00a1fcb) Importer(815301076,1909f56bfc062723c751e8b465ee728b)  -> (artifact id: '18cd3b4a058fc6bbb50a6e1b710bed01') in 0.019440 seconds 
Number of asset objects unloaded after import = 12
========================================================================
Received Import Request.
  Time since last request: 0.000024 seconds.
  path: Assets/PolygonPirates/Prefabs/Buildings/SM_Bld_Shanty_Preset_04.prefab
  artifactKey: Guid(0e7de606c4f8f4043af20d610c589c69) Importer(815301076,1909f56bfc062723c751e8b465ee728b)
Number of updated assets reloaded before import = 0
Start importing Assets/PolygonPirates/Prefabs/Buildings/SM_Bld_Shanty_Preset_04.prefab using Guid(0e7de606c4f8f4043af20d610c589c69) Importer(815301076,1909f56bfc062723c751e8b465ee728b)  -> (artifact id: 'd7e84ef5bbc2bd24f64a41422df75250') in 0.015736 seconds 
Number of asset objects unloaded after import = 12
========================================================================
Received Import Request.
  Time since last request: 0.000026 seconds.
  path: Assets/PolygonPirates/Models/SM_Bld_Shanty_Preset_05.fbx
  artifactKey: Guid(d2c07928a3ac8cd48a2be3e6579eb617) Importer(815301076,1909f56bfc062723c751e8b465ee728b)
Number of updated assets reloaded before import = 0
Start importing Assets/PolygonPirates/Models/SM_Bld_Shanty_Preset_05.fbx using Guid(d2c07928a3ac8cd48a2be3e6579eb617) Importer(815301076,1909f56bfc062723c751e8b465ee728b)  -> (artifact id: 'b63e1d1bf07b5638d48e404ceb5c7d62') in 0.014258 seconds 
Number of asset objects unloaded after import = 7
========================================================================
Received Import Request.
  Time since last request: 0.000020 seconds.
  path: Assets/PolygonPirates/Models/CollisionCustom/SM_Bld_Shanty_Preset_05_Collision.fbx
  artifactKey: Guid(07e3bbe18afbc0c47b8c5c1ca00c7d4c) Importer(815301076,1909f56bfc062723c751e8b465ee728b)
Number of updated assets reloaded before import = 0
Start importing Assets/PolygonPirates/Models/CollisionCustom/SM_Bld_Shanty_Preset_05_Collision.fbx using Guid(07e3bbe18afbc0c47b8c5c1ca00c7d4c) Importer(815301076,1909f56bfc062723c751e8b465ee728b)  -> (artifact id: 'e8bed0fe109f938981b4153ed33a631c') in 0.013925 seconds 
Number of asset objects unloaded after import = 7
========================================================================
Received Import Request.
  Time since last request: 0.000029 seconds.
  path: Assets/PolygonPirates/Prefabs/Buildings/SM_Bld_Shanty_Preset_06.prefab
  artifactKey: Guid(fece7ebecc6caad448be7fe592de95cc) Importer(815301076,1909f56bfc062723c751e8b465ee728b)
Number of updated assets reloaded before import = 0
Start importing Assets/PolygonPirates/Prefabs/Buildings/SM_Bld_Shanty_Preset_06.prefab using Guid(fece7ebecc6caad448be7fe592de95cc) Importer(815301076,1909f56bfc062723c751e8b465ee728b)  -> (artifact id: '12ad275ae0590be4ef4b5b02501feed1') in 0.013880 seconds 
Number of asset objects unloaded after import = 12
========================================================================
Received Import Request.
  Time since last request: 0.003518 seconds.
  path: Assets/PolygonPirates/Models/CollisionCustom/SM_Bld_Shanty_Preset_07_Collision.fbx
  artifactKey: Guid(5783ee3778d62e04389ca4d373ed5393) Importer(815301076,1909f56bfc062723c751e8b465ee728b)
Number of updated assets reloaded before import = 0
Start importing Assets/PolygonPirates/Models/CollisionCustom/SM_Bld_Shanty_Preset_07_Collision.fbx using Guid(5783ee3778d62e04389ca4d373ed5393) Importer(815301076,1909f56bfc062723c751e8b465ee728b)  -> (artifact id: 'a0e629ca05a6ae801ec6cd14749a4d2a') in 0.014931 seconds 
Number of asset objects unloaded after import = 7
========================================================================
Received Import Request.
  Time since last request: 0.000018 seconds.
  path: Assets/PolygonPirates/Models/SM_Bld_Shanty_Room_01.fbx
  artifactKey: Guid(2a3e42eaf7d5d7c448abcea92348e549) Importer(815301076,1909f56bfc062723c751e8b465ee728b)
Number of updated assets reloaded before import = 0
Start importing Assets/PolygonPirates/Models/SM_Bld_Shanty_Room_01.fbx using Guid(2a3e42eaf7d5d7c448abcea92348e549) Importer(815301076,1909f56bfc062723c751e8b465ee728b)  -> (artifact id: 'ef4209e05e4f35bf3d9df8ecc128036d') in 0.012671 seconds 
Number of asset objects unloaded after import = 7
========================================================================
Received Import Request.
  Time since last request: 0.000026 seconds.
  path: Assets/PolygonPirates/Models/SM_Bld_Shanty_Preset_Bar_01.fbx
  artifactKey: Guid(b45f14f435512114b9de49cb4a3e8394) Importer(815301076,1909f56bfc062723c751e8b465ee728b)
Number of updated assets reloaded before import = 0
Start importing Assets/PolygonPirates/Models/SM_Bld_Shanty_Preset_Bar_01.fbx using Guid(b45f14f435512114b9de49cb4a3e8394) Importer(815301076,1909f56bfc062723c751e8b465ee728b)  -> (artifact id: '200e2459be02d9fa8e32ca92dfb8993a') in 0.012653 seconds 
Number of asset objects unloaded after import = 7
========================================================================
Received Import Request.
  Time since last request: 0.000022 seconds.
  path: Assets/PolygonPirates/Prefabs/Buildings/SM_Bld_Shanty_Preset_Bar_01.prefab
  artifactKey: Guid(aac9c1a836afea640963b9afeffd9f6f) Importer(815301076,1909f56bfc062723c751e8b465ee728b)
Number of updated assets reloaded before import = 0
Start importing Assets/PolygonPirates/Prefabs/Buildings/SM_Bld_Shanty_Preset_Bar_01.prefab using Guid(aac9c1a836afea640963b9afeffd9f6f) Importer(815301076,1909f56bfc062723c751e8b465ee728b)  -> (artifact id: '153ba34e4e8e6fe3ce6b38878b4ba22f') in 0.013278 seconds 
Number of asset objects unloaded after import = 12
========================================================================
Received Import Request.
  Time since last request: 0.000021 seconds.
  path: Assets/PolygonPirates/Models/SM_Bld_Shanty_Roof_03.fbx
  artifactKey: Guid(46367ae07da59d34182d37b377542bd3) Importer(815301076,1909f56bfc062723c751e8b465ee728b)
Number of updated assets reloaded before import = 0
Start importing Assets/PolygonPirates/Models/SM_Bld_Shanty_Roof_03.fbx using Guid(46367ae07da59d34182d37b377542bd3) Importer(815301076,1909f56bfc062723c751e8b465ee728b)  -> (artifact id: '9390f77c13e36edd91df821dc8755425') in 0.012441 seconds 
Number of asset objects unloaded after import = 7
========================================================================
Received Import Request.
  Time since last request: 0.312191 seconds.
  path: Assets/PolygonPirates/Prefabs/Buildings/SM_Bld_Shanty_Room_02.prefab
  artifactKey: Guid(e218c8e7d39d672439782b6b7c91b92f) Importer(815301076,1909f56bfc062723c751e8b465ee728b)
Number of updated assets reloaded before import = 0
Start importing Assets/PolygonPirates/Prefabs/Buildings/SM_Bld_Shanty_Room_02.prefab using Guid(e218c8e7d39d672439782b6b7c91b92f) Importer(815301076,1909f56bfc062723c751e8b465ee728b)  -> (artifact id: 'edc0e1a49b0c77ec4e927b5694e60926') in 0.013055 seconds 
Number of asset objects unloaded after import = 12
========================================================================
Received Import Request.
  Time since last request: 0.000021 seconds.
  path: Assets/PolygonPirates/Prefabs/Buildings/SM_Bld_Shanty_SideAttachment_02.prefab
  artifactKey: Guid(55deae894dcf8e340ba7cc54cddf5ab5) Importer(815301076,1909f56bfc062723c751e8b465ee728b)
Number of updated assets reloaded before import = 0
Start importing Assets/PolygonPirates/Prefabs/Buildings/SM_Bld_Shanty_SideAttachment_02.prefab using Guid(55deae894dcf8e340ba7cc54cddf5ab5) Importer(815301076,1909f56bfc062723c751e8b465ee728b)  -> (artifact id: '3e62c0526bb989c4fe28b0a308b30c3b') in 0.013234 seconds 
Number of asset objects unloaded after import = 12
========================================================================
Received Import Request.
  Time since last request: 0.000029 seconds.
  path: Assets/PolygonPirates/Prefabs/Buildings/SM_Bld_Shanty_Room_03.prefab
  artifactKey: Guid(a0073d2350e0ff6449d409b863f9de2c) Importer(815301076,1909f56bfc062723c751e8b465ee728b)
Number of updated assets reloaded before import = 0
Start importing Assets/PolygonPirates/Prefabs/Buildings/SM_Bld_Shanty_Room_03.prefab using Guid(a0073d2350e0ff6449d409b863f9de2c) Importer(815301076,1909f56bfc062723c751e8b465ee728b)  -> (artifact id: '85c5b1aa98c89a725c78f712dc11c070') in 0.014326 seconds 
Number of asset objects unloaded after import = 12
========================================================================
Received Import Request.
  Time since last request: 0.000029 seconds.
  path: Assets/PolygonPirates/Models/SM_Bld_Shanty_SideAttachment_01.fbx
  artifactKey: Guid(1ea410b5145b1bf459d212e5bbedceb7) Importer(815301076,1909f56bfc062723c751e8b465ee728b)
Number of updated assets reloaded before import = 0
Start importing Assets/PolygonPirates/Models/SM_Bld_Shanty_SideAttachment_01.fbx using Guid(1ea410b5145b1bf459d212e5bbedceb7) Importer(815301076,1909f56bfc062723c751e8b465ee728b)  -> (artifact id: '78e8dfed86674de9695ae5f1171e5b4a') in 0.016513 seconds 
Number of asset objects unloaded after import = 7
========================================================================
Received Import Request.
  Time since last request: 0.000021 seconds.
  path: Assets/PolygonPirates/Models/SM_Bld_Shanty_SideAttachment_04.fbx
  artifactKey: Guid(dfbf95bbdc5143e43b326838118a98bb) Importer(815301076,1909f56bfc062723c751e8b465ee728b)
Number of updated assets reloaded before import = 0
Start importing Assets/PolygonPirates/Models/SM_Bld_Shanty_SideAttachment_04.fbx using Guid(dfbf95bbdc5143e43b326838118a98bb) Importer(815301076,1909f56bfc062723c751e8b465ee728b)  -> (artifact id: '74c499c39ab0ed15795d800c041e1bbc') in 0.015216 seconds 
Number of asset objects unloaded after import = 7
========================================================================
Received Import Request.
  Time since last request: 0.167948 seconds.
  path: Assets/PolygonPirates/Models/SM_Bld_Shop_01.fbx
  artifactKey: Guid(815a2bb8b0d12a240bec80e5ec6c2328) Importer(815301076,1909f56bfc062723c751e8b465ee728b)
Number of updated assets reloaded before import = 0
Start importing Assets/PolygonPirates/Models/SM_Bld_Shop_01.fbx using Guid(815a2bb8b0d12a240bec80e5ec6c2328) Importer(815301076,1909f56bfc062723c751e8b465ee728b)  -> (artifact id: '0daa9560f32deea903c32261cc47ef39') in 0.017396 seconds 
Number of asset objects unloaded after import = 7
========================================================================
Received Import Request.
  Time since last request: 0.000020 seconds.
  path: Assets/PolygonPirates/Models/SM_Bld_Shop_02.fbx
  artifactKey: Guid(7af5ff5895152c549a7e0f441eb9abf1) Importer(815301076,1909f56bfc062723c751e8b465ee728b)
Number of updated assets reloaded before import = 0
Start importing Assets/PolygonPirates/Models/SM_Bld_Shop_02.fbx using Guid(7af5ff5895152c549a7e0f441eb9abf1) Importer(815301076,1909f56bfc062723c751e8b465ee728b)  -> (artifact id: '839901e0789272ab692e7ce4c8d965c9') in 0.012958 seconds 
Number of asset objects unloaded after import = 7
========================================================================
Received Import Request.
  Time since last request: 0.000022 seconds.
  path: Assets/PolygonPirates/Prefabs/Buildings/SM_Bld_Shop_03.prefab
  artifactKey: Guid(1a00cbdd4b8c3c8479ea20b990149e99) Importer(815301076,1909f56bfc062723c751e8b465ee728b)
Number of updated assets reloaded before import = 0
Start importing Assets/PolygonPirates/Prefabs/Buildings/SM_Bld_Shop_03.prefab using Guid(1a00cbdd4b8c3c8479ea20b990149e99) Importer(815301076,1909f56bfc062723c751e8b465ee728b)  -> (artifact id: '8fbc5f7ad84d062a5b69c413a5e50562') in 0.014062 seconds 
Number of asset objects unloaded after import = 12
========================================================================
Received Import Request.
  Time since last request: 0.000029 seconds.
  path: Assets/PolygonPirates/Prefabs/Buildings/SM_Bld_Shop_02.prefab
  artifactKey: Guid(078c02eb1da343241a68cd6f86dec914) Importer(815301076,1909f56bfc062723c751e8b465ee728b)
Number of updated assets reloaded before import = 0
Start importing Assets/PolygonPirates/Prefabs/Buildings/SM_Bld_Shop_02.prefab using Guid(078c02eb1da343241a68cd6f86dec914) Importer(815301076,1909f56bfc062723c751e8b465ee728b)  -> (artifact id: 'fdf04f8ea3bd55fa373030869de04ff1') in 0.016451 seconds 
Number of asset objects unloaded after import = 12
========================================================================
Received Import Request.
  Time since last request: 0.000065 seconds.
  path: Assets/PolygonWestern/Models/SM_Bld_Sign_01.fbx
  artifactKey: Guid(4d1bb3c1a8b8cca45b03c89a43367dd0) Importer(815301076,1909f56bfc062723c751e8b465ee728b)
Number of updated assets reloaded before import = 0
Start importing Assets/PolygonWestern/Models/SM_Bld_Sign_01.fbx using Guid(4d1bb3c1a8b8cca45b03c89a43367dd0) Importer(815301076,1909f56bfc062723c751e8b465ee728b)  -> (artifact id: 'a9e1741c26cad45dea58e0fc731fe450') in 0.017105 seconds 
Number of asset objects unloaded after import = 7
========================================================================
Received Import Request.
  Time since last request: 0.000022 seconds.
  path: Assets/PolygonWestern/Models/SM_Bld_Sign_10.fbx
  artifactKey: Guid(db410bca5752577469d1853bbd46996b) Importer(815301076,1909f56bfc062723c751e8b465ee728b)
Number of updated assets reloaded before import = 0
Start importing Assets/PolygonWestern/Models/SM_Bld_Sign_10.fbx using Guid(db410bca5752577469d1853bbd46996b) Importer(815301076,1909f56bfc062723c751e8b465ee728b)  -> (artifact id: '0cc1525187e4b977e24b8f4d994c9ea8') in 0.012689 seconds 
Number of asset objects unloaded after import = 7
========================================================================
Received Import Request.
  Time since last request: 0.000032 seconds.
  path: Assets/PolygonWestern/Models/SM_Bld_Sign_06.fbx
  artifactKey: Guid(2d701906905f1fc46b2e4f73bbbb9ef6) Importer(815301076,1909f56bfc062723c751e8b465ee728b)
Number of updated assets reloaded before import = 0
Start importing Assets/PolygonWestern/Models/SM_Bld_Sign_06.fbx using Guid(2d701906905f1fc46b2e4f73bbbb9ef6) Importer(815301076,1909f56bfc062723c751e8b465ee728b)  -> (artifact id: '11b8a435afadff3219a6d4310dca4a73') in 0.011697 seconds 
Number of asset objects unloaded after import = 7
========================================================================
Received Import Request.
  Time since last request: 0.000018 seconds.
  path: Assets/PolygonWestern/Models/SM_Bld_Sign_05.fbx
  artifactKey: Guid(29fa4d940c6f05447a7283f08d45694e) Importer(815301076,1909f56bfc062723c751e8b465ee728b)
Number of updated assets reloaded before import = 0
Start importing Assets/PolygonWestern/Models/SM_Bld_Sign_05.fbx using Guid(29fa4d940c6f05447a7283f08d45694e) Importer(815301076,1909f56bfc062723c751e8b465ee728b)  -> (artifact id: '84316dd4f6d9b758458f6974b04c5bac') in 0.010349 seconds 
Number of asset objects unloaded after import = 7
========================================================================
Received Import Request.
  Time since last request: 0.262601 seconds.
  path: Assets/PolygonWestern/Models/SM_Bld_Sign_14.fbx
  artifactKey: Guid(00bd327b249921c479801922f8dcab32) Importer(815301076,1909f56bfc062723c751e8b465ee728b)
Number of updated assets reloaded before import = 0
Start importing Assets/PolygonWestern/Models/SM_Bld_Sign_14.fbx using Guid(00bd327b249921c479801922f8dcab32) Importer(815301076,1909f56bfc062723c751e8b465ee728b)  -> (artifact id: 'ffd5fd388d77638bc1102299c3a31a91') in 0.019387 seconds 
Number of asset objects unloaded after import = 7
========================================================================
Received Import Request.
  Time since last request: 0.000015 seconds.
  path: Assets/PolygonWestern/Models/SM_Bld_Sign_19.fbx
  artifactKey: Guid(0b3f9b6fdd59c974f901389ad03312ec) Importer(815301076,1909f56bfc062723c751e8b465ee728b)
Number of updated assets reloaded before import = 0
Start importing Assets/PolygonWestern/Models/SM_Bld_Sign_19.fbx using Guid(0b3f9b6fdd59c974f901389ad03312ec) Importer(815301076,1909f56bfc062723c751e8b465ee728b)  -> (artifact id: 'a1dc244792c00eb4d180c9202bddef88') in 0.011579 seconds 
Number of asset objects unloaded after import = 7
========================================================================
Received Import Request.
  Time since last request: 0.044020 seconds.
  path: Assets/PolygonWestern/Models/SM_Bld_Single_Balcony_02.fbx
  artifactKey: Guid(e0cd0326d95addc4891bbfcee2f46914) Importer(815301076,1909f56bfc062723c751e8b465ee728b)
Number of updated assets reloaded before import = 0
Start importing Assets/PolygonWestern/Models/SM_Bld_Single_Balcony_02.fbx using Guid(e0cd0326d95addc4891bbfcee2f46914) Importer(815301076,1909f56bfc062723c751e8b465ee728b)  -> (artifact id: 'c9603b5f703bdcac38325652e0b65777') in 0.013659 seconds 
Number of asset objects unloaded after import = 7
========================================================================
Received Import Request.
  Time since last request: 0.341760 seconds.
  path: Assets/PolygonWestern/Models/Colliders/SM_Bld_Single_Deck_02_Collision.fbx
  artifactKey: Guid(63b9e7b64a10d604dac7d2b76ee70479) Importer(815301076,1909f56bfc062723c751e8b465ee728b)
Number of updated assets reloaded before import = 0
Start importing Assets/PolygonWestern/Models/Colliders/SM_Bld_Single_Deck_02_Collision.fbx using Guid(63b9e7b64a10d604dac7d2b76ee70479) Importer(815301076,1909f56bfc062723c751e8b465ee728b)  -> (artifact id: '992cfc11dc4cbd3d474b3b6eac7dd966') in 0.013458 seconds 
Number of asset objects unloaded after import = 7
========================================================================
Received Import Request.
  Time since last request: 0.000016 seconds.
  path: Assets/PolygonWestern/Models/Colliders/SM_Bld_Single_Deck_04_Collision.fbx
  artifactKey: Guid(9975c34d8a8e81a4cb0fc651ef170b03) Importer(815301076,1909f56bfc062723c751e8b465ee728b)
Number of updated assets reloaded before import = 0
Start importing Assets/PolygonWestern/Models/Colliders/SM_Bld_Single_Deck_04_Collision.fbx using Guid(9975c34d8a8e81a4cb0fc651ef170b03) Importer(815301076,1909f56bfc062723c751e8b465ee728b)  -> (artifact id: 'f16cc28d3636efb4673abcb77a620250') in 0.012268 seconds 
Number of asset objects unloaded after import = 7
========================================================================
Received Import Request.
  Time since last request: 0.094098 seconds.
  path: Assets/PolygonWestern/Models/SM_Bld_Single_Facade_01.fbx
  artifactKey: Guid(5378c733a0321e441b456c5d7de4c5c5) Importer(815301076,1909f56bfc062723c751e8b465ee728b)
Number of updated assets reloaded before import = 0
Start importing Assets/PolygonWestern/Models/SM_Bld_Single_Facade_01.fbx using Guid(5378c733a0321e441b456c5d7de4c5c5) Importer(815301076,1909f56bfc062723c751e8b465ee728b)  -> (artifact id: '7eaecd3064b95530292ed2437a72d0de') in 0.012419 seconds 
Number of asset objects unloaded after import = 7
========================================================================
Received Import Request.
  Time since last request: 0.000016 seconds.
  path: Assets/PolygonWestern/Models/SM_Bld_Single_Facade_04.fbx
  artifactKey: Guid(f9d7c567e8e73764995cc4f4df56bc57) Importer(815301076,1909f56bfc062723c751e8b465ee728b)
Number of updated assets reloaded before import = 0
Start importing Assets/PolygonWestern/Models/SM_Bld_Single_Facade_04.fbx using Guid(f9d7c567e8e73764995cc4f4df56bc57) Importer(815301076,1909f56bfc062723c751e8b465ee728b)  -> (artifact id: '952a33636e28e58d7a02ccf0276b1300') in 0.011581 seconds 
Number of asset objects unloaded after import = 7
========================================================================
Received Import Request.
  Time since last request: 0.000018 seconds.
  path: Assets/PolygonWestern/Models/SM_Bld_Single_Facade_02.fbx
  artifactKey: Guid(5098a57ed9d381e48aaebe93d5a542e8) Importer(815301076,1909f56bfc062723c751e8b465ee728b)
Number of updated assets reloaded before import = 0
Start importing Assets/PolygonWestern/Models/SM_Bld_Single_Facade_02.fbx using Guid(5098a57ed9d381e48aaebe93d5a542e8) Importer(815301076,1909f56bfc062723c751e8b465ee728b)  -> (artifact id: 'e1b1462a1825c50eeef357fd82f9c047') in 0.011808 seconds 
Number of asset objects unloaded after import = 7
========================================================================
Received Import Request.
  Time since last request: 0.931498 seconds.
  path: Assets/PolygonWestern/Models/SM_Bld_Single_Front_02.fbx
  artifactKey: Guid(30d7ce72ebe404c43be72759b81f411e) Importer(815301076,1909f56bfc062723c751e8b465ee728b)
Number of updated assets reloaded before import = 0
Start importing Assets/PolygonWestern/Models/SM_Bld_Single_Front_02.fbx using Guid(30d7ce72ebe404c43be72759b81f411e) Importer(815301076,1909f56bfc062723c751e8b465ee728b)  -> (artifact id: 'f91a727d95f82585c686092b33457d70') in 0.032699 seconds 
Number of asset objects unloaded after import = 22
========================================================================
Received Import Request.
  Time since last request: 0.310282 seconds.
  path: Assets/PolygonWestern/Models/SM_Bld_Single_Roof_02.fbx
  artifactKey: Guid(c76b78d8af9487741b44da1a4b7a8aa2) Importer(815301076,1909f56bfc062723c751e8b465ee728b)
Number of updated assets reloaded before import = 0
Start importing Assets/PolygonWestern/Models/SM_Bld_Single_Roof_02.fbx using Guid(c76b78d8af9487741b44da1a4b7a8aa2) Importer(815301076,1909f56bfc062723c751e8b465ee728b)  -> (artifact id: 'bacc075abe8a1a2717c8e3e98b69043e') in 0.015257 seconds 
Number of asset objects unloaded after import = 7
========================================================================
Received Import Request.
  Time since last request: 0.000022 seconds.
  path: Assets/PolygonWestern/Models/Colliders/SM_Bld_Stairs_02_Collision.fbx
  artifactKey: Guid(5cff10f6b459ed5409c32f574562cbba) Importer(815301076,1909f56bfc062723c751e8b465ee728b)
Number of updated assets reloaded before import = 0
Start importing Assets/PolygonWestern/Models/Colliders/SM_Bld_Stairs_02_Collision.fbx using Guid(5cff10f6b459ed5409c32f574562cbba) Importer(815301076,1909f56bfc062723c751e8b465ee728b)  -> (artifact id: '6eab54f1e78d09d62f935d1ae101f49d') in 0.014240 seconds 
Number of asset objects unloaded after import = 7
========================================================================
Received Import Request.
  Time since last request: 0.000028 seconds.
  path: Assets/PolygonWestern/Models/Colliders/SM_Bld_Single_Roof_02_Collision.fbx
  artifactKey: Guid(c0ab0b4796c7922498af25b61c1289ab) Importer(815301076,1909f56bfc062723c751e8b465ee728b)
Number of updated assets reloaded before import = 0
Start importing Assets/PolygonWestern/Models/Colliders/SM_Bld_Single_Roof_02_Collision.fbx using Guid(c0ab0b4796c7922498af25b61c1289ab) Importer(815301076,1909f56bfc062723c751e8b465ee728b)  -> (artifact id: '95ced99436499968570aa817fe2f07d4') in 0.011903 seconds 
Number of asset objects unloaded after import = 7
========================================================================
Received Import Request.
  Time since last request: 0.000025 seconds.
  path: Assets/PolygonWestern/Models/SM_Bld_Stairs_03.fbx
  artifactKey: Guid(f398b52e36bd0ed4393722b7afde0fc5) Importer(815301076,1909f56bfc062723c751e8b465ee728b)
Number of updated assets reloaded before import = 0
Start importing Assets/PolygonWestern/Models/SM_Bld_Stairs_03.fbx using Guid(f398b52e36bd0ed4393722b7afde0fc5) Importer(815301076,1909f56bfc062723c751e8b465ee728b)  -> (artifact id: '63f90651dc3aa412497619db40404259') in 0.013045 seconds 
Number of asset objects unloaded after import = 7
========================================================================
Received Import Request.
  Time since last request: 0.002436 seconds.
  path: Assets/PolygonPirates/Prefabs/Buildings/SM_Bld_Stone_Wall_End_01.prefab
  artifactKey: Guid(285be6fdecb88b04fad7f0a2de638676) Importer(815301076,1909f56bfc062723c751e8b465ee728b)
Number of updated assets reloaded before import = 0
Start importing Assets/PolygonPirates/Prefabs/Buildings/SM_Bld_Stone_Wall_End_01.prefab using Guid(285be6fdecb88b04fad7f0a2de638676) Importer(815301076,1909f56bfc062723c751e8b465ee728b)  -> (artifact id: 'e81eb62e765389c22ffcb43cf710e493') in 0.012481 seconds 
Number of asset objects unloaded after import = 12
========================================================================
Received Import Request.
  Time since last request: 0.000022 seconds.
  path: Assets/PolygonPirates/Prefabs/Buildings/SM_Bld_Stone_Wall_Large_01.prefab
  artifactKey: Guid(5b24c4e9a73f5eb4cbebd5c5e610623f) Importer(815301076,1909f56bfc062723c751e8b465ee728b)
Number of updated assets reloaded before import = 0
Start importing Assets/PolygonPirates/Prefabs/Buildings/SM_Bld_Stone_Wall_Large_01.prefab using Guid(5b24c4e9a73f5eb4cbebd5c5e610623f) Importer(815301076,1909f56bfc062723c751e8b465ee728b)  -> (artifact id: 'a2a20311eabdf06ae53c201d036dc795') in 0.011014 seconds 
Number of asset objects unloaded after import = 12
========================================================================
Received Import Request.
  Time since last request: 0.000017 seconds.
  path: Assets/PolygonPirates/Prefabs/Buildings/SM_Bld_Stone_Wall_Large_End_01.prefab
  artifactKey: Guid(dcdcbd197d3e1de449ea973fe1066747) Importer(815301076,1909f56bfc062723c751e8b465ee728b)
Number of updated assets reloaded before import = 0
Start importing Assets/PolygonPirates/Prefabs/Buildings/SM_Bld_Stone_Wall_Large_End_01.prefab using Guid(dcdcbd197d3e1de449ea973fe1066747) Importer(815301076,1909f56bfc062723c751e8b465ee728b)  -> (artifact id: 'ee4be3526a2755871a28bae4556b0c1e') in 0.018424 seconds 
Number of asset objects unloaded after import = 12
========================================================================
Received Import Request.
  Time since last request: 0.000021 seconds.
  path: Assets/PolygonPirates/Models/SM_Bld_Tent_01.fbx
  artifactKey: Guid(f2db030f57939534ba229acab77fab52) Importer(815301076,1909f56bfc062723c751e8b465ee728b)
Number of updated assets reloaded before import = 0
Start importing Assets/PolygonPirates/Models/SM_Bld_Tent_01.fbx using Guid(f2db030f57939534ba229acab77fab52) Importer(815301076,1909f56bfc062723c751e8b465ee728b)  -> (artifact id: 'e4f2f9ccc6e272622eea657ea66fe0bf') in 0.012052 seconds 
Number of asset objects unloaded after import = 7
========================================================================
Received Import Request.
  Time since last request: 0.000017 seconds.
  path: Assets/PolygonPirates/Prefabs/Buildings/SM_Bld_Stone_Wall_End_Top_01.prefab
  artifactKey: Guid(b5676e92ebc6ae94083d103a7c4e901f) Importer(815301076,1909f56bfc062723c751e8b465ee728b)
Number of updated assets reloaded before import = 0
Start importing Assets/PolygonPirates/Prefabs/Buildings/SM_Bld_Stone_Wall_End_Top_01.prefab using Guid(b5676e92ebc6ae94083d103a7c4e901f) Importer(815301076,1909f56bfc062723c751e8b465ee728b)  -> (artifact id: '66e1ac8a07a2cac65ca8b3a455f038ec') in 0.012083 seconds 
Number of asset objects unloaded after import = 12
========================================================================
Received Import Request.
  Time since last request: 0.000023 seconds.
  path: Assets/PolygonPirates/Prefabs/Buildings/SM_Bld_Tent_01.prefab
  artifactKey: Guid(bbc32caadd62d064caa8e7d5e82f3641) Importer(815301076,1909f56bfc062723c751e8b465ee728b)
Number of updated assets reloaded before import = 0
Start importing Assets/PolygonPirates/Prefabs/Buildings/SM_Bld_Tent_01.prefab using Guid(bbc32caadd62d064caa8e7d5e82f3641) Importer(815301076,1909f56bfc062723c751e8b465ee728b)  -> (artifact id: '1ee383efa5786286a4181e9520545dfa') in 0.016882 seconds 
Number of asset objects unloaded after import = 12
========================================================================
Received Import Request.
  Time since last request: 0.192513 seconds.
  path: Assets/PolygonPirates/Prefabs/Buildings/SM_Bld_Tent_05.prefab
  artifactKey: Guid(013a73e4d44213c4f84dce5e97229f3f) Importer(815301076,1909f56bfc062723c751e8b465ee728b)
Number of updated assets reloaded before import = 0
Start importing Assets/PolygonPirates/Prefabs/Buildings/SM_Bld_Tent_05.prefab using Guid(013a73e4d44213c4f84dce5e97229f3f) Importer(815301076,1909f56bfc062723c751e8b465ee728b)  -> (artifact id: '2bd61ec6138e8e2b2ef8c5c42bf90755') in 0.013940 seconds 
Number of asset objects unloaded after import = 12
========================================================================
Received Import Request.
  Time since last request: 0.000020 seconds.
  path: Assets/PolygonPirates/Prefabs/Buildings/SM_Bld_Tent_Pole_01.prefab
  artifactKey: Guid(5b561d3b953736c4e9ee003b741e56c8) Importer(815301076,1909f56bfc062723c751e8b465ee728b)
Number of updated assets reloaded before import = 0
Start importing Assets/PolygonPirates/Prefabs/Buildings/SM_Bld_Tent_Pole_01.prefab using Guid(5b561d3b953736c4e9ee003b741e56c8) Importer(815301076,1909f56bfc062723c751e8b465ee728b)  -> (artifact id: '0d4b834612b57b03a6f9a838de4cac9f') in 0.013733 seconds 
Number of asset objects unloaded after import = 12
========================================================================
Received Import Request.
  Time since last request: 0.540496 seconds.
  path: Assets/PolygonPirates/Models/SM_Env_Background_Island_01.fbx
  artifactKey: Guid(ee448981391757a4cbcb959e765e087a) Importer(815301076,1909f56bfc062723c751e8b465ee728b)
Number of updated assets reloaded before import = 0
Start importing Assets/PolygonPirates/Models/SM_Env_Background_Island_01.fbx using Guid(ee448981391757a4cbcb959e765e087a) Importer(815301076,1909f56bfc062723c751e8b465ee728b)  -> (artifact id: '3c011e246275327c63e3edb930ce73da') in 0.015341 seconds 
Number of asset objects unloaded after import = 7
========================================================================
Received Import Request.
  Time since last request: 0.000016 seconds.
  path: Assets/PolygonPirates/Prefabs/Environments/SM_Env_Background_Island_04.prefab
  artifactKey: Guid(5d22557a6ae88c94f9463d673b84f441) Importer(815301076,1909f56bfc062723c751e8b465ee728b)
Number of updated assets reloaded before import = 0
Start importing Assets/PolygonPirates/Prefabs/Environments/SM_Env_Background_Island_04.prefab using Guid(5d22557a6ae88c94f9463d673b84f441) Importer(815301076,1909f56bfc062723c751e8b465ee728b)  -> (artifact id: '9aa95c02b9e11ef62c36ed562f1fde1b') in 0.009770 seconds 
Number of asset objects unloaded after import = 10
========================================================================
Received Import Request.
  Time since last request: 0.000021 seconds.
  path: Assets/PolygonPirates/Prefabs/Environments/SM_Env_Background_Island_06.prefab
  artifactKey: Guid(6a505f9867a94894793904a57f68d24e) Importer(815301076,1909f56bfc062723c751e8b465ee728b)
Number of updated assets reloaded before import = 0
Start importing Assets/PolygonPirates/Prefabs/Environments/SM_Env_Background_Island_06.prefab using Guid(6a505f9867a94894793904a57f68d24e) Importer(815301076,1909f56bfc062723c751e8b465ee728b)  -> (artifact id: '276b9dfec249b5e6f362ad873f5b496a') in 0.010407 seconds 
Number of asset objects unloaded after import = 10
========================================================================
Received Import Request.
  Time since last request: 0.000020 seconds.
  path: Assets/PolygonPirates/Models/SM_Env_Background_Island_04.fbx
  artifactKey: Guid(4fead467429ad9b4cbc0cd5c148f754d) Importer(815301076,1909f56bfc062723c751e8b465ee728b)
Number of updated assets reloaded before import = 0
Start importing Assets/PolygonPirates/Models/SM_Env_Background_Island_04.fbx using Guid(4fead467429ad9b4cbc0cd5c148f754d) Importer(815301076,1909f56bfc062723c751e8b465ee728b)  -> (artifact id: 'ad8dc7da4ea81da716e4c978de859137') in 0.012261 seconds 
Number of asset objects unloaded after import = 7
========================================================================
Received Import Request.
  Time since last request: 0.000024 seconds.
  path: Assets/PolygonPirates/Models/SM_Env_Background_Island_03.fbx
  artifactKey: Guid(1f184503d934e0b4d9001f9f2cb71fa6) Importer(815301076,1909f56bfc062723c751e8b465ee728b)
Number of updated assets reloaded before import = 0
Start importing Assets/PolygonPirates/Models/SM_Env_Background_Island_03.fbx using Guid(1f184503d934e0b4d9001f9f2cb71fa6) Importer(815301076,1909f56bfc062723c751e8b465ee728b)  -> (artifact id: '4adb21904ed27a908da286d3275eea9b') in 0.047819 seconds 
Number of asset objects unloaded after import = 7
========================================================================
Received Import Request.
  Time since last request: 0.236183 seconds.
  path: Assets/PolygonPirates/Prefabs/Environments/SM_Env_Beach_02.prefab
  artifactKey: Guid(aa20fb1f8fc0c534b9ece3c761be15f1) Importer(815301076,1909f56bfc062723c751e8b465ee728b)
Number of updated assets reloaded before import = 0
Start importing Assets/PolygonPirates/Prefabs/Environments/SM_Env_Beach_02.prefab using Guid(aa20fb1f8fc0c534b9ece3c761be15f1) Importer(815301076,1909f56bfc062723c751e8b465ee728b)  -> (artifact id: '3698622f7824bcc67dfe0f95d450ceaa') in 0.010701 seconds 
Number of asset objects unloaded after import = 11
========================================================================
Received Import Request.
  Time since last request: 0.000020 seconds.
  path: Assets/PolygonPirates/Prefabs/Environments/SM_Env_Beach_05.prefab
  artifactKey: Guid(1e0f5f02bf25ef14d8b4e1d9b148d9fd) Importer(815301076,1909f56bfc062723c751e8b465ee728b)
Number of updated assets reloaded before import = 0
Start importing Assets/PolygonPirates/Prefabs/Environments/SM_Env_Beach_05.prefab using Guid(1e0f5f02bf25ef14d8b4e1d9b148d9fd) Importer(815301076,1909f56bfc062723c751e8b465ee728b)  -> (artifact id: 'facc70686ae7ea015f14cdaeb268f387') in 0.010264 seconds 
Number of asset objects unloaded after import = 11
========================================================================
Received Import Request.
  Time since last request: 0.000016 seconds.
  path: Assets/PolygonPirates/Models/SM_Env_Beach_04.fbx
  artifactKey: Guid(28356e958cec7044489eff22a567b12e) Importer(815301076,1909f56bfc062723c751e8b465ee728b)
Number of updated assets reloaded before import = 0
Start importing Assets/PolygonPirates/Models/SM_Env_Beach_04.fbx using Guid(28356e958cec7044489eff22a567b12e) Importer(815301076,1909f56bfc062723c751e8b465ee728b)  -> (artifact id: '661fbb90d6028281f8eb1f28daf63b5f') in 0.013243 seconds 
Number of asset objects unloaded after import = 7
========================================================================
Received Import Request.
  Time since last request: 0.538768 seconds.
  path: Assets/PolygonPirates/Models/SM_Env_Beach_Pile_01.fbx
  artifactKey: Guid(91493f9eda62faf49b533b6e42000ea1) Importer(815301076,1909f56bfc062723c751e8b465ee728b)
Number of updated assets reloaded before import = 0
Start importing Assets/PolygonPirates/Models/SM_Env_Beach_Pile_01.fbx using Guid(91493f9eda62faf49b533b6e42000ea1) Importer(815301076,1909f56bfc062723c751e8b465ee728b)  -> (artifact id: 'adcabbff199b7bd3c55e2dd6bdce8118') in 0.017952 seconds 
Number of asset objects unloaded after import = 7
========================================================================
Received Import Request.
  Time since last request: 0.000022 seconds.
  path: Assets/PolygonPirates/Models/SM_Env_Bush_01.fbx
  artifactKey: Guid(ddd2bff53f4d176449c90f950f31ef2f) Importer(815301076,1909f56bfc062723c751e8b465ee728b)
Number of updated assets reloaded before import = 0
Start importing Assets/PolygonPirates/Models/SM_Env_Bush_01.fbx using Guid(ddd2bff53f4d176449c90f950f31ef2f) Importer(815301076,1909f56bfc062723c751e8b465ee728b)  -> (artifact id: '0dbb5debd78b0a3cab9d70cd2b03eece') in 0.017032 seconds 
Number of asset objects unloaded after import = 7
========================================================================
Received Import Request.
  Time since last request: 0.000034 seconds.
  path: Assets/PolygonPirates/Prefabs/Environments/SM_Env_Beach_Pile_02.prefab
  artifactKey: Guid(156fa344cb802a144a3d5888c6943a87) Importer(815301076,1909f56bfc062723c751e8b465ee728b)
Number of updated assets reloaded before import = 0
Start importing Assets/PolygonPirates/Prefabs/Environments/SM_Env_Beach_Pile_02.prefab using Guid(156fa344cb802a144a3d5888c6943a87) Importer(815301076,1909f56bfc062723c751e8b465ee728b)  -> (artifact id: '693a4f226f83c402e9918a0d82c291e7') in 0.009413 seconds 
Number of asset objects unloaded after import = 11
========================================================================
Received Import Request.
  Time since last request: 0.000034 seconds.
  path: Assets/PolygonPirates/Prefabs/Environments/SM_Env_Beach_Pile_01.prefab
  artifactKey: Guid(538005a95a30b614fabe8e43531f1981) Importer(815301076,1909f56bfc062723c751e8b465ee728b)
Number of updated assets reloaded before import = 0
Start importing Assets/PolygonPirates/Prefabs/Environments/SM_Env_Beach_Pile_01.prefab using Guid(538005a95a30b614fabe8e43531f1981) Importer(815301076,1909f56bfc062723c751e8b465ee728b)  -> (artifact id: 'fe34c5025fc41815bad456c72a9d1ed4') in 0.009287 seconds 
Number of asset objects unloaded after import = 11
========================================================================
Received Import Request.
  Time since last request: 2.243648 seconds.
  path: Assets/PolygonWestern/Models/SM_Env_Butte_03.fbx
  artifactKey: Guid(786d8761855e34344a66512c0f4dfd88) Importer(815301076,1909f56bfc062723c751e8b465ee728b)
Number of updated assets reloaded before import = 0
Start importing Assets/PolygonWestern/Models/SM_Env_Butte_03.fbx using Guid(786d8761855e34344a66512c0f4dfd88) Importer(815301076,1909f56bfc062723c751e8b465ee728b)  -> (artifact id: 'c4cd4d8cb96dcdbddd2ec8625f185bef') in 0.014092 seconds 
Number of asset objects unloaded after import = 7
========================================================================
Received Import Request.
  Time since last request: 0.955187 seconds.
  path: Assets/PolygonWestern/Models/SM_Env_Butte_Base_02.fbx
  artifactKey: Guid(6536faadf64989a4887d44beb82192ca) Importer(815301076,1909f56bfc062723c751e8b465ee728b)
Number of updated assets reloaded before import = 0
Start importing Assets/PolygonWestern/Models/SM_Env_Butte_Base_02.fbx using Guid(6536faadf64989a4887d44beb82192ca) Importer(815301076,1909f56bfc062723c751e8b465ee728b)  -> (artifact id: '312826be1e05c665eead761d3d8cefb2') in 0.014559 seconds 
Number of asset objects unloaded after import = 7
========================================================================
Received Import Request.
  Time since last request: 2.561926 seconds.
  path: Assets/PolygonWestern/Models/SM_Env_Cloud_01.fbx
  artifactKey: Guid(1c4bb0bb493ee074b93b99a426f1887d) Importer(815301076,1909f56bfc062723c751e8b465ee728b)
Number of updated assets reloaded before import = 0
Start importing Assets/PolygonWestern/Models/SM_Env_Cloud_01.fbx using Guid(1c4bb0bb493ee074b93b99a426f1887d) Importer(815301076,1909f56bfc062723c751e8b465ee728b)  -> (artifact id: '180c2189ef2dbdd66ed1374b20b53e54') in 0.013725 seconds 
Number of asset objects unloaded after import = 7
========================================================================
Received Import Request.
  Time since last request: 2.802967 seconds.
  path: Assets/PolygonPirates/Prefabs/Environments/SM_Env_Cloud_02.prefab
  artifactKey: Guid(51bb7a40181ecd7458c3c5718fca2b88) Importer(815301076,1909f56bfc062723c751e8b465ee728b)
Number of updated assets reloaded before import = 0
Start importing Assets/PolygonPirates/Prefabs/Environments/SM_Env_Cloud_02.prefab using Guid(51bb7a40181ecd7458c3c5718fca2b88) Importer(815301076,1909f56bfc062723c751e8b465ee728b)  -> (artifact id: 'f9d6a3f19b95997fe6a23149485e6630') in 0.013274 seconds 
Number of asset objects unloaded after import = 8
========================================================================
Received Import Request.
  Time since last request: 0.000028 seconds.
  path: Assets/PolygonPirates/Models/SM_Env_Cloud_03.fbx
  artifactKey: Guid(d06fbce9e7819e545afc0bf09158c9db) Importer(815301076,1909f56bfc062723c751e8b465ee728b)
Number of updated assets reloaded before import = 0
Start importing Assets/PolygonPirates/Models/SM_Env_Cloud_03.fbx using Guid(d06fbce9e7819e545afc0bf09158c9db) Importer(815301076,1909f56bfc062723c751e8b465ee728b)  -> (artifact id: '8207c79816c028fc62754f9dcca8e08b') in 0.068476 seconds 
Number of asset objects unloaded after import = 7
========================================================================
Received Import Request.
  Time since last request: 0.000034 seconds.
  path: Assets/PolygonPirates/Prefabs/Environments/SM_Env_Cloud_03.prefab
  artifactKey: Guid(e97ffd2840ec39549b04e1672b07f75f) Importer(815301076,1909f56bfc062723c751e8b465ee728b)
Number of updated assets reloaded before import = 0
Start importing Assets/PolygonPirates/Prefabs/Environments/SM_Env_Cloud_03.prefab using Guid(e97ffd2840ec39549b04e1672b07f75f) Importer(815301076,1909f56bfc062723c751e8b465ee728b)  -> (artifact id: 'bbf95c0bb3f4e3be55193c8464fac0a5') in 0.010302 seconds 
Number of asset objects unloaded after import = 8
========================================================================
Received Import Request.
  Time since last request: 0.000036 seconds.
  path: Assets/PolygonWestern/Models/SM_Env_Cloud_03.fbx
  artifactKey: Guid(67e7f9f80e5edf345a9e9b1b38804e5a) Importer(815301076,1909f56bfc062723c751e8b465ee728b)
Number of updated assets reloaded before import = 0
Start importing Assets/PolygonWestern/Models/SM_Env_Cloud_03.fbx using Guid(67e7f9f80e5edf345a9e9b1b38804e5a) Importer(815301076,1909f56bfc062723c751e8b465ee728b)  -> (artifact id: '178b19b047793e0eda6fb3cd78305ea7') in 0.012411 seconds 
Number of asset objects unloaded after import = 7
========================================================================
Received Import Request.
  Time since last request: 0.397411 seconds.
  path: Assets/PolygonNatureBiomes/PNB_Tropical_Jungle/Models/SM_Env_Dock_02.fbx
  artifactKey: Guid(1649a984f3b6b93499af799113b1fa40) Importer(815301076,1909f56bfc062723c751e8b465ee728b)
Number of updated assets reloaded before import = 0
Start importing Assets/PolygonNatureBiomes/PNB_Tropical_Jungle/Models/SM_Env_Dock_02.fbx using Guid(1649a984f3b6b93499af799113b1fa40) Importer(815301076,1909f56bfc062723c751e8b465ee728b)  -> (artifact id: '4518b9540daf33534f5702cb4e411350') in 0.013887 seconds 
Number of asset objects unloaded after import = 7
========================================================================
Received Import Request.
  Time since last request: 0.000017 seconds.
  path: Assets/PolygonNatureBiomes/PNB_Tropical_Jungle/Models/SM_Env_Dock_Stairs_01.fbx
  artifactKey: Guid(53fdc20a37db83a41b5c9f6849fef126) Importer(815301076,1909f56bfc062723c751e8b465ee728b)
Number of updated assets reloaded before import = 0
Start importing Assets/PolygonNatureBiomes/PNB_Tropical_Jungle/Models/SM_Env_Dock_Stairs_01.fbx using Guid(53fdc20a37db83a41b5c9f6849fef126) Importer(815301076,1909f56bfc062723c751e8b465ee728b)  -> (artifact id: '362e448fbb6eb300af784a022eacd055') in 0.016223 seconds 
Number of asset objects unloaded after import = 7
========================================================================
Received Import Request.
  Time since last request: 0.000037 seconds.
  path: Assets/PolygonNatureBiomes/PNB_Tropical_Jungle/Prefabs/SM_Env_DriftWood_01.prefab
  artifactKey: Guid(0c447bd10fc74ea4d883fb112f9a8f6c) Importer(815301076,1909f56bfc062723c751e8b465ee728b)
Number of updated assets reloaded before import = 0
Start importing Assets/PolygonNatureBiomes/PNB_Tropical_Jungle/Prefabs/SM_Env_DriftWood_01.prefab using Guid(0c447bd10fc74ea4d883fb112f9a8f6c) Importer(815301076,1909f56bfc062723c751e8b465ee728b)  -> (artifact id: 'd5b8d69e882ddb70e737a0edd6ec28b5') in 0.028163 seconds 
Number of asset objects unloaded after import = 20
========================================================================
Received Import Request.
  Time since last request: 0.000036 seconds.
  path: Assets/PolygonNatureBiomes/PNB_Tropical_Jungle/Models/SM_Env_DriftWood_02.fbx
  artifactKey: Guid(bfe9991315f02584dafb67304563d717) Importer(815301076,1909f56bfc062723c751e8b465ee728b)
Number of updated assets reloaded before import = 0
Start importing Assets/PolygonNatureBiomes/PNB_Tropical_Jungle/Models/SM_Env_DriftWood_02.fbx using Guid(bfe9991315f02584dafb67304563d717) Importer(815301076,1909f56bfc062723c751e8b465ee728b)  -> (artifact id: '278e9bb4dd0b04625e4664ff14e7cd46') in 0.015760 seconds 
Number of asset objects unloaded after import = 7
========================================================================
Received Import Request.
  Time since last request: 0.292613 seconds.
  path: Assets/PolygonNatureBiomes/PNB_Tropical_Jungle/Prefabs/SM_Env_DriftWood_05.prefab
  artifactKey: Guid(90352f28b63083240b5278e08b80c965) Importer(815301076,1909f56bfc062723c751e8b465ee728b)
Number of updated assets reloaded before import = 0
Start importing Assets/PolygonNatureBiomes/PNB_Tropical_Jungle/Prefabs/SM_Env_DriftWood_05.prefab using Guid(90352f28b63083240b5278e08b80c965) Importer(815301076,1909f56bfc062723c751e8b465ee728b)  -> (artifact id: '8b24f227585a4348187c33f4dea2f3d2') in 0.018326 seconds 
Number of asset objects unloaded after import = 14
========================================================================
Received Import Request.
  Time since last request: 0.000022 seconds.
  path: Assets/PolygonWestern/Models/SM_Env_DustPile_Large_01.fbx
  artifactKey: Guid(21d4fa1bf77293d43a5210a682a8ed1b) Importer(815301076,1909f56bfc062723c751e8b465ee728b)
Number of updated assets reloaded before import = 0
Start importing Assets/PolygonWestern/Models/SM_Env_DustPile_Large_01.fbx using Guid(21d4fa1bf77293d43a5210a682a8ed1b) Importer(815301076,1909f56bfc062723c751e8b465ee728b)  -> (artifact id: '5cc608f60febd1e74cbe46b8a85ff4c6') in 0.011893 seconds 
Number of asset objects unloaded after import = 7
========================================================================
Received Import Request.
  Time since last request: 0.000038 seconds.
  path: Assets/PolygonNatureBiomes/PNB_Tropical_Jungle/Models/SM_Env_DriftWood_05.fbx
  artifactKey: Guid(62c3870493b80c846a14ca4c22d4c6f1) Importer(815301076,1909f56bfc062723c751e8b465ee728b)
Number of updated assets reloaded before import = 0
Start importing Assets/PolygonNatureBiomes/PNB_Tropical_Jungle/Models/SM_Env_DriftWood_05.fbx using Guid(62c3870493b80c846a14ca4c22d4c6f1) Importer(815301076,1909f56bfc062723c751e8b465ee728b)  -> (artifact id: '230adfa9a2662f4f822868c6e0a2c0e2') in 0.012473 seconds 
Number of asset objects unloaded after import = 7
========================================================================
Received Import Request.
  Time since last request: 0.331125 seconds.
  path: Assets/PolygonNatureBiomes/PNB_Tropical_Jungle/Prefabs/SM_Env_Fern_01.prefab
  artifactKey: Guid(013459274a9887f4f9eb408b260a8ef8) Importer(815301076,1909f56bfc062723c751e8b465ee728b)
Number of updated assets reloaded before import = 0
Start importing Assets/PolygonNatureBiomes/PNB_Tropical_Jungle/Prefabs/SM_Env_Fern_01.prefab using Guid(013459274a9887f4f9eb408b260a8ef8) Importer(815301076,1909f56bfc062723c751e8b465ee728b)  -> (artifact id: '1394f45962858a5d9fffae1fa1553a41') in 0.076828 seconds 
Number of asset objects unloaded after import = 32
========================================================================
Received Import Request.
  Time since last request: 0.000023 seconds.
  path: Assets/PolygonNatureBiomes/PNB_Tropical_Jungle/Models/SM_Env_Fern_03.fbx
  artifactKey: Guid(a7d59b1f9ad6d1b4795db139f3aca9db) Importer(815301076,1909f56bfc062723c751e8b465ee728b)
Number of updated assets reloaded before import = 0
Start importing Assets/PolygonNatureBiomes/PNB_Tropical_Jungle/Models/SM_Env_Fern_03.fbx using Guid(a7d59b1f9ad6d1b4795db139f3aca9db) Importer(815301076,1909f56bfc062723c751e8b465ee728b)  -> (artifact id: 'ed7e91e8d14519fa4cbc64cfb2a67245') in 0.033163 seconds 
Number of asset objects unloaded after import = 20
========================================================================
Received Import Request.
  Time since last request: 0.000036 seconds.
  path: Assets/PolygonNatureBiomes/PNB_Tropical_Jungle/Models/SM_Env_Fern_04.fbx
  artifactKey: Guid(7bdc2c72e7d7c8f488b87683a7ff16f1) Importer(815301076,1909f56bfc062723c751e8b465ee728b)
Number of updated assets reloaded before import = 0
Start importing Assets/PolygonNatureBiomes/PNB_Tropical_Jungle/Models/SM_Env_Fern_04.fbx using Guid(7bdc2c72e7d7c8f488b87683a7ff16f1) Importer(815301076,1909f56bfc062723c751e8b465ee728b)  -> (artifact id: '829a550c573c15f694026a8b64a61fd1') in 0.030351 seconds 
Number of asset objects unloaded after import = 20
========================================================================
Received Import Request.
  Time since last request: 0.766506 seconds.
  path: Assets/PolygonNatureBiomes/PNB_Tropical_Jungle/Prefabs/SM_Env_Fern_Part_02.prefab
  artifactKey: Guid(4a8eab6e97ab8ee41814fb1f7b1567ba) Importer(815301076,1909f56bfc062723c751e8b465ee728b)
Number of updated assets reloaded before import = 0
Start importing Assets/PolygonNatureBiomes/PNB_Tropical_Jungle/Prefabs/SM_Env_Fern_Part_02.prefab using Guid(4a8eab6e97ab8ee41814fb1f7b1567ba) Importer(815301076,1909f56bfc062723c751e8b465ee728b)  -> (artifact id: '0e6b082893c265fb6620a610665ecf84') in 0.033708 seconds 
Number of asset objects unloaded after import = 27
========================================================================
Received Import Request.
  Time since last request: 0.000031 seconds.
  path: Assets/PolygonNatureBiomes/PNB_Tropical_Jungle/Models/SM_Env_Fern_Part_04.fbx
  artifactKey: Guid(40c3f04756c6e6e4db1b65e38ab4c899) Importer(815301076,1909f56bfc062723c751e8b465ee728b)
Number of updated assets reloaded before import = 0
Start importing Assets/PolygonNatureBiomes/PNB_Tropical_Jungle/Models/SM_Env_Fern_Part_04.fbx using Guid(40c3f04756c6e6e4db1b65e38ab4c899) Importer(815301076,1909f56bfc062723c751e8b465ee728b)  -> (artifact id: 'eebb4d503d8b903c98b38e97456f2d32') in 0.030336 seconds 
Number of asset objects unloaded after import = 15
========================================================================
Received Import Request.
  Time since last request: 0.000036 seconds.
  path: Assets/PolygonPirates/Models/SM_Env_Flat_Sand_01.fbx
  artifactKey: Guid(ba50806594bf7894aad9e75c729c31b8) Importer(815301076,1909f56bfc062723c751e8b465ee728b)
Number of updated assets reloaded before import = 0
Start importing Assets/PolygonPirates/Models/SM_Env_Flat_Sand_01.fbx using Guid(ba50806594bf7894aad9e75c729c31b8) Importer(815301076,1909f56bfc062723c751e8b465ee728b)  -> (artifact id: '193dcdde3704f3c246f96fd71952b9b9') in 0.011851 seconds 
Number of asset objects unloaded after import = 7
========================================================================
Received Import Request.
  Time since last request: 0.000028 seconds.
  path: Assets/PolygonNatureBiomes/PNB_Tropical_Jungle/Models/SM_Env_Fern_Part_02.fbx
  artifactKey: Guid(b37fdf776e4f5a74faff06a679710d29) Importer(815301076,1909f56bfc062723c751e8b465ee728b)
Number of updated assets reloaded before import = 0
Start importing Assets/PolygonNatureBiomes/PNB_Tropical_Jungle/Models/SM_Env_Fern_Part_02.fbx using Guid(b37fdf776e4f5a74faff06a679710d29) Importer(815301076,1909f56bfc062723c751e8b465ee728b)  -> (artifact id: 'e13e6c327f7cf4fa9d09e9e51012ac7d') in 0.024374 seconds 
Number of asset objects unloaded after import = 15
========================================================================
Received Import Request.
  Time since last request: 0.504874 seconds.
  path: Assets/PolygonPirates/Models/SM_Env_Flowers_02.fbx
  artifactKey: Guid(5bf4cff6c0763da4f9d0151d7fe433db) Importer(815301076,1909f56bfc062723c751e8b465ee728b)
Number of updated assets reloaded before import = 0
Start importing Assets/PolygonPirates/Models/SM_Env_Flowers_02.fbx using Guid(5bf4cff6c0763da4f9d0151d7fe433db) Importer(815301076,1909f56bfc062723c751e8b465ee728b)  -> (artifact id: '9e97edca0f83b7ff4fb28f2ffaee8965') in 0.015164 seconds 
Number of asset objects unloaded after import = 7
========================================================================
Received Import Request.
  Time since last request: 0.000027 seconds.
  path: Assets/PolygonNatureBiomes/PNB_Tropical_Jungle/Models/SM_Env_Flowers_03.fbx
  artifactKey: Guid(9e83b9594b4677f4dab7b84cae02655c) Importer(815301076,1909f56bfc062723c751e8b465ee728b)
Number of updated assets reloaded before import = 0
Start importing Assets/PolygonNatureBiomes/PNB_Tropical_Jungle/Models/SM_Env_Flowers_03.fbx using Guid(9e83b9594b4677f4dab7b84cae02655c) Importer(815301076,1909f56bfc062723c751e8b465ee728b)  -> (artifact id: 'e226668d51b93a9893242c54933234c8') in 0.028035 seconds 
Number of asset objects unloaded after import = 15
========================================================================
Received Import Request.
  Time since last request: 0.924607 seconds.
  path: Assets/PolygonNatureBiomes/PNB_Tropical_Jungle/Models/SM_Env_Flowers_05.fbx
  artifactKey: Guid(096254e8d4758c14b81f0f3114440534) Importer(815301076,1909f56bfc062723c751e8b465ee728b)
Number of updated assets reloaded before import = 0
Start importing Assets/PolygonNatureBiomes/PNB_Tropical_Jungle/Models/SM_Env_Flowers_05.fbx using Guid(096254e8d4758c14b81f0f3114440534) Importer(815301076,1909f56bfc062723c751e8b465ee728b)  -> (artifact id: '01c0afa9d0d277a53ff7b7b9bca7f68b') in 0.061161 seconds 
Number of asset objects unloaded after import = 20
========================================================================
Received Import Request.
  Time since last request: 0.000019 seconds.
  path: Assets/PolygonPirates/Prefabs/Environments/SM_Env_Grass_01.prefab
  artifactKey: Guid(4e8a28d96f745674ea61218c6b1c2b0f) Importer(815301076,1909f56bfc062723c751e8b465ee728b)
Number of updated assets reloaded before import = 0
Start importing Assets/PolygonPirates/Prefabs/Environments/SM_Env_Grass_01.prefab using Guid(4e8a28d96f745674ea61218c6b1c2b0f) Importer(815301076,1909f56bfc062723c751e8b465ee728b)  -> (artifact id: '20153cd586dd3bc3111c08dcd6a06e7f') in 0.015075 seconds 
Number of asset objects unloaded after import = 10
========================================================================
Received Import Request.
  Time since last request: 0.000029 seconds.
  path: Assets/PolygonNatureBiomes/PNB_Tropical_Jungle/Prefabs/SM_Env_Flowers_Flat_01.prefab
  artifactKey: Guid(5804fcd07e4641048bf0a25f8fa1ed79) Importer(815301076,1909f56bfc062723c751e8b465ee728b)
Number of updated assets reloaded before import = 0
Start importing Assets/PolygonNatureBiomes/PNB_Tropical_Jungle/Prefabs/SM_Env_Flowers_Flat_01.prefab using Guid(5804fcd07e4641048bf0a25f8fa1ed79) Importer(815301076,1909f56bfc062723c751e8b465ee728b)  -> (artifact id: 'e733daee0125636cc39708862a9ba6b5') in 0.028448 seconds 
Number of asset objects unloaded after import = 20
========================================================================
Received Import Request.
  Time since last request: 0.000022 seconds.
  path: Assets/PolygonPirates/Models/SM_Env_Grass_01.fbx
  artifactKey: Guid(ceb7327cacd154f41bc02110aec5a22a) Importer(815301076,1909f56bfc062723c751e8b465ee728b)
Number of updated assets reloaded before import = 0
Start importing Assets/PolygonPirates/Models/SM_Env_Grass_01.fbx using Guid(ceb7327cacd154f41bc02110aec5a22a) Importer(815301076,1909f56bfc062723c751e8b465ee728b)  -> (artifact id: 'aa4f30047e8c173c79dcd61ab1ba9071') in 0.014017 seconds 
Number of asset objects unloaded after import = 7
========================================================================
Received Import Request.
  Time since last request: 2.012082 seconds.
  path: Assets/PolygonPirates/Models/SM_Env_Grass_02.fbx
  artifactKey: Guid(fb8f3df89edeff745b3a31657ef0c508) Importer(815301076,1909f56bfc062723c751e8b465ee728b)
Number of updated assets reloaded before import = 0
Start importing Assets/PolygonPirates/Models/SM_Env_Grass_02.fbx using Guid(fb8f3df89edeff745b3a31657ef0c508) Importer(815301076,1909f56bfc062723c751e8b465ee728b)  -> (artifact id: '87997660ed1c543633d3e84dc5fd2714') in 0.013842 seconds 
Number of asset objects unloaded after import = 7
========================================================================
Received Import Request.
  Time since last request: 0.000029 seconds.
  path: Assets/PolygonPirates/Prefabs/Environments/SM_Env_Grass_03.prefab
  artifactKey: Guid(ab08969352dd15648919e529870214e2) Importer(815301076,1909f56bfc062723c751e8b465ee728b)
Number of updated assets reloaded before import = 0
Start importing Assets/PolygonPirates/Prefabs/Environments/SM_Env_Grass_03.prefab using Guid(ab08969352dd15648919e529870214e2) Importer(815301076,1909f56bfc062723c751e8b465ee728b)  -> (artifact id: '5e26f5dbaa2fdb83592641f279edc13e') in 0.034772 seconds 
Number of asset objects unloaded after import = 10
========================================================================
Received Import Request.
  Time since last request: 0.000044 seconds.
  path: Assets/PolygonWestern/Models/SM_Env_Grass_02.fbx
  artifactKey: Guid(76847c7c1ea6fb646b940d92fd4420f3) Importer(815301076,1909f56bfc062723c751e8b465ee728b)
Number of updated assets reloaded before import = 0
Start importing Assets/PolygonWestern/Models/SM_Env_Grass_02.fbx using Guid(76847c7c1ea6fb646b940d92fd4420f3) Importer(815301076,1909f56bfc062723c751e8b465ee728b)  -> (artifact id: '98d68d93b83323c4b32ea3436c4f16ec') in 0.014611 seconds 
Number of asset objects unloaded after import = 7
========================================================================
Received Import Request.
  Time since last request: 3.418065 seconds.
  path: Assets/PolygonPirates/Prefabs/Environments/SM_Env_GrassPatch_02.prefab
  artifactKey: Guid(3d3746ee08967fa4fa80989f56318af1) Importer(815301076,1909f56bfc062723c751e8b465ee728b)
Number of updated assets reloaded before import = 0
Start importing Assets/PolygonPirates/Prefabs/Environments/SM_Env_GrassPatch_02.prefab using Guid(3d3746ee08967fa4fa80989f56318af1) Importer(815301076,1909f56bfc062723c751e8b465ee728b)  -> (artifact id: 'a541e9be58171c9c914817270a42ca21') in 0.011656 seconds 
Number of asset objects unloaded after import = 12
========================================================================
Received Import Request.
  Time since last request: 0.000021 seconds.
  path: Assets/PolygonPirates/Models/SM_Env_GrassPatch_03.fbx
  artifactKey: Guid(dbd2b4203cd37e242b58bdbbfab585b7) Importer(815301076,1909f56bfc062723c751e8b465ee728b)
Number of updated assets reloaded before import = 0
Start importing Assets/PolygonPirates/Models/SM_Env_GrassPatch_03.fbx using Guid(dbd2b4203cd37e242b58bdbbfab585b7) Importer(815301076,1909f56bfc062723c751e8b465ee728b)  -> (artifact id: 'c3cfee4a484e5a6f15946893b77cb3a6') in 0.012459 seconds 
Number of asset objects unloaded after import = 7
========================================================================
Received Import Request.
  Time since last request: 0.000016 seconds.
  path: Assets/PolygonNatureBiomes/PNB_Tropical_Jungle/Prefabs/SM_Env_Ground_Cover_02.prefab
  artifactKey: Guid(d8d2be233e6d7a5498b2ae80147777ad) Importer(815301076,1909f56bfc062723c751e8b465ee728b)
Number of updated assets reloaded before import = 0
Start importing Assets/PolygonNatureBiomes/PNB_Tropical_Jungle/Prefabs/SM_Env_Ground_Cover_02.prefab using Guid(d8d2be233e6d7a5498b2ae80147777ad) Importer(815301076,1909f56bfc062723c751e8b465ee728b)  -> (artifact id: 'a3926c4731a809d01b794325b2e81607') in 0.021895 seconds 
Number of asset objects unloaded after import = 28
========================================================================
Received Import Request.
  Time since last request: 0.000039 seconds.
  path: Assets/PolygonNatureBiomes/PNB_Tropical_Jungle/Models/SM_Env_Ground_Cover_01.fbx
  artifactKey: Guid(9ee3deedb1209674b99e52ee75477c2b) Importer(815301076,1909f56bfc062723c751e8b465ee728b)
Number of updated assets reloaded before import = 0
Start importing Assets/PolygonNatureBiomes/PNB_Tropical_Jungle/Models/SM_Env_Ground_Cover_01.fbx using Guid(9ee3deedb1209674b99e52ee75477c2b) Importer(815301076,1909f56bfc062723c751e8b465ee728b)  -> (artifact id: 'e0f07be3593283bce3bb6b327da0ca4b') in 0.022309 seconds 
Number of asset objects unloaded after import = 15
========================================================================
Received Import Request.
  Time since last request: 51.636940 seconds.
  path: Assets/PolygonPirates/Models/SM_Env_GroundLeaves_01.fbx
  artifactKey: Guid(9c9dc8e1d2aca4e469b5f6f9f67c50f0) Importer(815301076,1909f56bfc062723c751e8b465ee728b)
Number of updated assets reloaded before import = 0
Start importing Assets/PolygonPirates/Models/SM_Env_GroundLeaves_01.fbx using Guid(9c9dc8e1d2aca4e469b5f6f9f67c50f0) Importer(815301076,1909f56bfc062723c751e8b465ee728b)  -> (artifact id: '962a56e1f1da7ffd2af03072f6aa12dc') in 0.014788 seconds 
Number of asset objects unloaded after import = 7
========================================================================
Received Import Request.
  Time since last request: 0.000035 seconds.
  path: Assets/PolygonPirates/Models/SM_Env_PalmTree_Tall_01.fbx
  artifactKey: Guid(b9e13cdba2e39fa49aa574c6106e0846) Importer(815301076,1909f56bfc062723c751e8b465ee728b)
Number of updated assets reloaded before import = 0
Start importing Assets/PolygonPirates/Models/SM_Env_PalmTree_Tall_01.fbx using Guid(b9e13cdba2e39fa49aa574c6106e0846) Importer(815301076,1909f56bfc062723c751e8b465ee728b)  -> (artifact id: 'd099c324353a35f049a8c1da56e684ee') in 0.014172 seconds 
Number of asset objects unloaded after import = 7
========================================================================
Received Import Request.
  Time since last request: 0.000053 seconds.
  path: Assets/PolygonPirates/Prefabs/Environments/SM_Env_PalmTree_Tall_01.prefab
  artifactKey: Guid(fc743659089657e4e9d77cd4e157ce3d) Importer(815301076,1909f56bfc062723c751e8b465ee728b)
Number of updated assets reloaded before import = 0
Start importing Assets/PolygonPirates/Prefabs/Environments/SM_Env_PalmTree_Tall_01.prefab using Guid(fc743659089657e4e9d77cd4e157ce3d) Importer(815301076,1909f56bfc062723c751e8b465ee728b)  -> (artifact id: '17852b008b0d696ce8925ecce2e3001e') in 0.014064 seconds 
Number of asset objects unloaded after import = 12
========================================================================
Received Import Request.
  Time since last request: 0.000021 seconds.
  path: Assets/PolygonPirates/Prefabs/Environments/SM_Env_Tree_Vines_02.prefab
  artifactKey: Guid(d66b02cc8edfab74ea7962d65224bfb4) Importer(815301076,1909f56bfc062723c751e8b465ee728b)
Number of updated assets reloaded before import = 0
Start importing Assets/PolygonPirates/Prefabs/Environments/SM_Env_Tree_Vines_02.prefab using Guid(d66b02cc8edfab74ea7962d65224bfb4) Importer(815301076,1909f56bfc062723c751e8b465ee728b)  -> (artifact id: '57b8433edb770232a38d42844a4daa54') in 0.011534 seconds 
Number of asset objects unloaded after import = 10
========================================================================
Received Import Request.
  Time since last request: 0.000026 seconds.
  path: Assets/PolygonPirates/Prefabs/Vehicles/SM_Flag_Pirate_01.prefab
  artifactKey: Guid(4dd63217c105a2d43b24bf5f1b5622c0) Importer(815301076,1909f56bfc062723c751e8b465ee728b)
Number of updated assets reloaded before import = 0
Start importing Assets/PolygonPirates/Prefabs/Vehicles/SM_Flag_Pirate_01.prefab using Guid(4dd63217c105a2d43b24bf5f1b5622c0) Importer(815301076,1909f56bfc062723c751e8b465ee728b)  -> (artifact id: 'fba154a82503b8ace5ae6b0355bea84d') in 0.010201 seconds 
Number of asset objects unloaded after import = 11
========================================================================
Received Import Request.
  Time since last request: 0.000029 seconds.
  path: Assets/PolygonPirates/Models/SM_Item_Bottle_01.fbx
  artifactKey: Guid(1d532f67d8dffaf49ae296feee6cffe8) Importer(815301076,1909f56bfc062723c751e8b465ee728b)
Number of updated assets reloaded before import = 0
Start importing Assets/PolygonPirates/Models/SM_Item_Bottle_01.fbx using Guid(1d532f67d8dffaf49ae296feee6cffe8) Importer(815301076,1909f56bfc062723c751e8b465ee728b)  -> (artifact id: '83c744eb0d503586eae9b6386b247202') in 0.015844 seconds 
Number of asset objects unloaded after import = 7
========================================================================
Received Import Request.
  Time since last request: 0.000023 seconds.
  path: Assets/PolygonNatureBiomes/PNB_Tropical_Jungle/Models/SM_Env_Vines_05.fbx
  artifactKey: Guid(da7dd931d4ecb16478bda16619a781a9) Importer(815301076,1909f56bfc062723c751e8b465ee728b)
Number of updated assets reloaded before import = 0
Start importing Assets/PolygonNatureBiomes/PNB_Tropical_Jungle/Models/SM_Env_Vines_05.fbx using Guid(da7dd931d4ecb16478bda16619a781a9) Importer(815301076,1909f56bfc062723c751e8b465ee728b)  -> (artifact id: '5637eceb148d52afaf57bc34599a8b9f') in 0.014548 seconds 
Number of asset objects unloaded after import = 7
========================================================================
Received Import Request.
  Time since last request: 0.000027 seconds.
  path: Assets/PolygonPirates/Models/SM_Prop_Planter_02.fbx
  artifactKey: Guid(d49fd05df9354284bb95a3faf767c159) Importer(815301076,1909f56bfc062723c751e8b465ee728b)
Number of updated assets reloaded before import = 0
Start importing Assets/PolygonPirates/Models/SM_Prop_Planter_02.fbx using Guid(d49fd05df9354284bb95a3faf767c159) Importer(815301076,1909f56bfc062723c751e8b465ee728b)  -> (artifact id: '63a9d16ec12f7852c05cf529e35b6326') in 0.014477 seconds 
Number of asset objects unloaded after import = 7
========================================================================
Received Import Request.
  Time since last request: 0.000023 seconds.
  path: Assets/PolygonPirates/Models/SM_Item_Bottle_02.fbx
  artifactKey: Guid(fdc47fcb52dbf494b8716a0f73a333e8) Importer(815301076,1909f56bfc062723c751e8b465ee728b)
Number of updated assets reloaded before import = 0
Start importing Assets/PolygonPirates/Models/SM_Item_Bottle_02.fbx using Guid(fdc47fcb52dbf494b8716a0f73a333e8) Importer(815301076,1909f56bfc062723c751e8b465ee728b)  -> (artifact id: 'dff2abbfac8842de608cb226880161cd') in 0.014722 seconds 
Number of asset objects unloaded after import = 7
========================================================================
Received Import Request.
  Time since last request: 0.000031 seconds.
  path: Assets/PolygonPirates/Models/SM_Veh_Veh_Boat_Large_01_Hull_Pirate.fbx
  artifactKey: Guid(173b7fce395e2da4db79b42662655b89) Importer(815301076,1909f56bfc062723c751e8b465ee728b)
Number of updated assets reloaded before import = 0
Start importing Assets/PolygonPirates/Models/SM_Veh_Veh_Boat_Large_01_Hull_Pirate.fbx using Guid(173b7fce395e2da4db79b42662655b89) Importer(815301076,1909f56bfc062723c751e8b465ee728b)  -> (artifact id: '6d41f802ab590b958a1558bbf3a99f42') in 0.066306 seconds 
Number of asset objects unloaded after import = 52
========================================================================
Received Import Request.
  Time since last request: 0.000022 seconds.
  path: Assets/PolygonPirates/Prefabs/Weapons/SM_Wep_Wooden_01.prefab
  artifactKey: Guid(88cad391572f7d34786693ed8ce99195) Importer(815301076,1909f56bfc062723c751e8b465ee728b)
Number of updated assets reloaded before import = 0
Start importing Assets/PolygonPirates/Prefabs/Weapons/SM_Wep_Wooden_01.prefab using Guid(88cad391572f7d34786693ed8ce99195) Importer(815301076,1909f56bfc062723c751e8b465ee728b)  -> (artifact id: '8829b62c314cabb2eb1bf1321751b70a') in 0.014797 seconds 
Number of asset objects unloaded after import = 12
========================================================================
Received Import Request.
  Time since last request: 0.000034 seconds.
  path: Assets/Other/TestFood.prefab
  artifactKey: Guid(fcdc5bfc3509bb340b9fe5b3883745bc) Importer(815301076,1909f56bfc062723c751e8b465ee728b)
Number of updated assets reloaded before import = 0
Start importing Assets/Other/TestFood.prefab using Guid(fcdc5bfc3509bb340b9fe5b3883745bc) Importer(815301076,1909f56bfc062723c751e8b465ee728b)  -> (artifact id: 'bbc39bb2ed84075467da32f44f0966a6') in 0.022270 seconds 
Number of asset objects unloaded after import = 30
========================================================================
Received Import Request.
  Time since last request: 0.000029 seconds.
  path: Assets/PolygonPirates/Models/SM_Item_Bottle_03.fbx
  artifactKey: Guid(9c3d4e9fe98fc6545a207ee216907899) Importer(815301076,1909f56bfc062723c751e8b465ee728b)
Number of updated assets reloaded before import = 0
Start importing Assets/PolygonPirates/Models/SM_Item_Bottle_03.fbx using Guid(9c3d4e9fe98fc6545a207ee216907899) Importer(815301076,1909f56bfc062723c751e8b465ee728b)  -> (artifact id: '069ec587f19b66ff307180be74f4efd4') in 0.012523 seconds 
Number of asset objects unloaded after import = 7
========================================================================
Received Import Request.
  Time since last request: 0.000021 seconds.
  path: Assets/PolygonPirates/Prefabs/Environments/SM_Env_Tree_Vines_03.prefab
  artifactKey: Guid(8a7535e51b66a0446aa434e60175373d) Importer(815301076,1909f56bfc062723c751e8b465ee728b)
Number of updated assets reloaded before import = 0
Start importing Assets/PolygonPirates/Prefabs/Environments/SM_Env_Tree_Vines_03.prefab using Guid(8a7535e51b66a0446aa434e60175373d) Importer(815301076,1909f56bfc062723c751e8b465ee728b)  -> (artifact id: 'e6f4a8de616fd9d035cbf69730995314') in 0.009665 seconds 
Number of asset objects unloaded after import = 10
========================================================================
Received Import Request.
  Time since last request: 0.000021 seconds.
  path: Assets/PolygonPirates/Models/SM_Wep_Pistol_DoubleBarrel_01_Separate.fbx
  artifactKey: Guid(87cfe36c60c1ad7419820ed795e1839e) Importer(815301076,1909f56bfc062723c751e8b465ee728b)
Number of updated assets reloaded before import = 0
Start importing Assets/PolygonPirates/Models/SM_Wep_Pistol_DoubleBarrel_01_Separate.fbx using Guid(87cfe36c60c1ad7419820ed795e1839e) Importer(815301076,1909f56bfc062723c751e8b465ee728b)  -> (artifact id: 'fc7842371fcc1699b24c83d87495b730') in 0.019881 seconds 
Number of asset objects unloaded after import = 12
========================================================================
Received Import Request.
  Time since last request: 0.000024 seconds.
  path: Assets/PolygonPirates/Models/SM_Wep_Cutlass_02.fbx
  artifactKey: Guid(4bfb11498f079134da0ff46bed1bf4cf) Importer(815301076,1909f56bfc062723c751e8b465ee728b)
Number of updated assets reloaded before import = 0
Start importing Assets/PolygonPirates/Models/SM_Wep_Cutlass_02.fbx using Guid(4bfb11498f079134da0ff46bed1bf4cf) Importer(815301076,1909f56bfc062723c751e8b465ee728b)  -> (artifact id: 'b878acf6d9b4daf8b111e570b341cf6b') in 0.013806 seconds 
Number of asset objects unloaded after import = 7
========================================================================
Received Import Request.
  Time since last request: 0.000016 seconds.
  path: Assets/PolygonPirates/Models/SM_Env_Vines_Wall_02.fbx
  artifactKey: Guid(dd97e141b23321f44a018c51278b1eeb) Importer(815301076,1909f56bfc062723c751e8b465ee728b)
Number of updated assets reloaded before import = 0
Start importing Assets/PolygonPirates/Models/SM_Env_Vines_Wall_02.fbx using Guid(dd97e141b23321f44a018c51278b1eeb) Importer(815301076,1909f56bfc062723c751e8b465ee728b)  -> (artifact id: 'e748bb7cbb55230eab1a8c051c4ae0b5') in 0.013791 seconds 
Number of asset objects unloaded after import = 7
========================================================================
Received Import Request.
  Time since last request: 0.000018 seconds.
  path: Assets/PolygonPirates/Models/SM_Wep_Sabre_02_Sheath.fbx
  artifactKey: Guid(2cb244c1711eebc48b2dadce1d22cc7e) Importer(815301076,1909f56bfc062723c751e8b465ee728b)
Number of updated assets reloaded before import = 0
Start importing Assets/PolygonPirates/Models/SM_Wep_Sabre_02_Sheath.fbx using Guid(2cb244c1711eebc48b2dadce1d22cc7e) Importer(815301076,1909f56bfc062723c751e8b465ee728b)  -> (artifact id: '140f658830f81f413cc8d16caf3fdc59') in 0.014700 seconds 
Number of asset objects unloaded after import = 7
========================================================================
Received Import Request.
  Time since last request: 0.000025 seconds.
  path: Assets/PolygonPirates/Prefabs/Weapons/SM_Wep_MusketPistol_05.prefab
  artifactKey: Guid(a2d1d373f89e9b54291dd8ca4706e158) Importer(815301076,1909f56bfc062723c751e8b465ee728b)
Number of updated assets reloaded before import = 0
Start importing Assets/PolygonPirates/Prefabs/Weapons/SM_Wep_MusketPistol_05.prefab using Guid(a2d1d373f89e9b54291dd8ca4706e158) Importer(815301076,1909f56bfc062723c751e8b465ee728b)  -> (artifact id: 'ca5de5c0fec9a39a1c6ce803928efa11') in 0.012489 seconds 
Number of asset objects unloaded after import = 12
========================================================================
Received Import Request.
  Time since last request: 0.000037 seconds.
  path: Assets/PolygonPirates/Models/SM_Wep_Shortsword_01_Sheath.fbx
  artifactKey: Guid(5c0751e5ca2c76f43b52665b11165e91) Importer(815301076,1909f56bfc062723c751e8b465ee728b)
Number of updated assets reloaded before import = 0
Start importing Assets/PolygonPirates/Models/SM_Wep_Shortsword_01_Sheath.fbx using Guid(5c0751e5ca2c76f43b52665b11165e91) Importer(815301076,1909f56bfc062723c751e8b465ee728b)  -> (artifact id: '0aee55a6b01ea3ea2469d08619acf4c5') in 0.013809 seconds 
Number of asset objects unloaded after import = 7
========================================================================
Received Import Request.
  Time since last request: 0.000028 seconds.
  path: Assets/PolygonPirates/Models/SM_Wep_Pistol_02.fbx
  artifactKey: Guid(1c75dfcf55dd3d44f8e4e5cbf41af7ef) Importer(815301076,1909f56bfc062723c751e8b465ee728b)
Number of updated assets reloaded before import = 0
Start importing Assets/PolygonPirates/Models/SM_Wep_Pistol_02.fbx using Guid(1c75dfcf55dd3d44f8e4e5cbf41af7ef) Importer(815301076,1909f56bfc062723c751e8b465ee728b)  -> (artifact id: '4576484203b67e272f9b53aa9b04ecbb') in 0.013936 seconds 
Number of asset objects unloaded after import = 7
========================================================================
Received Import Request.
  Time since last request: 0.000031 seconds.
  path: Assets/PolygonPirates/Prefabs/Environments/SM_Env_PalmTree_02.prefab
  artifactKey: Guid(cc73a13bbda6a7f4ca14d0763f94fc5e) Importer(815301076,1909f56bfc062723c751e8b465ee728b)
Number of updated assets reloaded before import = 0
Start importing Assets/PolygonPirates/Prefabs/Environments/SM_Env_PalmTree_02.prefab using Guid(cc73a13bbda6a7f4ca14d0763f94fc5e) Importer(815301076,1909f56bfc062723c751e8b465ee728b)  -> (artifact id: '83e5f0fbe0b17219d1d143bc8023d56b') in 0.011706 seconds 
Number of asset objects unloaded after import = 12
========================================================================
Received Import Request.
  Time since last request: 0.000030 seconds.
  path: Assets/PolygonPirates/Models/SM_Wep_BlunderBuss_02.fbx
  artifactKey: Guid(147010db0e4edbd4bb44c331b4a1149b) Importer(815301076,1909f56bfc062723c751e8b465ee728b)
Number of updated assets reloaded before import = 0
Start importing Assets/PolygonPirates/Models/SM_Wep_BlunderBuss_02.fbx using Guid(147010db0e4edbd4bb44c331b4a1149b) Importer(815301076,1909f56bfc062723c751e8b465ee728b)  -> (artifact id: '018e5434832df2f14ff692b748518e4a') in 0.013660 seconds 
Number of asset objects unloaded after import = 7
========================================================================
Received Import Request.
  Time since last request: 0.000024 seconds.
  path: Assets/PolygonPirates/Models/SM_Prop_Parrot_01.fbx
  artifactKey: Guid(19a2e9c7f973d15478ad6d9f9497d927) Importer(815301076,1909f56bfc062723c751e8b465ee728b)
Number of updated assets reloaded before import = 0
Start importing Assets/PolygonPirates/Models/SM_Prop_Parrot_01.fbx using Guid(19a2e9c7f973d15478ad6d9f9497d927) Importer(815301076,1909f56bfc062723c751e8b465ee728b)  -> (artifact id: 'efa3eeed8c255eafda9f7759883d4516') in 0.013064 seconds 
Number of asset objects unloaded after import = 7
========================================================================
Received Import Request.
  Time since last request: 0.000021 seconds.
  path: Assets/PolygonNatureBiomes/PNB_Tropical_Jungle/Prefabs/SM_Env_Vines_04.prefab
  artifactKey: Guid(8fa65ccfe163c7142b1024b10fe7739b) Importer(815301076,1909f56bfc062723c751e8b465ee728b)
Number of updated assets reloaded before import = 0
Start importing Assets/PolygonNatureBiomes/PNB_Tropical_Jungle/Prefabs/SM_Env_Vines_04.prefab using Guid(8fa65ccfe163c7142b1024b10fe7739b) Importer(815301076,1909f56bfc062723c751e8b465ee728b)  -> (artifact id: '1035d8269c74100dc63f42bb08936ab1') in 0.017171 seconds 
Number of asset objects unloaded after import = 13
========================================================================
Received Import Request.
  Time since last request: 0.000030 seconds.
  path: Assets/PolygonPirates/Prefabs/Weapons/SM_Wep_Sabre_02_Sheath.prefab
  artifactKey: Guid(7c18ba5bc74bfce4e8fb37b884a42e22) Importer(815301076,1909f56bfc062723c751e8b465ee728b)
Number of updated assets reloaded before import = 0
Start importing Assets/PolygonPirates/Prefabs/Weapons/SM_Wep_Sabre_02_Sheath.prefab using Guid(7c18ba5bc74bfce4e8fb37b884a42e22) Importer(815301076,1909f56bfc062723c751e8b465ee728b)  -> (artifact id: '784b06744624d42d94fe78906ec6d7ec') in 0.012353 seconds 
Number of asset objects unloaded after import = 12
========================================================================
Received Import Request.
  Time since last request: 0.000033 seconds.
  path: Assets/PolygonNatureBiomes/PNB_Tropical_Jungle/Models/SM_Env_Volcano_01.fbx
  artifactKey: Guid(8d56ed3000de1414d889c04233be1c6a) Importer(815301076,1909f56bfc062723c751e8b465ee728b)
Number of updated assets reloaded before import = 0
Start importing Assets/PolygonNatureBiomes/PNB_Tropical_Jungle/Models/SM_Env_Volcano_01.fbx using Guid(8d56ed3000de1414d889c04233be1c6a) Importer(815301076,1909f56bfc062723c751e8b465ee728b)  -> (artifact id: '18c3a3d4573a6d86b37b66c4ab2e3062') in 0.012900 seconds 
Number of asset objects unloaded after import = 7
========================================================================
Received Import Request.
  Time since last request: 0.000020 seconds.
  path: Assets/PolygonPirates/Prefabs/Weapons/SM_Wep_Cutlass_04.prefab
  artifactKey: Guid(a5dd16602a9deb242a29655a3728e6d3) Importer(815301076,1909f56bfc062723c751e8b465ee728b)
Number of updated assets reloaded before import = 0
Start importing Assets/PolygonPirates/Prefabs/Weapons/SM_Wep_Cutlass_04.prefab using Guid(a5dd16602a9deb242a29655a3728e6d3) Importer(815301076,1909f56bfc062723c751e8b465ee728b)  -> (artifact id: 'd3cbfc98bd40c1d0a595dd6646ab4efe') in 0.010572 seconds 
Number of asset objects unloaded after import = 12
========================================================================
Received Import Request.
  Time since last request: 0.000022 seconds.
  path: Assets/PolygonPirates/Models/SM_Wep_MusketPistol_DoubleBarrel_02.fbx
  artifactKey: Guid(7a7b2416a195c5f4da85903b2fb7ebcc) Importer(815301076,1909f56bfc062723c751e8b465ee728b)
Number of updated assets reloaded before import = 0
Start importing Assets/PolygonPirates/Models/SM_Wep_MusketPistol_DoubleBarrel_02.fbx using Guid(7a7b2416a195c5f4da85903b2fb7ebcc) Importer(815301076,1909f56bfc062723c751e8b465ee728b)  -> (artifact id: '17a397d9b3d0044d200e5fe4a152ec0e') in 0.011993 seconds 
Number of asset objects unloaded after import = 7
========================================================================
Received Import Request.
  Time since last request: 0.000029 seconds.
  path: Assets/PolygonWestern/Models/SM_Prop_Sack_01.fbx
  artifactKey: Guid(fbeb74b4e3da95745b6a12a3c307dc09) Importer(815301076,1909f56bfc062723c751e8b465ee728b)
Number of updated assets reloaded before import = 0
Start importing Assets/PolygonWestern/Models/SM_Prop_Sack_01.fbx using Guid(fbeb74b4e3da95745b6a12a3c307dc09) Importer(815301076,1909f56bfc062723c751e8b465ee728b)  -> (artifact id: '2ae9b6b3b67f8077d9de3044edfa4767') in 0.011638 seconds 
Number of asset objects unloaded after import = 7
========================================================================
Received Import Request.
  Time since last request: 0.000021 seconds.
  path: Assets/PolygonPirates/Prefabs/Items/SM_Item_Bag_02.prefab
  artifactKey: Guid(a1ac5073ee5d2f446b6450a7324ec0e9) Importer(815301076,1909f56bfc062723c751e8b465ee728b)
Number of updated assets reloaded before import = 0
Start importing Assets/PolygonPirates/Prefabs/Items/SM_Item_Bag_02.prefab using Guid(a1ac5073ee5d2f446b6450a7324ec0e9) Importer(815301076,1909f56bfc062723c751e8b465ee728b)  -> (artifact id: '13ab45a8ae573f07ec610b30ba607060') in 0.011841 seconds 
Number of asset objects unloaded after import = 12
========================================================================
Received Import Request.
  Time since last request: 0.000026 seconds.
  path: Assets/PolygonPirates/Prefabs/Props/SM_Prop_Oar_01.prefab
  artifactKey: Guid(a8be6130876eddd40ac44b3113f52ede) Importer(815301076,1909f56bfc062723c751e8b465ee728b)
Number of updated assets reloaded before import = 0
Start importing Assets/PolygonPirates/Prefabs/Props/SM_Prop_Oar_01.prefab using Guid(a8be6130876eddd40ac44b3113f52ede) Importer(815301076,1909f56bfc062723c751e8b465ee728b)  -> (artifact id: '6c2e41fbd13ac4495ee0f4f4a2867570') in 0.013231 seconds 
Number of asset objects unloaded after import = 12
========================================================================
Received Import Request.
  Time since last request: 0.000024 seconds.
  path: Assets/PolygonPirates/Models/SM_Item_Bag_Attachment_02.fbx
  artifactKey: Guid(b9bbb70530dba7543977c06368c06a64) Importer(815301076,1909f56bfc062723c751e8b465ee728b)
Number of updated assets reloaded before import = 0
Start importing Assets/PolygonPirates/Models/SM_Item_Bag_Attachment_02.fbx using Guid(b9bbb70530dba7543977c06368c06a64) Importer(815301076,1909f56bfc062723c751e8b465ee728b)  -> (artifact id: '5515b3ee3e88e7d5b0f415212f1044bb') in 0.011312 seconds 
Number of asset objects unloaded after import = 7
========================================================================
Received Import Request.
  Time since last request: 0.000032 seconds.
  path: Assets/PolygonPirates/Models/SM_Item_Bag_Attachment_03.fbx
  artifactKey: Guid(7d7497718f72d8844a9f1ddbaaba7def) Importer(815301076,1909f56bfc062723c751e8b465ee728b)
Number of updated assets reloaded before import = 0
Start importing Assets/PolygonPirates/Models/SM_Item_Bag_Attachment_03.fbx using Guid(7d7497718f72d8844a9f1ddbaaba7def) Importer(815301076,1909f56bfc062723c751e8b465ee728b)  -> (artifact id: '7d2dd5270b246215f15e2701bf959635') in 0.029398 seconds 
Number of asset objects unloaded after import = 8
========================================================================
Received Import Request.
  Time since last request: 0.000028 seconds.
  path: Assets/PolygonPirates/Models/SM_Flag_Pirate_03.fbx
  artifactKey: Guid(9e65bc5d0f54fc142b6555d804934948) Importer(815301076,1909f56bfc062723c751e8b465ee728b)
Number of updated assets reloaded before import = 0
Start importing Assets/PolygonPirates/Models/SM_Flag_Pirate_03.fbx using Guid(9e65bc5d0f54fc142b6555d804934948) Importer(815301076,1909f56bfc062723c751e8b465ee728b)  -> (artifact id: '2521f7f31e2853a43c27244b36064ae1') in 0.010183 seconds 
Number of asset objects unloaded after import = 7
========================================================================
Received Import Request.
  Time since last request: 0.000021 seconds.
  path: Assets/PolygonPirates/Prefabs/Environments/SM_Env_Vines_Wall_02.prefab
  artifactKey: Guid(e083095d1873f8b488e6381dbb9c2c15) Importer(815301076,1909f56bfc062723c751e8b465ee728b)
Number of updated assets reloaded before import = 0
Start importing Assets/PolygonPirates/Prefabs/Environments/SM_Env_Vines_Wall_02.prefab using Guid(e083095d1873f8b488e6381dbb9c2c15) Importer(815301076,1909f56bfc062723c751e8b465ee728b)  -> (artifact id: 'c26e81f1421fed304a35c658ed9f8f7e') in 0.010669 seconds 
Number of asset objects unloaded after import = 10
========================================================================
Received Import Request.
  Time since last request: 0.000045 seconds.
  path: Assets/PolygonPirates/Prefabs/Vehicles/SM_Veh_Veh_Boat_Large_01_Hull_Pirate_Attachments.prefab
  artifactKey: Guid(e7ce8fa5a49d9f9429ad31f4144cb19e) Importer(815301076,1909f56bfc062723c751e8b465ee728b)
Number of updated assets reloaded before import = 0
Start importing Assets/PolygonPirates/Prefabs/Vehicles/SM_Veh_Veh_Boat_Large_01_Hull_Pirate_Attachments.prefab using Guid(e7ce8fa5a49d9f9429ad31f4144cb19e) Importer(815301076,1909f56bfc062723c751e8b465ee728b)  -> (artifact id: '6645773185ad1b782551dc21870d35f9') in 0.023075 seconds 
Number of asset objects unloaded after import = 205
========================================================================
Received Import Request.
  Time since last request: 0.000022 seconds.
  path: Assets/PolygonWestern/Models/SM_Prop_Sack_02.fbx
  artifactKey: Guid(5cd867e183af02c4ba17a56707b5840c) Importer(815301076,1909f56bfc062723c751e8b465ee728b)
Number of updated assets reloaded before import = 0
Start importing Assets/PolygonWestern/Models/SM_Prop_Sack_02.fbx using Guid(5cd867e183af02c4ba17a56707b5840c) Importer(815301076,1909f56bfc062723c751e8b465ee728b)  -> (artifact id: '9b4aca3b28dac4c0093dc83c96b842d7') in 0.013804 seconds 
Number of asset objects unloaded after import = 7
========================================================================
Received Import Request.
  Time since last request: 0.000022 seconds.
  path: Assets/PolygonPirates/Prefabs/Weapons/SM_Wep_Rapier_01_Sheath.prefab
  artifactKey: Guid(e5f807065ec752341b7d4c3999fd6a10) Importer(815301076,1909f56bfc062723c751e8b465ee728b)
Number of updated assets reloaded before import = 0
Start importing Assets/PolygonPirates/Prefabs/Weapons/SM_Wep_Rapier_01_Sheath.prefab using Guid(e5f807065ec752341b7d4c3999fd6a10) Importer(815301076,1909f56bfc062723c751e8b465ee728b)  -> (artifact id: '088f5016496a3730380d9b371c7d02d0') in 0.010691 seconds 
Number of asset objects unloaded after import = 12
========================================================================
Received Import Request.
  Time since last request: 0.000022 seconds.
  path: Assets/PolygonWestern/Models/SM_Prop_Milk_Container_01.fbx
  artifactKey: Guid(aeaa6fa694beb6b4290aef6ae39fcedf) Importer(815301076,1909f56bfc062723c751e8b465ee728b)
Number of updated assets reloaded before import = 0
Start importing Assets/PolygonWestern/Models/SM_Prop_Milk_Container_01.fbx using Guid(aeaa6fa694beb6b4290aef6ae39fcedf) Importer(815301076,1909f56bfc062723c751e8b465ee728b)  -> (artifact id: '825914602c4a9bce980fe131d033b4bb') in 0.014588 seconds 
Number of asset objects unloaded after import = 7
========================================================================
Received Import Request.
  Time since last request: 0.000021 seconds.
  path: Assets/PolygonPirates/Models/SM_Prop_Rope_Fence_01.fbx
  artifactKey: Guid(2a136fa6c5961af4b805ab90ba1ff15d) Importer(815301076,1909f56bfc062723c751e8b465ee728b)
Number of updated assets reloaded before import = 0
Start importing Assets/PolygonPirates/Models/SM_Prop_Rope_Fence_01.fbx using Guid(2a136fa6c5961af4b805ab90ba1ff15d) Importer(815301076,1909f56bfc062723c751e8b465ee728b)  -> (artifact id: '2a5eed8050aeb31a73ea70cb1ae8808d') in 0.011413 seconds 
Number of asset objects unloaded after import = 7
========================================================================
Received Import Request.
  Time since last request: 0.000022 seconds.
  path: Assets/PolygonPirates/Models/SM_Prop_Sack_01.fbx
  artifactKey: Guid(d407283ca067b6f41a37e54568c9451f) Importer(815301076,1909f56bfc062723c751e8b465ee728b)
Number of updated assets reloaded before import = 0
Start importing Assets/PolygonPirates/Models/SM_Prop_Sack_01.fbx using Guid(d407283ca067b6f41a37e54568c9451f) Importer(815301076,1909f56bfc062723c751e8b465ee728b)  -> (artifact id: '369120d1527d2e1795b11c261bc42f38') in 0.014072 seconds 
Number of asset objects unloaded after import = 7
========================================================================
Received Import Request.
  Time since last request: 0.000021 seconds.
  path: Assets/PolygonPirates/Models/SM_Wep_Cutlass_01.fbx
  artifactKey: Guid(babcf92077137684e85ef8dcb266a39e) Importer(815301076,1909f56bfc062723c751e8b465ee728b)
Number of updated assets reloaded before import = 0
Start importing Assets/PolygonPirates/Models/SM_Wep_Cutlass_01.fbx using Guid(babcf92077137684e85ef8dcb266a39e) Importer(815301076,1909f56bfc062723c751e8b465ee728b)  -> (artifact id: '4336d582ce2f41a81cf442c330053c49') in 0.011832 seconds 
Number of asset objects unloaded after import = 7
========================================================================
Received Import Request.
  Time since last request: 0.000030 seconds.
  path: Assets/PolygonNatureBiomes/PNB_Tropical_Jungle/Models/SM_Env_Vines_01.fbx
  artifactKey: Guid(c00e48ee56358c74dbb0f0324e1b5f8d) Importer(815301076,1909f56bfc062723c751e8b465ee728b)
Number of updated assets reloaded before import = 0
Start importing Assets/PolygonNatureBiomes/PNB_Tropical_Jungle/Models/SM_Env_Vines_01.fbx using Guid(c00e48ee56358c74dbb0f0324e1b5f8d) Importer(815301076,1909f56bfc062723c751e8b465ee728b)  -> (artifact id: '66bd714346a9ff1e2c1bf52c16c55684') in 0.012694 seconds 
Number of asset objects unloaded after import = 7
========================================================================
Received Import Request.
  Time since last request: 0.000021 seconds.
  path: Assets/PolygonPirates/Prefabs/Weapons/SM_Wep_Boarding_Spear_01.prefab
  artifactKey: Guid(32789634d30e42c47bfb5eb47db85a88) Importer(815301076,1909f56bfc062723c751e8b465ee728b)
Number of updated assets reloaded before import = 0
Start importing Assets/PolygonPirates/Prefabs/Weapons/SM_Wep_Boarding_Spear_01.prefab using Guid(32789634d30e42c47bfb5eb47db85a88) Importer(815301076,1909f56bfc062723c751e8b465ee728b)  -> (artifact id: 'eb5e13637a9b12dc57249f36a91d8d3e') in 0.010627 seconds 
Number of asset objects unloaded after import = 12
========================================================================
Received Import Request.
  Time since last request: 0.000026 seconds.
  path: Assets/PolygonPirates/Models/SM_Prop_Oar_01.fbx
  artifactKey: Guid(f4229a2595227fc479a124ef2a257b62) Importer(815301076,1909f56bfc062723c751e8b465ee728b)
Number of updated assets reloaded before import = 0
Start importing Assets/PolygonPirates/Models/SM_Prop_Oar_01.fbx using Guid(f4229a2595227fc479a124ef2a257b62) Importer(815301076,1909f56bfc062723c751e8b465ee728b)  -> (artifact id: '8daadd360249307796b69a9ac0e5e900') in 0.013006 seconds 
Number of asset objects unloaded after import = 7
========================================================================
Received Import Request.
  Time since last request: 0.000030 seconds.
  path: Assets/PolygonPirates/Prefabs/Weapons/SM_Wep_MusketPistol_02.prefab
  artifactKey: Guid(95e52cd5f55fdfa49abb0eb942d2fa10) Importer(815301076,1909f56bfc062723c751e8b465ee728b)
Number of updated assets reloaded before import = 0
Start importing Assets/PolygonPirates/Prefabs/Weapons/SM_Wep_MusketPistol_02.prefab using Guid(95e52cd5f55fdfa49abb0eb942d2fa10) Importer(815301076,1909f56bfc062723c751e8b465ee728b)  -> (artifact id: '12fd62675f0ae851e4b6f06de5e9f613') in 0.013362 seconds 
Number of asset objects unloaded after import = 12
========================================================================
Received Import Request.
  Time since last request: 0.000017 seconds.
  path: Assets/PolygonPirates/Prefabs/Weapons/SM_Wep_Cutlass_02.prefab
  artifactKey: Guid(253766d71815aa24d884ed3cf0e6eab1) Importer(815301076,1909f56bfc062723c751e8b465ee728b)
Number of updated assets reloaded before import = 0
Start importing Assets/PolygonPirates/Prefabs/Weapons/SM_Wep_Cutlass_02.prefab using Guid(253766d71815aa24d884ed3cf0e6eab1) Importer(815301076,1909f56bfc062723c751e8b465ee728b)  -> (artifact id: 'a47ec9e7a6c30e88541bb3fe503437a1') in 0.014590 seconds 
Number of asset objects unloaded after import = 12
========================================================================
Received Import Request.
  Time since last request: 0.000034 seconds.
  path: Assets/PolygonPirates/Prefabs/Environments/SM_Env_GroundLeaves_02.prefab
  artifactKey: Guid(4a65af0d985ec9a4eb06ab34c09e901a) Importer(815301076,1909f56bfc062723c751e8b465ee728b)
Number of updated assets reloaded before import = 0
Start importing Assets/PolygonPirates/Prefabs/Environments/SM_Env_GroundLeaves_02.prefab using Guid(4a65af0d985ec9a4eb06ab34c09e901a) Importer(815301076,1909f56bfc062723c751e8b465ee728b)  -> (artifact id: '7b94365035689e87caa77ba0ae495910') in 0.011033 seconds 
Number of asset objects unloaded after import = 10
========================================================================
Received Import Request.
  Time since last request: 0.000019 seconds.
  path: Assets/PolygonPirates/Prefabs/Weapons/SM_Wep_Dagger_01_Sheath.prefab
  artifactKey: Guid(5585ff8735fd16f4a855a7d2a4c264e1) Importer(815301076,1909f56bfc062723c751e8b465ee728b)
Number of updated assets reloaded before import = 0
Start importing Assets/PolygonPirates/Prefabs/Weapons/SM_Wep_Dagger_01_Sheath.prefab using Guid(5585ff8735fd16f4a855a7d2a4c264e1) Importer(815301076,1909f56bfc062723c751e8b465ee728b)  -> (artifact id: '0bad044525d9ef9b6fe32c91a5c89452') in 0.011980 seconds 
Number of asset objects unloaded after import = 12
========================================================================
Received Import Request.
  Time since last request: 0.000017 seconds.
  path: Assets/PolygonPirates/Models/SM_Wep_Rifle_DoubleBarrel_01_Separate.fbx
  artifactKey: Guid(ece3cdb1268fdf84a9c7e35b743e73cc) Importer(815301076,1909f56bfc062723c751e8b465ee728b)
Number of updated assets reloaded before import = 0
Start importing Assets/PolygonPirates/Models/SM_Wep_Rifle_DoubleBarrel_01_Separate.fbx using Guid(ece3cdb1268fdf84a9c7e35b743e73cc) Importer(815301076,1909f56bfc062723c751e8b465ee728b)  -> (artifact id: '1c638f310b18c4fc7bdfd09806b01e8f') in 0.027062 seconds 
Number of asset objects unloaded after import = 17
========================================================================
Received Import Request.
  Time since last request: 0.000027 seconds.
  path: Assets/PolygonPirates/Models/SM_Wep_MusketPistol_01_Separate.fbx
  artifactKey: Guid(539c6f92069f1f6469a21a0b39415db0) Importer(815301076,1909f56bfc062723c751e8b465ee728b)
Number of updated assets reloaded before import = 0
Start importing Assets/PolygonPirates/Models/SM_Wep_MusketPistol_01_Separate.fbx using Guid(539c6f92069f1f6469a21a0b39415db0) Importer(815301076,1909f56bfc062723c751e8b465ee728b)  -> (artifact id: 'c5beb7a00a5c660e9603d5a8471ef8a0') in 0.022267 seconds 
Number of asset objects unloaded after import = 12
========================================================================
Received Import Request.
  Time since last request: 0.000020 seconds.
  path: Assets/PolygonPirates/Models/SM_Wep_MusketPistol_03.fbx
  artifactKey: Guid(8dcfd5023cd13f64daf90a2860a398b3) Importer(815301076,1909f56bfc062723c751e8b465ee728b)
Number of updated assets reloaded before import = 0
Start importing Assets/PolygonPirates/Models/SM_Wep_MusketPistol_03.fbx using Guid(8dcfd5023cd13f64daf90a2860a398b3) Importer(815301076,1909f56bfc062723c751e8b465ee728b)  -> (artifact id: '3df9fbddcd92b641cdc1e90e5f6fc2e4') in 0.010946 seconds 
Number of asset objects unloaded after import = 7
========================================================================
Received Import Request.
  Time since last request: 0.000017 seconds.
  path: Assets/PolygonPirates/Prefabs/Props/SM_Prop_Rope_Hanging_01.prefab
  artifactKey: Guid(407e4d63df905ed48b5c9cfa02585799) Importer(815301076,1909f56bfc062723c751e8b465ee728b)
Number of updated assets reloaded before import = 0
Start importing Assets/PolygonPirates/Prefabs/Props/SM_Prop_Rope_Hanging_01.prefab using Guid(407e4d63df905ed48b5c9cfa02585799) Importer(815301076,1909f56bfc062723c751e8b465ee728b)  -> (artifact id: '1c14642ee9beb7caf8bfc1d24026bffb') in 0.012737 seconds 
Number of asset objects unloaded after import = 12
========================================================================
Received Import Request.
  Time since last request: 0.000020 seconds.
  path: Assets/PolygonPirates/Prefabs/Vehicles/SM_Flag_Pirate_02.prefab
  artifactKey: Guid(ad75a0e63b46d8d438738423a74e797f) Importer(815301076,1909f56bfc062723c751e8b465ee728b)
Number of updated assets reloaded before import = 0
Start importing Assets/PolygonPirates/Prefabs/Vehicles/SM_Flag_Pirate_02.prefab using Guid(ad75a0e63b46d8d438738423a74e797f) Importer(815301076,1909f56bfc062723c751e8b465ee728b)  -> (artifact id: '6215e706feebf5c5aa72a63ec31df94b') in 0.010592 seconds 
Number of asset objects unloaded after import = 11
========================================================================
Received Import Request.
  Time since last request: 0.000022 seconds.
  path: Assets/PolygonPirates/Prefabs/Weapons/SM_Wep_MusketPistol_01.prefab
  artifactKey: Guid(585b903caa4df504d855f8d5a7080dbc) Importer(815301076,1909f56bfc062723c751e8b465ee728b)
Number of updated assets reloaded before import = 0
Start importing Assets/PolygonPirates/Prefabs/Weapons/SM_Wep_MusketPistol_01.prefab using Guid(585b903caa4df504d855f8d5a7080dbc) Importer(815301076,1909f56bfc062723c751e8b465ee728b)  -> (artifact id: '0834587e45a7843ac0783a3863aac395') in 0.010411 seconds 
Number of asset objects unloaded after import = 12
========================================================================
Received Import Request.
  Time since last request: 0.000027 seconds.
  path: Assets/PolygonPirates/Prefabs/Items/SM_Item_Bag_01.prefab
  artifactKey: Guid(b620df130404a9944af5b799b9b4750b) Importer(815301076,1909f56bfc062723c751e8b465ee728b)
Number of updated assets reloaded before import = 0
Start importing Assets/PolygonPirates/Prefabs/Items/SM_Item_Bag_01.prefab using Guid(b620df130404a9944af5b799b9b4750b) Importer(815301076,1909f56bfc062723c751e8b465ee728b)  -> (artifact id: 'fcf6879241071defb411ad7e5487f2ed') in 0.012125 seconds 
Number of asset objects unloaded after import = 12
========================================================================
Received Import Request.
  Time since last request: 0.000020 seconds.
  path: Assets/PolygonPirates/Models/SM_Env_PalmTree_Tall_02.fbx
  artifactKey: Guid(815579cec0d39d9469acfb5820c165f5) Importer(815301076,1909f56bfc062723c751e8b465ee728b)
Number of updated assets reloaded before import = 0
Start importing Assets/PolygonPirates/Models/SM_Env_PalmTree_Tall_02.fbx using Guid(815579cec0d39d9469acfb5820c165f5) Importer(815301076,1909f56bfc062723c751e8b465ee728b)  -> (artifact id: '5aa109c7001c615ca1b3bd74d533faf5') in 0.011854 seconds 
Number of asset objects unloaded after import = 7
========================================================================
Received Import Request.
  Time since last request: 0.000021 seconds.
  path: Assets/PolygonPirates/Prefabs/Items/SM_Item_Bottle_Attachment_01.prefab
  artifactKey: Guid(4318f89cf0c834647a6b517d0203fe4f) Importer(815301076,1909f56bfc062723c751e8b465ee728b)
Number of updated assets reloaded before import = 0
Start importing Assets/PolygonPirates/Prefabs/Items/SM_Item_Bottle_Attachment_01.prefab using Guid(4318f89cf0c834647a6b517d0203fe4f) Importer(815301076,1909f56bfc062723c751e8b465ee728b)  -> (artifact id: '617d63eafc7e099a242a88c78a462143') in 0.011541 seconds 
Number of asset objects unloaded after import = 12
========================================================================
Received Import Request.
  Time since last request: 0.000030 seconds.
  path: Assets/PolygonNatureBiomes/PNB_Tropical_Jungle/Prefabs/SM_Env_Vines_05.prefab
  artifactKey: Guid(1d61e7f692cee4a47b704ded63f559d6) Importer(815301076,1909f56bfc062723c751e8b465ee728b)
Number of updated assets reloaded before import = 0
Start importing Assets/PolygonNatureBiomes/PNB_Tropical_Jungle/Prefabs/SM_Env_Vines_05.prefab using Guid(1d61e7f692cee4a47b704ded63f559d6) Importer(815301076,1909f56bfc062723c751e8b465ee728b)  -> (artifact id: 'fe18475ac0ff4e6ee6146234dfd1aac9') in 0.016663 seconds 
Number of asset objects unloaded after import = 13
========================================================================
Received Import Request.
  Time since last request: 0.000038 seconds.
  path: Assets/PolygonPirates/Models/SM_Wep_Rifle_DoubleBarrel_01.fbx
  artifactKey: Guid(1f4151e98daec344c908452d0acde16a) Importer(815301076,1909f56bfc062723c751e8b465ee728b)
Number of updated assets reloaded before import = 0
Start importing Assets/PolygonPirates/Models/SM_Wep_Rifle_DoubleBarrel_01.fbx using Guid(1f4151e98daec344c908452d0acde16a) Importer(815301076,1909f56bfc062723c751e8b465ee728b)  -> (artifact id: '91352e53633c72ea977e68cda4afe9ce') in 0.014783 seconds 
Number of asset objects unloaded after import = 7
========================================================================
Received Import Request.
  Time since last request: 0.000017 seconds.
  path: Assets/PolygonWestern/Models/SM_Prop_Piano_Seat_01.fbx
  artifactKey: Guid(43d8157d9d21ded41adaf0585470891c) Importer(815301076,1909f56bfc062723c751e8b465ee728b)
Number of updated assets reloaded before import = 0
Start importing Assets/PolygonWestern/Models/SM_Prop_Piano_Seat_01.fbx using Guid(43d8157d9d21ded41adaf0585470891c) Importer(815301076,1909f56bfc062723c751e8b465ee728b)  -> (artifact id: '0f2c1f493a91c01c9d3819d3fcd2d53a') in 0.011464 seconds 
Number of asset objects unloaded after import = 7
========================================================================
Received Import Request.
  Time since last request: 0.000028 seconds.
  path: Assets/PolygonPirates/Prefabs/Props/SM_Prop_Pot_01.prefab
  artifactKey: Guid(0e491ed641e91954d82c1ab1b9fbfc19) Importer(815301076,1909f56bfc062723c751e8b465ee728b)
Number of updated assets reloaded before import = 0
Start importing Assets/PolygonPirates/Prefabs/Props/SM_Prop_Pot_01.prefab using Guid(0e491ed641e91954d82c1ab1b9fbfc19) Importer(815301076,1909f56bfc062723c751e8b465ee728b)  -> (artifact id: '85c985ddf6a9d9ee4df20e29cc40649c') in 0.011185 seconds 
Number of asset objects unloaded after import = 12
========================================================================
Received Import Request.
  Time since last request: 0.000023 seconds.
  path: Assets/PolygonPirates/Models/SM_Wep_BlunderBuss_02_Separate.fbx
  artifactKey: Guid(e31251467e1a2f34fb3a12ba82316deb) Importer(815301076,1909f56bfc062723c751e8b465ee728b)
Number of updated assets reloaded before import = 0
Start importing Assets/PolygonPirates/Models/SM_Wep_BlunderBuss_02_Separate.fbx using Guid(e31251467e1a2f34fb3a12ba82316deb) Importer(815301076,1909f56bfc062723c751e8b465ee728b)  -> (artifact id: '1c9738b7869f840d615ccea048e61ef0') in 0.019199 seconds 
Number of asset objects unloaded after import = 12
========================================================================
Received Import Request.
  Time since last request: 0.000024 seconds.
  path: Assets/PolygonPirates/Models/SM_Wep_MusketPistol_DoubleBarrel_01.fbx
  artifactKey: Guid(d47a303f345450349850f33afa04122e) Importer(815301076,1909f56bfc062723c751e8b465ee728b)
Number of updated assets reloaded before import = 0
Start importing Assets/PolygonPirates/Models/SM_Wep_MusketPistol_DoubleBarrel_01.fbx using Guid(d47a303f345450349850f33afa04122e) Importer(815301076,1909f56bfc062723c751e8b465ee728b)  -> (artifact id: '95bc2a2b394259248f4d08dc394a0836') in 0.012234 seconds 
Number of asset objects unloaded after import = 7
========================================================================
Received Import Request.
  Time since last request: 0.000020 seconds.
  path: Assets/PolygonPirates/Models/SM_Wep_MusketPistol_05.fbx
  artifactKey: Guid(97dbc313d36b5064fa42c73960ea7e5c) Importer(815301076,1909f56bfc062723c751e8b465ee728b)
Number of updated assets reloaded before import = 0
Start importing Assets/PolygonPirates/Models/SM_Wep_MusketPistol_05.fbx using Guid(97dbc313d36b5064fa42c73960ea7e5c) Importer(815301076,1909f56bfc062723c751e8b465ee728b)  -> (artifact id: 'f2ff85c5175f34da89a21d7c00cdf5cf') in 0.011555 seconds 
Number of asset objects unloaded after import = 7
========================================================================
Received Import Request.
  Time since last request: 0.000030 seconds.
  path: Assets/PolygonPirates/Prefabs/Items/SM_Item_Bag_Attachment_03.prefab
  artifactKey: Guid(2a6b1f810ea94934da73f1391a39deaa) Importer(815301076,1909f56bfc062723c751e8b465ee728b)
Number of updated assets reloaded before import = 0
Start importing Assets/PolygonPirates/Prefabs/Items/SM_Item_Bag_Attachment_03.prefab using Guid(2a6b1f810ea94934da73f1391a39deaa) Importer(815301076,1909f56bfc062723c751e8b465ee728b)  -> (artifact id: '9e2345544d5de40354928ccdd075856c') in 0.012190 seconds 
Number of asset objects unloaded after import = 9
========================================================================
Received Import Request.
  Time since last request: 0.000025 seconds.
  path: Assets/PolygonPirates/Prefabs/Items/SM_Item_Bottle_04.prefab
  artifactKey: Guid(ace0bec95f69ee4408881b94beec4447) Importer(815301076,1909f56bfc062723c751e8b465ee728b)
Number of updated assets reloaded before import = 0
Start importing Assets/PolygonPirates/Prefabs/Items/SM_Item_Bottle_04.prefab using Guid(ace0bec95f69ee4408881b94beec4447) Importer(815301076,1909f56bfc062723c751e8b465ee728b)  -> (artifact id: 'c751461247e4ae6959a14b2aa34a3034') in 0.011536 seconds 
Number of asset objects unloaded after import = 12
========================================================================
Received Import Request.
  Time since last request: 0.000021 seconds.
  path: Assets/PolygonWestern/Models/SM_Env_TreeDead_02.fbx
  artifactKey: Guid(52dc08aa1313ec54aa98d14e73048458) Importer(815301076,1909f56bfc062723c751e8b465ee728b)
Number of updated assets reloaded before import = 0
Start importing Assets/PolygonWestern/Models/SM_Env_TreeDead_02.fbx using Guid(52dc08aa1313ec54aa98d14e73048458) Importer(815301076,1909f56bfc062723c751e8b465ee728b)  -> (artifact id: '548168b1e2baad9adc6aca80f34877c4') in 0.012924 seconds 
Number of asset objects unloaded after import = 7
========================================================================
Received Import Request.
  Time since last request: 0.000023 seconds.
  path: Assets/PolygonPirates/Models/SM_Item_Candelabra_01.fbx
  artifactKey: Guid(953c1d9e264eaba4d9019663efde1d7c) Importer(815301076,1909f56bfc062723c751e8b465ee728b)
Number of updated assets reloaded before import = 0
Start importing Assets/PolygonPirates/Models/SM_Item_Candelabra_01.fbx using Guid(953c1d9e264eaba4d9019663efde1d7c) Importer(815301076,1909f56bfc062723c751e8b465ee728b)  -> (artifact id: '175c919b0c6f375c8f91bb1487f88755') in 0.013465 seconds 
Number of asset objects unloaded after import = 7
========================================================================
Received Import Request.
  Time since last request: 0.000028 seconds.
  path: Assets/PolygonPirates/Models/SM_Wep_Cutlass_03_Sheath.fbx
  artifactKey: Guid(8a6d9fc71d141904381000e8e027243c) Importer(815301076,1909f56bfc062723c751e8b465ee728b)
Number of updated assets reloaded before import = 0
Start importing Assets/PolygonPirates/Models/SM_Wep_Cutlass_03_Sheath.fbx using Guid(8a6d9fc71d141904381000e8e027243c) Importer(815301076,1909f56bfc062723c751e8b465ee728b)  -> (artifact id: '2c93bcbb37e8b88b1199e55e6ab96dea') in 0.011900 seconds 
Number of asset objects unloaded after import = 7
========================================================================
Received Import Request.
  Time since last request: 0.000028 seconds.
  path: Assets/PolygonPirates/Models/SM_Prop_RoofFence_01.fbx
  artifactKey: Guid(568f3f97f482f604b9f49021691ce196) Importer(815301076,1909f56bfc062723c751e8b465ee728b)
Number of updated assets reloaded before import = 0
Start importing Assets/PolygonPirates/Models/SM_Prop_RoofFence_01.fbx using Guid(568f3f97f482f604b9f49021691ce196) Importer(815301076,1909f56bfc062723c751e8b465ee728b)  -> (artifact id: '3fe3387ef9024883b9805315770f461f') in 0.011881 seconds 
Number of asset objects unloaded after import = 7
========================================================================
Received Import Request.
  Time since last request: 0.000017 seconds.
  path: Assets/PolygonPirates/Prefabs/Weapons/SM_Wep_Pistol_DoubleBarrel_01.prefab
  artifactKey: Guid(d279b87d89327b749b477d29b966fd39) Importer(815301076,1909f56bfc062723c751e8b465ee728b)
Number of updated assets reloaded before import = 0
Start importing Assets/PolygonPirates/Prefabs/Weapons/SM_Wep_Pistol_DoubleBarrel_01.prefab using Guid(d279b87d89327b749b477d29b966fd39) Importer(815301076,1909f56bfc062723c751e8b465ee728b)  -> (artifact id: '5e85411ca777a17641d16e37a50331b6') in 0.011345 seconds 
Number of asset objects unloaded after import = 12
========================================================================
Received Import Request.
  Time since last request: 0.000018 seconds.
  path: Assets/PolygonNatureBiomes/PNB_Tropical_Jungle/Prefabs/SM_Env_Vines_02.prefab
  artifactKey: Guid(ffa8f59f97997f644aa4d87ac5433d6c) Importer(815301076,1909f56bfc062723c751e8b465ee728b)
Number of updated assets reloaded before import = 0
Start importing Assets/PolygonNatureBiomes/PNB_Tropical_Jungle/Prefabs/SM_Env_Vines_02.prefab using Guid(ffa8f59f97997f644aa4d87ac5433d6c) Importer(815301076,1909f56bfc062723c751e8b465ee728b)  -> (artifact id: '98c525ed40a546d08d9a313bf57cce83') in 0.015604 seconds 
Number of asset objects unloaded after import = 13
========================================================================
Received Import Request.
  Time since last request: 0.000026 seconds.
  path: Assets/PolygonPirates/Prefabs/Weapons/SM_Wep_Rifle_01.prefab
  artifactKey: Guid(d70905084a649974b946c56d8431d017) Importer(815301076,1909f56bfc062723c751e8b465ee728b)
Number of updated assets reloaded before import = 0
Start importing Assets/PolygonPirates/Prefabs/Weapons/SM_Wep_Rifle_01.prefab using Guid(d70905084a649974b946c56d8431d017) Importer(815301076,1909f56bfc062723c751e8b465ee728b)  -> (artifact id: 'bfab1f84d216c9ee3948b6bc4fb3635b') in 0.011335 seconds 
Number of asset objects unloaded after import = 12
========================================================================
Received Import Request.
  Time since last request: 0.000026 seconds.
  path: Assets/PolygonPirates/Models/SM_Wep_Rapier_01.fbx
  artifactKey: Guid(bc6fa49bd9ccec44eab50efec0cb11c9) Importer(815301076,1909f56bfc062723c751e8b465ee728b)
Number of updated assets reloaded before import = 0
Start importing Assets/PolygonPirates/Models/SM_Wep_Rapier_01.fbx using Guid(bc6fa49bd9ccec44eab50efec0cb11c9) Importer(815301076,1909f56bfc062723c751e8b465ee728b)  -> (artifact id: 'ee374b23d2020039561b1a177a2728e3') in 0.012882 seconds 
Number of asset objects unloaded after import = 7
========================================================================
Received Import Request.
  Time since last request: 0.000017 seconds.
  path: Assets/PolygonPirates/Models/SM_Prop_Rope_Hanging_01.fbx
  artifactKey: Guid(2c482ee840489f145a70f8866b43e747) Importer(815301076,1909f56bfc062723c751e8b465ee728b)
Number of updated assets reloaded before import = 0
Start importing Assets/PolygonPirates/Models/SM_Prop_Rope_Hanging_01.fbx using Guid(2c482ee840489f145a70f8866b43e747) Importer(815301076,1909f56bfc062723c751e8b465ee728b)  -> (artifact id: 'a15051f58178d247dac08c9f124d5ea3') in 0.010606 seconds 
Number of asset objects unloaded after import = 7
========================================================================
Received Import Request.
  Time since last request: 0.000016 seconds.
  path: Assets/PolygonPirates/Models/SM_Wep_Pistol_DoubleBarrel_01.fbx
  artifactKey: Guid(93f750d0c9905254c9e051e5f7fa5c52) Importer(815301076,1909f56bfc062723c751e8b465ee728b)
Number of updated assets reloaded before import = 0
Start importing Assets/PolygonPirates/Models/SM_Wep_Pistol_DoubleBarrel_01.fbx using Guid(93f750d0c9905254c9e051e5f7fa5c52) Importer(815301076,1909f56bfc062723c751e8b465ee728b)  -> (artifact id: '32ba885c712c872b942322f2657ab30f') in 0.010658 seconds 
Number of asset objects unloaded after import = 7
========================================================================
Received Import Request.
  Time since last request: 0.000014 seconds.
  path: Assets/PolygonPirates/Models/SM_Wep_Sabre_02.fbx
  artifactKey: Guid(dd09fbc24aa00044bb411467903ba9ab) Importer(815301076,1909f56bfc062723c751e8b465ee728b)
Number of updated assets reloaded before import = 0
Start importing Assets/PolygonPirates/Models/SM_Wep_Sabre_02.fbx using Guid(dd09fbc24aa00044bb411467903ba9ab) Importer(815301076,1909f56bfc062723c751e8b465ee728b)  -> (artifact id: '7134b98b39b819d79bd44260d8b4415b') in 0.013631 seconds 
Number of asset objects unloaded after import = 7
========================================================================
Received Import Request.
  Time since last request: 0.000023 seconds.
  path: Assets/PolygonNatureBiomes/PNB_Tropical_Jungle/Prefabs/SM_Env_Tubes_01.prefab
  artifactKey: Guid(703f471ca1e66a54785303bd75b5a84e) Importer(815301076,1909f56bfc062723c751e8b465ee728b)
Number of updated assets reloaded before import = 0
Start importing Assets/PolygonNatureBiomes/PNB_Tropical_Jungle/Prefabs/SM_Env_Tubes_01.prefab using Guid(703f471ca1e66a54785303bd75b5a84e) Importer(815301076,1909f56bfc062723c751e8b465ee728b)  -> (artifact id: 'dcd4d116f5fb57cce81251348cc1607f') in 0.014048 seconds 
Number of asset objects unloaded after import = 23
========================================================================
Received Import Request.
  Time since last request: 0.000022 seconds.
  path: Assets/PolygonPirates/Prefabs/Items/SM_Item_Bottle_02.prefab
  artifactKey: Guid(b0af57c3e75b4d4409f5e6c75d13179a) Importer(815301076,1909f56bfc062723c751e8b465ee728b)
Number of updated assets reloaded before import = 0
Start importing Assets/PolygonPirates/Prefabs/Items/SM_Item_Bottle_02.prefab using Guid(b0af57c3e75b4d4409f5e6c75d13179a) Importer(815301076,1909f56bfc062723c751e8b465ee728b)  -> (artifact id: 'f3221ab2eea6d680a6ba310f326d96aa') in 0.010938 seconds 
Number of asset objects unloaded after import = 12
========================================================================
Received Import Request.
  Time since last request: 0.000019 seconds.
  path: Assets/PolygonPirates/Prefabs/Environments/SM_Env_PalmTree_04.prefab
  artifactKey: Guid(55b4af7a1d7e3d646afc71ec6d561989) Importer(815301076,1909f56bfc062723c751e8b465ee728b)
Number of updated assets reloaded before import = 0
Start importing Assets/PolygonPirates/Prefabs/Environments/SM_Env_PalmTree_04.prefab using Guid(55b4af7a1d7e3d646afc71ec6d561989) Importer(815301076,1909f56bfc062723c751e8b465ee728b)  -> (artifact id: '3d9e34331cfe4c7ccdc1eda086bd4f2a') in 0.012227 seconds 
Number of asset objects unloaded after import = 12
========================================================================
Received Import Request.
  Time since last request: 0.000029 seconds.
  path: Assets/PolygonPirates/Prefabs/Weapons/SM_Wep_Sabre_02.prefab
  artifactKey: Guid(bb885bdbf06a44d49ab7813038fa9518) Importer(815301076,1909f56bfc062723c751e8b465ee728b)
Number of updated assets reloaded before import = 0
Start importing Assets/PolygonPirates/Prefabs/Weapons/SM_Wep_Sabre_02.prefab using Guid(bb885bdbf06a44d49ab7813038fa9518) Importer(815301076,1909f56bfc062723c751e8b465ee728b)  -> (artifact id: '55adb67864d3dd91eb68ece8c5128922') in 0.010941 seconds 
Number of asset objects unloaded after import = 12
========================================================================
Received Import Request.
  Time since last request: 0.000027 seconds.
  path: Assets/PolygonPirates/Prefabs/Weapons/SM_Wep_Rifle_DoubleBarrel_01_Separate.prefab
  artifactKey: Guid(39967adf9c642c9409b734c109b4d0d3) Importer(815301076,1909f56bfc062723c751e8b465ee728b)
Number of updated assets reloaded before import = 0
Start importing Assets/PolygonPirates/Prefabs/Weapons/SM_Wep_Rifle_DoubleBarrel_01_Separate.prefab using Guid(39967adf9c642c9409b734c109b4d0d3) Importer(815301076,1909f56bfc062723c751e8b465ee728b)  -> (artifact id: 'cb5c2f909ad38ba41661d101aa87f430') in 0.011378 seconds 
Number of asset objects unloaded after import = 22
========================================================================
Received Import Request.
  Time since last request: 0.000020 seconds.
  path: Assets/PolygonPirates/Models/SM_Prop_Pillar_01.fbx
  artifactKey: Guid(ac2a19abc949ce94a8dfa79b67a23e4a) Importer(815301076,1909f56bfc062723c751e8b465ee728b)
Number of updated assets reloaded before import = 0
Start importing Assets/PolygonPirates/Models/SM_Prop_Pillar_01.fbx using Guid(ac2a19abc949ce94a8dfa79b67a23e4a) Importer(815301076,1909f56bfc062723c751e8b465ee728b)  -> (artifact id: '15dab5298f5829d98780f9dfa64dc932') in 0.012000 seconds 
Number of asset objects unloaded after import = 7
========================================================================
Received Import Request.
  Time since last request: 0.000021 seconds.
  path: Assets/PolygonPirates/Prefabs/Environments/SM_Env_Tree_Vines_04.prefab
  artifactKey: Guid(d9a079c452b648a4cbefe15bb9c53316) Importer(815301076,1909f56bfc062723c751e8b465ee728b)
Number of updated assets reloaded before import = 0
Start importing Assets/PolygonPirates/Prefabs/Environments/SM_Env_Tree_Vines_04.prefab using Guid(d9a079c452b648a4cbefe15bb9c53316) Importer(815301076,1909f56bfc062723c751e8b465ee728b)  -> (artifact id: '6bf2ab68a61716c18e6b4c0bd933aeb7') in 0.008926 seconds 
Number of asset objects unloaded after import = 10
========================================================================
Received Import Request.
  Time since last request: 1.164655 seconds.
  path: Assets/PolygonWestern/Models/SM_Veh_Train_Coal_01.fbx
  artifactKey: Guid(0d9eb056b9818684c9ccf449840d7737) Importer(815301076,1909f56bfc062723c751e8b465ee728b)
Number of updated assets reloaded before import = 0
Start importing Assets/PolygonWestern/Models/SM_Veh_Train_Coal_01.fbx using Guid(0d9eb056b9818684c9ccf449840d7737) Importer(815301076,1909f56bfc062723c751e8b465ee728b)  -> (artifact id: '2d84f0ff9f54bf0ccad7178a26a6eecd') in 0.014983 seconds 
Number of asset objects unloaded after import = 7
========================================================================
Received Import Request.
  Time since last request: 0.000020 seconds.
  path: Assets/PolygonWestern/Models/SM_Veh_Train_Freight_01.fbx
  artifactKey: Guid(cb84bfb8e15d2794f8a852e0e617db9f) Importer(815301076,1909f56bfc062723c751e8b465ee728b)
Number of updated assets reloaded before import = 0
Start importing Assets/PolygonWestern/Models/SM_Veh_Train_Freight_01.fbx using Guid(cb84bfb8e15d2794f8a852e0e617db9f) Importer(815301076,1909f56bfc062723c751e8b465ee728b)  -> (artifact id: 'd6d9909f1e91c84e22eca39c47632ed7') in 0.045022 seconds 
Number of asset objects unloaded after import = 27
========================================================================
Received Import Request.
  Time since last request: 0.000023 seconds.
  path: Assets/PolygonPirates/Models/SM_Veh_Veh_Boat_Large_01_Hull.fbx
  artifactKey: Guid(8dd6d1638da6f31428a66d394bc274f8) Importer(815301076,1909f56bfc062723c751e8b465ee728b)
Number of updated assets reloaded before import = 0
Start importing Assets/PolygonPirates/Models/SM_Veh_Veh_Boat_Large_01_Hull.fbx using Guid(8dd6d1638da6f31428a66d394bc274f8) Importer(815301076,1909f56bfc062723c751e8b465ee728b)  -> (artifact id: 'f3f5714f3d119947a161b6f668ab33d5') in 0.071190 seconds 
Number of asset objects unloaded after import = 52
========================================================================
Received Import Request.
  Time since last request: 0.306947 seconds.
  path: Assets/PolygonPirates/Prefabs/Vehicles/SM_Veh_Extra_Barrel_01.prefab
  artifactKey: Guid(7c961025c06bed9448a821af0df91678) Importer(815301076,1909f56bfc062723c751e8b465ee728b)
Number of updated assets reloaded before import = 0
Start importing Assets/PolygonPirates/Prefabs/Vehicles/SM_Veh_Extra_Barrel_01.prefab using Guid(7c961025c06bed9448a821af0df91678) Importer(815301076,1909f56bfc062723c751e8b465ee728b)  -> (artifact id: '2857b11420a2fb69b8e87b070307cf76') in 0.011417 seconds 
Number of asset objects unloaded after import = 12
========================================================================
Received Import Request.
  Time since last request: 0.000021 seconds.
  path: Assets/PolygonPirates/Prefabs/Vehicles/SM_Veh_Extra_Gun_01.prefab
  artifactKey: Guid(60374011c4699ed439d515d67fe80bea) Importer(815301076,1909f56bfc062723c751e8b465ee728b)
Number of updated assets reloaded before import = 0
Start importing Assets/PolygonPirates/Prefabs/Vehicles/SM_Veh_Extra_Gun_01.prefab using Guid(60374011c4699ed439d515d67fe80bea) Importer(815301076,1909f56bfc062723c751e8b465ee728b)  -> (artifact id: '1c3488cbd99412f018128b03d449a157') in 0.015629 seconds 
Number of asset objects unloaded after import = 22
========================================================================
Received Import Request.
  Time since last request: 0.000026 seconds.
  path: Assets/PolygonPirates/Prefabs/Vehicles/SM_Veh_Extra_Barrels_01.prefab
  artifactKey: Guid(02698ac85a89eb04f858a29b3891b849) Importer(815301076,1909f56bfc062723c751e8b465ee728b)
Number of updated assets reloaded before import = 0
Start importing Assets/PolygonPirates/Prefabs/Vehicles/SM_Veh_Extra_Barrels_01.prefab using Guid(02698ac85a89eb04f858a29b3891b849) Importer(815301076,1909f56bfc062723c751e8b465ee728b)  -> (artifact id: 'ab3648c452166fc7064d49c2af84eed4') in 0.012107 seconds 
Number of asset objects unloaded after import = 12
========================================================================
Received Import Request.
  Time since last request: 0.000021 seconds.
  path: Assets/PolygonPirates/Models/SM_Veh_Extra_Cargo_01.fbx
  artifactKey: Guid(629a74044dfb8954784e19827a88097e) Importer(815301076,1909f56bfc062723c751e8b465ee728b)
Number of updated assets reloaded before import = 0
Start importing Assets/PolygonPirates/Models/SM_Veh_Extra_Cargo_01.fbx using Guid(629a74044dfb8954784e19827a88097e) Importer(815301076,1909f56bfc062723c751e8b465ee728b)  -> (artifact id: '733fe15ee0593d3b7c0762cda768c00e') in 0.019335 seconds 
Number of asset objects unloaded after import = 7
========================================================================
Received Import Request.
  Time since last request: 0.000028 seconds.
  path: Assets/PolygonPirates/Models/SM_Veh_Extra_Gun_01_Pirate.fbx
  artifactKey: Guid(344039e8dcbf3124bb7d74c13fe3a05a) Importer(815301076,1909f56bfc062723c751e8b465ee728b)
Number of updated assets reloaded before import = 0
Start importing Assets/PolygonPirates/Models/SM_Veh_Extra_Gun_01_Pirate.fbx using Guid(344039e8dcbf3124bb7d74c13fe3a05a) Importer(815301076,1909f56bfc062723c751e8b465ee728b)  -> (artifact id: '9bfa7876b69421966f8bd13a12b8b9d1') in 0.035458 seconds 
Number of asset objects unloaded after import = 17
========================================================================
Received Import Request.
  Time since last request: 0.382164 seconds.
  path: Assets/PolygonPirates/Prefabs/Vehicles/SM_Veh_Boat_Warship_01_Hull_Attachments.prefab
  artifactKey: Guid(00527f6e18debd843a66aba9400c8c45) Importer(815301076,1909f56bfc062723c751e8b465ee728b)
Number of updated assets reloaded before import = 0
Start importing Assets/PolygonPirates/Prefabs/Vehicles/SM_Veh_Boat_Warship_01_Hull_Attachments.prefab using Guid(00527f6e18debd843a66aba9400c8c45) Importer(815301076,1909f56bfc062723c751e8b465ee728b)  -> (artifact id: '814dd9687d01fea674ef9f5baf299772') in 0.026560 seconds 
Number of asset objects unloaded after import = 222
========================================================================
Received Import Request.
  Time since last request: 0.000028 seconds.
  path: Assets/PolygonPirates/Models/SM_Veh_Boat_Warship_01_Hull_Upsized_Pirate.fbx
  artifactKey: Guid(41928d4733143b144b342d36e6d0e719) Importer(815301076,1909f56bfc062723c751e8b465ee728b)
Number of updated assets reloaded before import = 0
Start importing Assets/PolygonPirates/Models/SM_Veh_Boat_Warship_01_Hull_Upsized_Pirate.fbx using Guid(41928d4733143b144b342d36e6d0e719) Importer(815301076,1909f56bfc062723c751e8b465ee728b)  -> (artifact id: '0006aae1969d4643719bc9f25b96570b') in 0.122672 seconds 
Number of asset objects unloaded after import = 72
========================================================================
Received Import Request.
  Time since last request: 0.000035 seconds.
  path: Assets/PolygonPirates/Models/SM_Veh_Boat_Warship_01_Hull_Upsized.fbx
  artifactKey: Guid(c30c27f7de8c4ac4bafe75aa186721bd) Importer(815301076,1909f56bfc062723c751e8b465ee728b)
Number of updated assets reloaded before import = 0
Start importing Assets/PolygonPirates/Models/SM_Veh_Boat_Warship_01_Hull_Upsized.fbx using Guid(c30c27f7de8c4ac4bafe75aa186721bd) Importer(815301076,1909f56bfc062723c751e8b465ee728b)  -> (artifact id: '03ba690d48a63333bbda3cd92da0c800') in 0.127339 seconds 
Number of asset objects unloaded after import = 72
========================================================================
Received Import Request.
  Time since last request: 0.000043 seconds.
  path: Assets/PolygonPirates/Prefabs/Vehicles/SM_Veh_Boat_Rowing_01_Hull.prefab
  artifactKey: Guid(e87bf632e58223940b2a56c89b15c4cc) Importer(815301076,1909f56bfc062723c751e8b465ee728b)
Number of updated assets reloaded before import = 0
Start importing Assets/PolygonPirates/Prefabs/Vehicles/SM_Veh_Boat_Rowing_01_Hull.prefab using Guid(e87bf632e58223940b2a56c89b15c4cc) Importer(815301076,1909f56bfc062723c751e8b465ee728b)  -> (artifact id: '52ab7dd17b189358337705f83a2ae973') in 0.014205 seconds 
Number of asset objects unloaded after import = 12
========================================================================
Received Import Request.
  Time since last request: 0.000022 seconds.
  path: Assets/PolygonPirates/Models/CollisionCustom/SM_Veh_Boat_Small_01_Hull_Pirate_Collision.fbx
  artifactKey: Guid(e4de1643478970c438373027102d3480) Importer(815301076,1909f56bfc062723c751e8b465ee728b)
Number of updated assets reloaded before import = 0
Start importing Assets/PolygonPirates/Models/CollisionCustom/SM_Veh_Boat_Small_01_Hull_Pirate_Collision.fbx using Guid(e4de1643478970c438373027102d3480) Importer(815301076,1909f56bfc062723c751e8b465ee728b)  -> (artifact id: '42f9356b6c60ce7c063719a470c7b723') in 0.016154 seconds 
Number of asset objects unloaded after import = 7
========================================================================
Received Import Request.
  Time since last request: 0.000040 seconds.
  path: Assets/PolygonPirates/Prefabs/Vehicles/SM_Veh_Boat_Small_01_Hull_Pirate_Attachments.prefab
  artifactKey: Guid(e8f7a726f3bf5914887ea1bc9bcb701e) Importer(815301076,1909f56bfc062723c751e8b465ee728b)
Number of updated assets reloaded before import = 0
Start importing Assets/PolygonPirates/Prefabs/Vehicles/SM_Veh_Boat_Small_01_Hull_Pirate_Attachments.prefab using Guid(e8f7a726f3bf5914887ea1bc9bcb701e) Importer(815301076,1909f56bfc062723c751e8b465ee728b)  -> (artifact id: 'e53625bc65c653949263bfeed29a2415') in 0.013305 seconds 
Number of asset objects unloaded after import = 31
========================================================================
Received Import Request.
  Time since last request: 0.000022 seconds.
  path: Assets/PolygonPirates/Prefabs/Vehicles/SM_Veh_Boat_Warship_01_Hull_Upsized.prefab
  artifactKey: Guid(aa8432d52325aa74685b2677529486b6) Importer(815301076,1909f56bfc062723c751e8b465ee728b)
Number of updated assets reloaded before import = 0
Start importing Assets/PolygonPirates/Prefabs/Vehicles/SM_Veh_Boat_Warship_01_Hull_Upsized.prefab using Guid(aa8432d52325aa74685b2677529486b6) Importer(815301076,1909f56bfc062723c751e8b465ee728b)  -> (artifact id: '7000b1637bf35a31869c0bd295a74fa2') in 0.018336 seconds 
Number of asset objects unloaded after import = 101
========================================================================
Received Import Request.
  Time since last request: 0.792896 seconds.
  path: Assets/PolygonWestern/Models/SM_Prop_Wood_Pile_03.fbx
  artifactKey: Guid(3e2f1344937a6bf4c9c17c46dc56f13e) Importer(815301076,1909f56bfc062723c751e8b465ee728b)
Number of updated assets reloaded before import = 0
Start importing Assets/PolygonWestern/Models/SM_Prop_Wood_Pile_03.fbx using Guid(3e2f1344937a6bf4c9c17c46dc56f13e) Importer(815301076,1909f56bfc062723c751e8b465ee728b)  -> (artifact id: '618c352ffdcef31cc8cb0887bbaa7b89') in 0.018864 seconds 
Number of asset objects unloaded after import = 7
========================================================================
Received Import Request.
  Time since last request: 0.000018 seconds.
  path: Assets/PolygonPirates/Prefabs/Vehicles/SM_Veh_Boat_Medium_01_Hull_Attachments.prefab
  artifactKey: Guid(dbc3416fef5328d439703987c11a9cd0) Importer(815301076,1909f56bfc062723c751e8b465ee728b)
Number of updated assets reloaded before import = 0
Start importing Assets/PolygonPirates/Prefabs/Vehicles/SM_Veh_Boat_Medium_01_Hull_Attachments.prefab using Guid(dbc3416fef5328d439703987c11a9cd0) Importer(815301076,1909f56bfc062723c751e8b465ee728b)  -> (artifact id: 'b69f2265889a2e412d93e38d91c4d531') in 0.016460 seconds 
Number of asset objects unloaded after import = 70
========================================================================
Received Import Request.
  Time since last request: 0.000047 seconds.
  path: Assets/PolygonPirates/Models/SM_Prop_WoodPlank_02.fbx
  artifactKey: Guid(896a15ed0d9f9f746806b3e11d17442a) Importer(815301076,1909f56bfc062723c751e8b465ee728b)
Number of updated assets reloaded before import = 0
Start importing Assets/PolygonPirates/Models/SM_Prop_WoodPlank_02.fbx using Guid(896a15ed0d9f9f746806b3e11d17442a) Importer(815301076,1909f56bfc062723c751e8b465ee728b)  -> (artifact id: '8fff9193ca92cb889a0aec6c1fb56ea8') in 0.012793 seconds 
Number of asset objects unloaded after import = 7
========================================================================
Received Import Request.
  Time since last request: 0.000026 seconds.
  path: Assets/PolygonWestern/Models/SM_Prop_Wood_Pile_04.fbx
  artifactKey: Guid(95001ddb25d5b134fb01102228c2477d) Importer(815301076,1909f56bfc062723c751e8b465ee728b)
Number of updated assets reloaded before import = 0
Start importing Assets/PolygonWestern/Models/SM_Prop_Wood_Pile_04.fbx using Guid(95001ddb25d5b134fb01102228c2477d) Importer(815301076,1909f56bfc062723c751e8b465ee728b)  -> (artifact id: '770cd5ad1c2c725c5a839f6fa4af1d35') in 0.013084 seconds 
Number of asset objects unloaded after import = 7
========================================================================
Received Import Request.
  Time since last request: 0.389815 seconds.
  path: Assets/PolygonPirates/Prefabs/Props/SM_Prop_Window_01.prefab
  artifactKey: Guid(d3ba613cb30c7184caf706d1a4e311f7) Importer(815301076,1909f56bfc062723c751e8b465ee728b)
Number of updated assets reloaded before import = 0
Start importing Assets/PolygonPirates/Prefabs/Props/SM_Prop_Window_01.prefab using Guid(d3ba613cb30c7184caf706d1a4e311f7) Importer(815301076,1909f56bfc062723c751e8b465ee728b)  -> (artifact id: '0861968b521211d1843f536ed5a36fe6') in 0.026056 seconds 
Number of asset objects unloaded after import = 12
========================================================================
Received Import Request.
  Time since last request: 0.000019 seconds.
  path: Assets/PolygonPirates/Prefabs/Props/SM_Prop_Window_Top_01.prefab
  artifactKey: Guid(181b4d6fcd827d14c8d70223b8e2c7a2) Importer(815301076,1909f56bfc062723c751e8b465ee728b)
Number of updated assets reloaded before import = 0
Start importing Assets/PolygonPirates/Prefabs/Props/SM_Prop_Window_Top_01.prefab using Guid(181b4d6fcd827d14c8d70223b8e2c7a2) Importer(815301076,1909f56bfc062723c751e8b465ee728b)  -> (artifact id: 'a56dec8ca9323569be4dd72399b4bbf4') in 0.008960 seconds 
Number of asset objects unloaded after import = 12
========================================================================
Received Import Request.
  Time since last request: 0.000018 seconds.
  path: Assets/PolygonPirates/Models/SM_Prop_Window_02.fbx
  artifactKey: Guid(35dd4ece2e06b5f4ca87b602e74d6b4f) Importer(815301076,1909f56bfc062723c751e8b465ee728b)
Number of updated assets reloaded before import = 0
Start importing Assets/PolygonPirates/Models/SM_Prop_Window_02.fbx using Guid(35dd4ece2e06b5f4ca87b602e74d6b4f) Importer(815301076,1909f56bfc062723c751e8b465ee728b)  -> (artifact id: 'c857f931ce22489c6cf59802239a8040') in 0.011257 seconds 
Number of asset objects unloaded after import = 7
========================================================================
Received Import Request.
  Time since last request: 0.000021 seconds.
  path: Assets/PolygonPirates/Prefabs/Props/SM_Prop_Window_03.prefab
  artifactKey: Guid(9195576c63ead3349b47d37f2b12546e) Importer(815301076,1909f56bfc062723c751e8b465ee728b)
Number of updated assets reloaded before import = 0
Start importing Assets/PolygonPirates/Prefabs/Props/SM_Prop_Window_03.prefab using Guid(9195576c63ead3349b47d37f2b12546e) Importer(815301076,1909f56bfc062723c751e8b465ee728b)  -> (artifact id: '55aad7a95e6cd4293949f0cecccfcbbb') in 0.012803 seconds 
Number of asset objects unloaded after import = 12
========================================================================
Received Import Request.
  Time since last request: 0.000019 seconds.
  path: Assets/PolygonNatureBiomes/PNB_Tropical_Jungle/Prefabs/Props/SM_Prop_Whale_Skeleton_Ribcage_01.prefab
  artifactKey: Guid(23e16c5f97d3481479d565ed9c8f46c4) Importer(815301076,1909f56bfc062723c751e8b465ee728b)
Number of updated assets reloaded before import = 0
Start importing Assets/PolygonNatureBiomes/PNB_Tropical_Jungle/Prefabs/Props/SM_Prop_Whale_Skeleton_Ribcage_01.prefab using Guid(23e16c5f97d3481479d565ed9c8f46c4) Importer(815301076,1909f56bfc062723c751e8b465ee728b)  -> (artifact id: '97e32ad1ab97bad0dcd54eeb31d01f51') in 0.018254 seconds 
Number of asset objects unloaded after import = 18
========================================================================
Received Import Request.
  Time since last request: 0.000023 seconds.
  path: Assets/PolygonPirates/Prefabs/Props/SM_Prop_Window_02.prefab
  artifactKey: Guid(490c945eb7eda5f49a733dd95201f33f) Importer(815301076,1909f56bfc062723c751e8b465ee728b)
Number of updated assets reloaded before import = 0
Start importing Assets/PolygonPirates/Prefabs/Props/SM_Prop_Window_02.prefab using Guid(490c945eb7eda5f49a733dd95201f33f) Importer(815301076,1909f56bfc062723c751e8b465ee728b)  -> (artifact id: 'd46cde45989ea9cba770447f3719915b') in 0.013897 seconds 
Number of asset objects unloaded after import = 12
========================================================================
Received Import Request.
  Time since last request: 0.000024 seconds.
  path: Assets/PolygonNatureBiomes/PNB_Tropical_Jungle/Models/SM_Prop_Whale_Skeleton_Tail_01.fbx
  artifactKey: Guid(7a05eb52d66039242a6f20638b471422) Importer(815301076,1909f56bfc062723c751e8b465ee728b)
Number of updated assets reloaded before import = 0
Start importing Assets/PolygonNatureBiomes/PNB_Tropical_Jungle/Models/SM_Prop_Whale_Skeleton_Tail_01.fbx using Guid(7a05eb52d66039242a6f20638b471422) Importer(815301076,1909f56bfc062723c751e8b465ee728b)  -> (artifact id: 'a095b2cee3ddb23d9c60fb06a149e4c5') in 0.014326 seconds 
Number of asset objects unloaded after import = 7
========================================================================
Received Import Request.
  Time since last request: 0.000034 seconds.
  path: Assets/PolygonNatureBiomes/PNB_Tropical_Jungle/Prefabs/Props/SM_Prop_Whale_Skeleton_Ribcage_02.prefab
  artifactKey: Guid(10ad52b210dbe11448880588a5f34879) Importer(815301076,1909f56bfc062723c751e8b465ee728b)
Number of updated assets reloaded before import = 0
Start importing Assets/PolygonNatureBiomes/PNB_Tropical_Jungle/Prefabs/Props/SM_Prop_Whale_Skeleton_Ribcage_02.prefab using Guid(10ad52b210dbe11448880588a5f34879) Importer(815301076,1909f56bfc062723c751e8b465ee728b)  -> (artifact id: 'b44d27e4e1bf61b5197e8208dc21df56') in 0.016761 seconds 
Number of asset objects unloaded after import = 28
========================================================================
Received Import Request.
  Time since last request: 0.000023 seconds.
  path: Assets/PolygonPirates/Models/SM_Prop_WindowBars_01.fbx
  artifactKey: Guid(dc995955f8be6be46a982a5b2b910852) Importer(815301076,1909f56bfc062723c751e8b465ee728b)
Number of updated assets reloaded before import = 0
Start importing Assets/PolygonPirates/Models/SM_Prop_WindowBars_01.fbx using Guid(dc995955f8be6be46a982a5b2b910852) Importer(815301076,1909f56bfc062723c751e8b465ee728b)  -> (artifact id: '2e00e540779f0ccc12334905ac779aef') in 0.014759 seconds 
Number of asset objects unloaded after import = 7
========================================================================
Received Import Request.
  Time since last request: 0.208091 seconds.
  path: Assets/PolygonNatureBiomes/PNB_Tropical_Jungle/Prefabs/Props/SM_Prop_Whale_Skeleton_01.prefab
  artifactKey: Guid(8005992bf7706d747b4585a797cb786c) Importer(815301076,1909f56bfc062723c751e8b465ee728b)
Number of updated assets reloaded before import = 0
Start importing Assets/PolygonNatureBiomes/PNB_Tropical_Jungle/Prefabs/Props/SM_Prop_Whale_Skeleton_01.prefab using Guid(8005992bf7706d747b4585a797cb786c) Importer(815301076,1909f56bfc062723c751e8b465ee728b)  -> (artifact id: '5d4a17f25717ea2dc7fe4ad6cf629c1c') in 0.023017 seconds 
Number of asset objects unloaded after import = 53
========================================================================
Received Import Request.
  Time since last request: 0.000030 seconds.
  path: Assets/PolygonNatureBiomes/PNB_Tropical_Jungle/Models/SM_Prop_Whale_Skeleton_01.fbx
  artifactKey: Guid(6a48bd8b293bdad40894a58f5fdd450f) Importer(815301076,1909f56bfc062723c751e8b465ee728b)
Number of updated assets reloaded before import = 0
Start importing Assets/PolygonNatureBiomes/PNB_Tropical_Jungle/Models/SM_Prop_Whale_Skeleton_01.fbx using Guid(6a48bd8b293bdad40894a58f5fdd450f) Importer(815301076,1909f56bfc062723c751e8b465ee728b)  -> (artifact id: 'cd142c236afd5481b7bd4bd6aab79424') in 0.032802 seconds 
Number of asset objects unloaded after import = 22
========================================================================
Received Import Request.
  Time since last request: 0.316185 seconds.
  path: Assets/PolygonWestern/Models/SM_Prop_Vault_01.fbx
  artifactKey: Guid(8197efeb75895a447bcff31f37c837b1) Importer(815301076,1909f56bfc062723c751e8b465ee728b)
Number of updated assets reloaded before import = 0
Start importing Assets/PolygonWestern/Models/SM_Prop_Vault_01.fbx using Guid(8197efeb75895a447bcff31f37c837b1) Importer(815301076,1909f56bfc062723c751e8b465ee728b)  -> (artifact id: '3b75b5216e59cfa3d07e4a14c9c2158a') in 0.032866 seconds 
Number of asset objects unloaded after import = 12
========================================================================
Received Import Request.
  Time since last request: 0.288009 seconds.
  path: Assets/PolygonWestern/Models/SM_Prop_Tin_02.fbx
  artifactKey: Guid(78d28978f1e9a23428bf14e3a2d40778) Importer(815301076,1909f56bfc062723c751e8b465ee728b)
Number of updated assets reloaded before import = 0
Start importing Assets/PolygonWestern/Models/SM_Prop_Tin_02.fbx using Guid(78d28978f1e9a23428bf14e3a2d40778) Importer(815301076,1909f56bfc062723c751e8b465ee728b)  -> (artifact id: '63c9d26a6cd6229d3b1c1997d84ed8db') in 0.016140 seconds 
Number of asset objects unloaded after import = 7
========================================================================
Received Import Request.
  Time since last request: 0.000017 seconds.
  path: Assets/PolygonPirates/Prefabs/Props/SM_Prop_TreasurePile_02.prefab
  artifactKey: Guid(f6c3fe57c8191a84296b174a24a8ff04) Importer(815301076,1909f56bfc062723c751e8b465ee728b)
Number of updated assets reloaded before import = 0
Start importing Assets/PolygonPirates/Prefabs/Props/SM_Prop_TreasurePile_02.prefab using Guid(f6c3fe57c8191a84296b174a24a8ff04) Importer(815301076,1909f56bfc062723c751e8b465ee728b)  -> (artifact id: '23e04baa1664d1817e1950c735288f81') in 0.012797 seconds 
Number of asset objects unloaded after import = 12
========================================================================
Received Import Request.
  Time since last request: 0.000023 seconds.
  path: Assets/PolygonWestern/Models/SM_Prop_Table_Small_01.fbx
  artifactKey: Guid(6e6e2c0cdf01c6c418fc5008458a11ff) Importer(815301076,1909f56bfc062723c751e8b465ee728b)
Number of updated assets reloaded before import = 0
Start importing Assets/PolygonWestern/Models/SM_Prop_Table_Small_01.fbx using Guid(6e6e2c0cdf01c6c418fc5008458a11ff) Importer(815301076,1909f56bfc062723c751e8b465ee728b)  -> (artifact id: '4988fbf803d6ed2325723d9aab528cba') in 0.012474 seconds 
Number of asset objects unloaded after import = 7
========================================================================
Received Import Request.
  Time since last request: 0.000018 seconds.
  path: Assets/PolygonNatureBiomes/PNB_Tropical_Jungle/Models/SM_Prop_Tiki_Torch_01.fbx
  artifactKey: Guid(f560911f53854cd4f8d7ec727e7659bd) Importer(815301076,1909f56bfc062723c751e8b465ee728b)
Number of updated assets reloaded before import = 0
Start importing Assets/PolygonNatureBiomes/PNB_Tropical_Jungle/Models/SM_Prop_Tiki_Torch_01.fbx using Guid(f560911f53854cd4f8d7ec727e7659bd) Importer(815301076,1909f56bfc062723c751e8b465ee728b)  -> (artifact id: '3336b68144c28d64d0081ac2363f2bad') in 0.014376 seconds 
Number of asset objects unloaded after import = 7
========================================================================
Received Import Request.
  Time since last request: 0.000026 seconds.
  path: Assets/PolygonPirates/Models/SM_Prop_TreasurePile_04.fbx
  artifactKey: Guid(77bb763563c4e8648a8984774be68ede) Importer(815301076,1909f56bfc062723c751e8b465ee728b)
Number of updated assets reloaded before import = 0
Start importing Assets/PolygonPirates/Models/SM_Prop_TreasurePile_04.fbx using Guid(77bb763563c4e8648a8984774be68ede) Importer(815301076,1909f56bfc062723c751e8b465ee728b)  -> (artifact id: '2a92364531800265a2d7bbd847c162af') in 0.012258 seconds 
Number of asset objects unloaded after import = 7
========================================================================
Received Import Request.
  Time since last request: 0.000030 seconds.
  path: Assets/PolygonPirates/Prefabs/Props/SM_Prop_SugarCane_Pile_01.prefab
  artifactKey: Guid(b45b07749256b534482ae5a427703834) Importer(815301076,1909f56bfc062723c751e8b465ee728b)
Number of updated assets reloaded before import = 0
Start importing Assets/PolygonPirates/Prefabs/Props/SM_Prop_SugarCane_Pile_01.prefab using Guid(b45b07749256b534482ae5a427703834) Importer(815301076,1909f56bfc062723c751e8b465ee728b)  -> (artifact id: '421e534dd8b11a327c89134aad21441c') in 0.013024 seconds 
Number of asset objects unloaded after import = 12
========================================================================
Received Import Request.
  Time since last request: 0.000022 seconds.
  path: Assets/PolygonWestern/Models/SM_Prop_Suitcase_01.fbx
  artifactKey: Guid(3cb202f261216ba45bda782f346bc538) Importer(815301076,1909f56bfc062723c751e8b465ee728b)
Number of updated assets reloaded before import = 0
Start importing Assets/PolygonWestern/Models/SM_Prop_Suitcase_01.fbx using Guid(3cb202f261216ba45bda782f346bc538) Importer(815301076,1909f56bfc062723c751e8b465ee728b)  -> (artifact id: '3df5bbb5b1d29cda83b19a5569647861') in 0.022187 seconds 
Number of asset objects unloaded after import = 12
========================================================================
Received Import Request.
  Time since last request: 0.000023 seconds.
  path: Assets/PolygonPirates/Models/SM_Prop_SugarCane_Pile_02.fbx
  artifactKey: Guid(b4c5814c999fa11468b98497a558b35b) Importer(815301076,1909f56bfc062723c751e8b465ee728b)
Number of updated assets reloaded before import = 0
Start importing Assets/PolygonPirates/Models/SM_Prop_SugarCane_Pile_02.fbx using Guid(b4c5814c999fa11468b98497a558b35b) Importer(815301076,1909f56bfc062723c751e8b465ee728b)  -> (artifact id: 'a4d3f9557845aa3f869f3beda29dfbe3') in 0.013081 seconds 
Number of asset objects unloaded after import = 7
========================================================================
Received Import Request.
  Time since last request: 0.000025 seconds.
  path: Assets/PolygonPirates/Prefabs/Props/SM_Prop_SugarCane_Holder_01.prefab
  artifactKey: Guid(7383f8b3181c55e4a98b3025f1908415) Importer(815301076,1909f56bfc062723c751e8b465ee728b)
Number of updated assets reloaded before import = 0
Start importing Assets/PolygonPirates/Prefabs/Props/SM_Prop_SugarCane_Holder_01.prefab using Guid(7383f8b3181c55e4a98b3025f1908415) Importer(815301076,1909f56bfc062723c751e8b465ee728b)  -> (artifact id: '1fef3c48cb389a72181500b4300e445d') in 0.012432 seconds 
Number of asset objects unloaded after import = 12
========================================================================
Received Import Request.
  Time since last request: 0.000037 seconds.
  path: Assets/PolygonPirates/Models/SM_Prop_SugarCane_Holder_02.fbx
  artifactKey: Guid(af468bbce37cd984981aa50bef85b2e3) Importer(815301076,1909f56bfc062723c751e8b465ee728b)
Number of updated assets reloaded before import = 0
Start importing Assets/PolygonPirates/Models/SM_Prop_SugarCane_Holder_02.fbx using Guid(af468bbce37cd984981aa50bef85b2e3) Importer(815301076,1909f56bfc062723c751e8b465ee728b)  -> (artifact id: '230139202d898a2facb35b981d2b30c7') in 0.012075 seconds 
Number of asset objects unloaded after import = 7
========================================================================
Received Import Request.
  Time since last request: 0.000020 seconds.
  path: Assets/PolygonNatureBiomes/PNB_Tropical_Jungle/Models/SM_Prop_Tiki_Torch_02.fbx
  artifactKey: Guid(874b4b7fc6d2a7649ade2b0c9ce4b44b) Importer(815301076,1909f56bfc062723c751e8b465ee728b)
Number of updated assets reloaded before import = 0
Start importing Assets/PolygonNatureBiomes/PNB_Tropical_Jungle/Models/SM_Prop_Tiki_Torch_02.fbx using Guid(874b4b7fc6d2a7649ade2b0c9ce4b44b) Importer(815301076,1909f56bfc062723c751e8b465ee728b)  -> (artifact id: 'b8e022696c1403ca6de713d0eef1beb7') in 0.010575 seconds 
Number of asset objects unloaded after import = 7
========================================================================
Received Import Request.
  Time since last request: 0.000020 seconds.
  path: Assets/PolygonPirates/Prefabs/Props/SM_Prop_SugarCane_Holder_02.prefab
  artifactKey: Guid(423fcbf71569dca42b50864442bdcf28) Importer(815301076,1909f56bfc062723c751e8b465ee728b)
Number of updated assets reloaded before import = 0
Start importing Assets/PolygonPirates/Prefabs/Props/SM_Prop_SugarCane_Holder_02.prefab using Guid(423fcbf71569dca42b50864442bdcf28) Importer(815301076,1909f56bfc062723c751e8b465ee728b)  -> (artifact id: 'c8da1519abc324f60522078f6aa653b5') in 0.010936 seconds 
Number of asset objects unloaded after import = 12
========================================================================
Received Import Request.
  Time since last request: 145.378688 seconds.
  path: Assets/PolygonNatureBiomes/PNB_Tropical_Jungle/Prefabs/SM_Prop_Starfish_03.prefab
  artifactKey: Guid(869d01f799718d94c9839cd81cb9f760) Importer(815301076,1909f56bfc062723c751e8b465ee728b)
Number of updated assets reloaded before import = 0
Start importing Assets/PolygonNatureBiomes/PNB_Tropical_Jungle/Prefabs/SM_Prop_Starfish_03.prefab using Guid(869d01f799718d94c9839cd81cb9f760) Importer(815301076,1909f56bfc062723c751e8b465ee728b)  -> (artifact id: 'eb5263cbb92d1dbfc38ac655bfc4e33f') in 0.023459 seconds 
Number of asset objects unloaded after import = 16
========================================================================
Received Import Request.
  Time since last request: 0.000024 seconds.
  path: Assets/PolygonWestern/Models/SM_Prop_Stool_01.fbx
  artifactKey: Guid(2d5018607db3ddf4cba2787df6ac6a1a) Importer(815301076,1909f56bfc062723c751e8b465ee728b)
Number of updated assets reloaded before import = 0
Start importing Assets/PolygonWestern/Models/SM_Prop_Stool_01.fbx using Guid(2d5018607db3ddf4cba2787df6ac6a1a) Importer(815301076,1909f56bfc062723c751e8b465ee728b)  -> (artifact id: '0349d2d09d8784967436a4364e98590b') in 0.066389 seconds 
Number of asset objects unloaded after import = 7
========================================================================
Received Import Request.
  Time since last request: 0.000032 seconds.
  path: Assets/PolygonPirates/Models/SM_Prop_Stool_01.fbx
  artifactKey: Guid(df1370ea965fe9d42a527471a86fdddf) Importer(815301076,1909f56bfc062723c751e8b465ee728b)
Number of updated assets reloaded before import = 0
Start importing Assets/PolygonPirates/Models/SM_Prop_Stool_01.fbx using Guid(df1370ea965fe9d42a527471a86fdddf) Importer(815301076,1909f56bfc062723c751e8b465ee728b)  -> (artifact id: '1a9bf6dace414a8c1864ceca57dc1e8b') in 0.011461 seconds 
Number of asset objects unloaded after import = 7
========================================================================
Received Import Request.
  Time since last request: 0.000032 seconds.
  path: Assets/PolygonPirates/Prefabs/Props/SM_Prop_Stool_02.prefab
  artifactKey: Guid(309761f1c4cc5a842bbc21c45cb9a941) Importer(815301076,1909f56bfc062723c751e8b465ee728b)
Number of updated assets reloaded before import = 0
Start importing Assets/PolygonPirates/Prefabs/Props/SM_Prop_Stool_02.prefab using Guid(309761f1c4cc5a842bbc21c45cb9a941) Importer(815301076,1909f56bfc062723c751e8b465ee728b)  -> (artifact id: 'bcd4a86647f5d95145e6fb9b84f82e40') in 0.011289 seconds 
Number of asset objects unloaded after import = 12
========================================================================
Received Import Request.
  Time since last request: 0.000021 seconds.
  path: Assets/PolygonPirates/Prefabs/Props/SM_Prop_Stool_01.prefab
  artifactKey: Guid(8906fc82e488e2743b27c39254fb18f6) Importer(815301076,1909f56bfc062723c751e8b465ee728b)
Number of updated assets reloaded before import = 0
Start importing Assets/PolygonPirates/Prefabs/Props/SM_Prop_Stool_01.prefab using Guid(8906fc82e488e2743b27c39254fb18f6) Importer(815301076,1909f56bfc062723c751e8b465ee728b)  -> (artifact id: '1351f86142164bf432c7260c91426341') in 0.011697 seconds 
Number of asset objects unloaded after import = 12
========================================================================
Received Import Request.
  Time since last request: 0.230346 seconds.
  path: Assets/PolygonPirates/Models/SM_Prop_Stack_06.fbx
  artifactKey: Guid(5880bbc5aa946d146a61c89bcbe1f096) Importer(815301076,1909f56bfc062723c751e8b465ee728b)
Number of updated assets reloaded before import = 0
Start importing Assets/PolygonPirates/Models/SM_Prop_Stack_06.fbx using Guid(5880bbc5aa946d146a61c89bcbe1f096) Importer(815301076,1909f56bfc062723c751e8b465ee728b)  -> (artifact id: '9c95ba63b48c399d179db44907360617') in 0.013655 seconds 
Number of asset objects unloaded after import = 7
========================================================================
Received Import Request.
  Time since last request: 0.000020 seconds.
  path: Assets/PolygonPirates/Models/SM_Prop_StallCover_01.fbx
  artifactKey: Guid(e9b9c59ce48c728449b7ade816951bf0) Importer(815301076,1909f56bfc062723c751e8b465ee728b)
Number of updated assets reloaded before import = 0
Start importing Assets/PolygonPirates/Models/SM_Prop_StallCover_01.fbx using Guid(e9b9c59ce48c728449b7ade816951bf0) Importer(815301076,1909f56bfc062723c751e8b465ee728b)  -> (artifact id: '7a5e7e67aca2e41e159dcbc0996bcc95') in 0.015109 seconds 
Number of asset objects unloaded after import = 7
========================================================================
Received Import Request.
  Time since last request: 0.000027 seconds.
  path: Assets/PolygonNatureBiomes/PNB_Tropical_Jungle/Prefabs/SM_Prop_Starfish_01.prefab
  artifactKey: Guid(0e5d41bc6cb39cd4fb4d1a135fc5ed2b) Importer(815301076,1909f56bfc062723c751e8b465ee728b)
Number of updated assets reloaded before import = 0
Start importing Assets/PolygonNatureBiomes/PNB_Tropical_Jungle/Prefabs/SM_Prop_Starfish_01.prefab using Guid(0e5d41bc6cb39cd4fb4d1a135fc5ed2b) Importer(815301076,1909f56bfc062723c751e8b465ee728b)  -> (artifact id: '63443951bbe662139408335922efbf1c') in 0.019671 seconds 
Number of asset objects unloaded after import = 16
========================================================================
Received Import Request.
  Time since last request: 0.000029 seconds.
  path: Assets/PolygonPirates/Prefabs/Props/SM_Prop_Stall_Cloth_03.prefab
  artifactKey: Guid(db23befc3822099498dae9e0d53844b9) Importer(815301076,1909f56bfc062723c751e8b465ee728b)
Number of updated assets reloaded before import = 0
Start importing Assets/PolygonPirates/Prefabs/Props/SM_Prop_Stall_Cloth_03.prefab using Guid(db23befc3822099498dae9e0d53844b9) Importer(815301076,1909f56bfc062723c751e8b465ee728b)  -> (artifact id: 'd90ba167f8887c295e194f98cf9af4fb') in 0.013505 seconds 
Number of asset objects unloaded after import = 16
========================================================================
Received Import Request.
  Time since last request: 0.000022 seconds.
  path: Assets/PolygonPirates/Models/SM_Prop_Stall_Cloth_03.fbx
  artifactKey: Guid(c5eed880a8fad4c46a5d925eee6750b6) Importer(815301076,1909f56bfc062723c751e8b465ee728b)
Number of updated assets reloaded before import = 0
Start importing Assets/PolygonPirates/Models/SM_Prop_Stall_Cloth_03.fbx using Guid(c5eed880a8fad4c46a5d925eee6750b6) Importer(815301076,1909f56bfc062723c751e8b465ee728b)  -> (artifact id: '665f7e757fa95d539fc01f04f5bd1548') in 0.013722 seconds 
Number of asset objects unloaded after import = 7
========================================================================
Received Import Request.
  Time since last request: 0.000031 seconds.
  path: Assets/PolygonPirates/Models/SM_Prop_Stall_Cloth_02.fbx
  artifactKey: Guid(dcff3c0e78f4dcd41b43831b28445afa) Importer(815301076,1909f56bfc062723c751e8b465ee728b)
Number of updated assets reloaded before import = 0
Start importing Assets/PolygonPirates/Models/SM_Prop_Stall_Cloth_02.fbx using Guid(dcff3c0e78f4dcd41b43831b28445afa) Importer(815301076,1909f56bfc062723c751e8b465ee728b)  -> (artifact id: '95877edc91db6eb91a1278c2d2bffb64') in 0.013113 seconds 
Number of asset objects unloaded after import = 7
========================================================================
Received Import Request.
  Time since last request: 0.000027 seconds.
  path: Assets/PolygonPirates/Models/SM_Prop_Stall_Cloth_04.fbx
  artifactKey: Guid(887cc8acd20ecce4e86714610c6e62c5) Importer(815301076,1909f56bfc062723c751e8b465ee728b)
Number of updated assets reloaded before import = 0
Start importing Assets/PolygonPirates/Models/SM_Prop_Stall_Cloth_04.fbx using Guid(887cc8acd20ecce4e86714610c6e62c5) Importer(815301076,1909f56bfc062723c751e8b465ee728b)  -> (artifact id: '760d06dccfa4557a7394149afe266019') in 0.013413 seconds 
Number of asset objects unloaded after import = 7
========================================================================
Received Import Request.
  Time since last request: 0.000019 seconds.
  path: Assets/PolygonNatureBiomes/PNB_Tropical_Jungle/Models/SM_Prop_Starfish_01.fbx
  artifactKey: Guid(cb0bf7cfa7fee4a4e8b5c7c05835f5ce) Importer(815301076,1909f56bfc062723c751e8b465ee728b)
Number of updated assets reloaded before import = 0
Start importing Assets/PolygonNatureBiomes/PNB_Tropical_Jungle/Models/SM_Prop_Starfish_01.fbx using Guid(cb0bf7cfa7fee4a4e8b5c7c05835f5ce) Importer(815301076,1909f56bfc062723c751e8b465ee728b)  -> (artifact id: 'dcb31ffebdb13b22648eae03ba553a5b') in 0.015365 seconds 
Number of asset objects unloaded after import = 7
========================================================================
Received Import Request.
  Time since last request: 0.891523 seconds.
  path: Assets/PolygonPirates/Prefabs/Props/SM_Prop_Skeleton_Ground_02.prefab
  artifactKey: Guid(47e39c5ca3f93ec4bae51f15c750f602) Importer(815301076,1909f56bfc062723c751e8b465ee728b)
Number of updated assets reloaded before import = 0
Start importing Assets/PolygonPirates/Prefabs/Props/SM_Prop_Skeleton_Ground_02.prefab using Guid(47e39c5ca3f93ec4bae51f15c750f602) Importer(815301076,1909f56bfc062723c751e8b465ee728b)  -> (artifact id: '2071bf9431fd6939e11d59d59a7ea41d') in 0.010259 seconds 
Number of asset objects unloaded after import = 12
========================================================================
Received Import Request.
  Time since last request: 0.000016 seconds.
  path: Assets/PolygonPirates/Prefabs/Props/SM_Prop_Skeleton_Shackle_01.prefab
  artifactKey: Guid(b9b4687017d6ec74182587f8093dfec9) Importer(815301076,1909f56bfc062723c751e8b465ee728b)
Number of updated assets reloaded before import = 0
Start importing Assets/PolygonPirates/Prefabs/Props/SM_Prop_Skeleton_Shackle_01.prefab using Guid(b9b4687017d6ec74182587f8093dfec9) Importer(815301076,1909f56bfc062723c751e8b465ee728b)  -> (artifact id: 'dd12c73e1eaf0c7032a8f9d773d2055b') in 0.020287 seconds 
Number of asset objects unloaded after import = 12
========================================================================
Received Import Request.
  Time since last request: 0.000022 seconds.
  path: Assets/PolygonPirates/Models/SM_Prop_Stack_01.fbx
  artifactKey: Guid(d55652c818c6c4446a1da299a50fbf78) Importer(815301076,1909f56bfc062723c751e8b465ee728b)
Number of updated assets reloaded before import = 0
Start importing Assets/PolygonPirates/Models/SM_Prop_Stack_01.fbx using Guid(d55652c818c6c4446a1da299a50fbf78) Importer(815301076,1909f56bfc062723c751e8b465ee728b)  -> (artifact id: '3a8ced3a3afb045a532a84e549b41d4b') in 0.014208 seconds 
Number of asset objects unloaded after import = 7
========================================================================
Received Import Request.
  Time since last request: 0.000023 seconds.
  path: Assets/PolygonPirates/Prefabs/Props/SM_Prop_Skeleton_Ground_03.prefab
  artifactKey: Guid(26ddceb6ba38c2243855d26e0bc49a06) Importer(815301076,1909f56bfc062723c751e8b465ee728b)
Number of updated assets reloaded before import = 0
Start importing Assets/PolygonPirates/Prefabs/Props/SM_Prop_Skeleton_Ground_03.prefab using Guid(26ddceb6ba38c2243855d26e0bc49a06) Importer(815301076,1909f56bfc062723c751e8b465ee728b)  -> (artifact id: '597e4642b2ccc6e8e562bd6aaab7f8cf') in 0.011744 seconds 
Number of asset objects unloaded after import = 12
========================================================================
Received Import Request.
  Time since last request: 0.000016 seconds.
  path: Assets/PolygonPirates/Models/SM_Prop_Stack_04.fbx
  artifactKey: Guid(e694c3a6657f48a47b92374578273c0d) Importer(815301076,1909f56bfc062723c751e8b465ee728b)
Number of updated assets reloaded before import = 0
Start importing Assets/PolygonPirates/Models/SM_Prop_Stack_04.fbx using Guid(e694c3a6657f48a47b92374578273c0d) Importer(815301076,1909f56bfc062723c751e8b465ee728b)  -> (artifact id: 'f06336d93fa63d4f81350841d7427679') in 0.013009 seconds 
Number of asset objects unloaded after import = 7
========================================================================
Received Import Request.
  Time since last request: 0.000021 seconds.
  path: Assets/PolygonPirates/Models/SM_Prop_Skeleton_Ground_03.fbx
  artifactKey: Guid(1b62b1d5aab57a74b95fa63cf50d29d9) Importer(815301076,1909f56bfc062723c751e8b465ee728b)
Number of updated assets reloaded before import = 0
Start importing Assets/PolygonPirates/Models/SM_Prop_Skeleton_Ground_03.fbx using Guid(1b62b1d5aab57a74b95fa63cf50d29d9) Importer(815301076,1909f56bfc062723c751e8b465ee728b)  -> (artifact id: '5a2eb8a4c303c000251cf362efb64259') in 0.015133 seconds 
Number of asset objects unloaded after import = 7
========================================================================
Received Import Request.
  Time since last request: 0.000022 seconds.
  path: Assets/PolygonPirates/Prefabs/Props/SM_Prop_Stack_03.prefab
  artifactKey: Guid(7fddda702d68af146958103be211e78d) Importer(815301076,1909f56bfc062723c751e8b465ee728b)
Number of updated assets reloaded before import = 0
Start importing Assets/PolygonPirates/Prefabs/Props/SM_Prop_Stack_03.prefab using Guid(7fddda702d68af146958103be211e78d) Importer(815301076,1909f56bfc062723c751e8b465ee728b)  -> (artifact id: '9ae3a54431d8241acc5d59491cd0751e') in 0.013577 seconds 
Number of asset objects unloaded after import = 12
========================================================================
Received Import Request.
  Time since last request: 0.000037 seconds.
  path: Assets/PolygonPirates/Models/SM_Prop_Skeleton_Ground_02.fbx
  artifactKey: Guid(5e41d4f674d8d9e4aba443070a10763b) Importer(815301076,1909f56bfc062723c751e8b465ee728b)
Number of updated assets reloaded before import = 0
Start importing Assets/PolygonPirates/Models/SM_Prop_Skeleton_Ground_02.fbx using Guid(5e41d4f674d8d9e4aba443070a10763b) Importer(815301076,1909f56bfc062723c751e8b465ee728b)  -> (artifact id: '52b483473dbb9014c3a800aa3de097ce') in 0.014666 seconds 
Number of asset objects unloaded after import = 7
========================================================================
Received Import Request.
  Time since last request: 1.222023 seconds.
  path: Assets/PolygonPirates/Models/SM_Prop_Sign_Attachment_01.fbx
  artifactKey: Guid(0c1f7ccc81e3afb4bb81d97898463675) Importer(815301076,1909f56bfc062723c751e8b465ee728b)
Number of updated assets reloaded before import = 0
Start importing Assets/PolygonPirates/Models/SM_Prop_Sign_Attachment_01.fbx using Guid(0c1f7ccc81e3afb4bb81d97898463675) Importer(815301076,1909f56bfc062723c751e8b465ee728b)  -> (artifact id: '1834104ec39bee128791733ff1593990') in 0.011983 seconds 
Number of asset objects unloaded after import = 7
========================================================================
Received Import Request.
  Time since last request: 0.000022 seconds.
  path: Assets/PolygonPirates/Prefabs/Props/SM_Prop_Skeleton_Chest_02.prefab
  artifactKey: Guid(4d7c04439da22b74b913368f8d63ea11) Importer(815301076,1909f56bfc062723c751e8b465ee728b)
Number of updated assets reloaded before import = 0
Start importing Assets/PolygonPirates/Prefabs/Props/SM_Prop_Skeleton_Chest_02.prefab using Guid(4d7c04439da22b74b913368f8d63ea11) Importer(815301076,1909f56bfc062723c751e8b465ee728b)  -> (artifact id: 'abd53f1d442c9e9a10b5aa05a8e2e54c') in 0.014884 seconds 
Number of asset objects unloaded after import = 12
========================================================================
Received Import Request.
  Time since last request: 0.000025 seconds.
  path: Assets/PolygonPirates/Models/SM_Prop_Skeleton_Ground_01.fbx
  artifactKey: Guid(c96a265701dccea4797398fd3b81d91f) Importer(815301076,1909f56bfc062723c751e8b465ee728b)
Number of updated assets reloaded before import = 0
Start importing Assets/PolygonPirates/Models/SM_Prop_Skeleton_Ground_01.fbx using Guid(c96a265701dccea4797398fd3b81d91f) Importer(815301076,1909f56bfc062723c751e8b465ee728b)  -> (artifact id: '406758c6b68601a6cb7280941db8d9e2') in 0.011742 seconds 
Number of asset objects unloaded after import = 7
========================================================================
Received Import Request.
  Time since last request: 0.000020 seconds.
  path: Assets/PolygonPirates/Models/SM_Prop_Sign_Attachment_03.fbx
  artifactKey: Guid(0aa820dc2fc1d9841891b6fa3558aba6) Importer(815301076,1909f56bfc062723c751e8b465ee728b)
Number of updated assets reloaded before import = 0
Start importing Assets/PolygonPirates/Models/SM_Prop_Sign_Attachment_03.fbx using Guid(0aa820dc2fc1d9841891b6fa3558aba6) Importer(815301076,1909f56bfc062723c751e8b465ee728b)  -> (artifact id: '13feb0e42e1d5aca1aed8f7f7aec92e9') in 0.011237 seconds 
Number of asset objects unloaded after import = 7
========================================================================
Received Import Request.
  Time since last request: 0.000021 seconds.
  path: Assets/PolygonPirates/Models/SM_Prop_Sign_Attachment_02.fbx
  artifactKey: Guid(56f4f1e9fb6fc6e4c808888d5b7f271d) Importer(815301076,1909f56bfc062723c751e8b465ee728b)
Number of updated assets reloaded before import = 0
Start importing Assets/PolygonPirates/Models/SM_Prop_Sign_Attachment_02.fbx using Guid(56f4f1e9fb6fc6e4c808888d5b7f271d) Importer(815301076,1909f56bfc062723c751e8b465ee728b)  -> (artifact id: '6565cd9296546d172571047ad33be16f') in 0.011328 seconds 
Number of asset objects unloaded after import = 7
========================================================================
Received Import Request.
  Time since last request: 0.000022 seconds.
  path: Assets/PolygonPirates/Models/SM_Prop_Skeleton_Chest_02.fbx
  artifactKey: Guid(d74a3a3df41fac649bd27dc0ab9f819a) Importer(815301076,1909f56bfc062723c751e8b465ee728b)
Number of updated assets reloaded before import = 0
Start importing Assets/PolygonPirates/Models/SM_Prop_Skeleton_Chest_02.fbx using Guid(d74a3a3df41fac649bd27dc0ab9f819a) Importer(815301076,1909f56bfc062723c751e8b465ee728b)  -> (artifact id: '1078ac56ac4d62af4694953195f92596') in 0.012504 seconds 
Number of asset objects unloaded after import = 7
========================================================================
Received Import Request.
  Time since last request: 0.000020 seconds.
  path: Assets/PolygonPirates/Models/SM_Prop_Skeleton_Cage_01.fbx
  artifactKey: Guid(7c706c2cbca99714d9088390d7b6896f) Importer(815301076,1909f56bfc062723c751e8b465ee728b)
Number of updated assets reloaded before import = 0
Start importing Assets/PolygonPirates/Models/SM_Prop_Skeleton_Cage_01.fbx using Guid(7c706c2cbca99714d9088390d7b6896f) Importer(815301076,1909f56bfc062723c751e8b465ee728b)  -> (artifact id: 'c360f8995cb56ff3c8b2a12998125136') in 0.011205 seconds 
Number of asset objects unloaded after import = 7
========================================================================
Received Import Request.
  Time since last request: 0.000030 seconds.
  path: Assets/PolygonPirates/Models/SM_Prop_Skeleton_Cage_02.fbx
  artifactKey: Guid(48e9cd7facebf2740956302cd55d7e66) Importer(815301076,1909f56bfc062723c751e8b465ee728b)
Number of updated assets reloaded before import = 0
Start importing Assets/PolygonPirates/Models/SM_Prop_Skeleton_Cage_02.fbx using Guid(48e9cd7facebf2740956302cd55d7e66) Importer(815301076,1909f56bfc062723c751e8b465ee728b)  -> (artifact id: 'ec40d2245c0b1ad5735386036a5cfa39') in 0.015200 seconds 
Number of asset objects unloaded after import = 7
========================================================================
Received Import Request.
  Time since last request: 0.332063 seconds.
  path: Assets/PolygonPirates/Prefabs/Props/SM_Prop_ShipWheel_02.prefab
  artifactKey: Guid(55ecce055695ed946bec8305030d766e) Importer(815301076,1909f56bfc062723c751e8b465ee728b)
Number of updated assets reloaded before import = 0
Start importing Assets/PolygonPirates/Prefabs/Props/SM_Prop_ShipWheel_02.prefab using Guid(55ecce055695ed946bec8305030d766e) Importer(815301076,1909f56bfc062723c751e8b465ee728b)  -> (artifact id: '223886db1c601c5288cfafe3478deab5') in 0.012958 seconds 
Number of asset objects unloaded after import = 12
========================================================================
Received Import Request.
  Time since last request: 0.000078 seconds.
  path: Assets/PolygonNatureBiomes/PNB_Tropical_Jungle/Prefabs/Props/SM_Prop_ShipWreck_02.prefab
  artifactKey: Guid(db9a44739dd799e47a3072d07be42b72) Importer(815301076,1909f56bfc062723c751e8b465ee728b)
Number of updated assets reloaded before import = 0
Start importing Assets/PolygonNatureBiomes/PNB_Tropical_Jungle/Prefabs/Props/SM_Prop_ShipWreck_02.prefab using Guid(db9a44739dd799e47a3072d07be42b72) Importer(815301076,1909f56bfc062723c751e8b465ee728b)  -> (artifact id: 'def8d47336eb0f975ad2401ea206fb6a') in 0.025226 seconds 
Number of asset objects unloaded after import = 12
========================================================================
Received Import Request.
  Time since last request: 0.000019 seconds.
  path: Assets/PolygonPirates/Prefabs/Props/SM_Prop_Shipwreck_02.prefab
  artifactKey: Guid(4982275e186455342a472e320445fdda) Importer(815301076,1909f56bfc062723c751e8b465ee728b)
Number of updated assets reloaded before import = 0
Start importing Assets/PolygonPirates/Prefabs/Props/SM_Prop_Shipwreck_02.prefab using Guid(4982275e186455342a472e320445fdda) Importer(815301076,1909f56bfc062723c751e8b465ee728b)  -> (artifact id: '499940f3e24baa529b8d77c80fec429f') in 0.014207 seconds 
Number of asset objects unloaded after import = 36
========================================================================
Received Import Request.
  Time since last request: 0.000023 seconds.
  path: Assets/PolygonPirates/Prefabs/Props/SM_Prop_Shipwreck_01.prefab
  artifactKey: Guid(28789d35adf833348ae8a4ba476c34b7) Importer(815301076,1909f56bfc062723c751e8b465ee728b)
Number of updated assets reloaded before import = 0
Start importing Assets/PolygonPirates/Prefabs/Props/SM_Prop_Shipwreck_01.prefab using Guid(28789d35adf833348ae8a4ba476c34b7) Importer(815301076,1909f56bfc062723c751e8b465ee728b)  -> (artifact id: '1d7edc160fb351a6defafa4a87253296') in 0.015743 seconds 
Number of asset objects unloaded after import = 37
========================================================================
Received Import Request.
  Time since last request: 0.000019 seconds.
  path: Assets/PolygonNatureBiomes/PNB_Tropical_Jungle/Models/SM_Prop_ShipWreck_02.fbx
  artifactKey: Guid(d4d3d55c343f6ea4e99d4ac0b16eeef2) Importer(815301076,1909f56bfc062723c751e8b465ee728b)
Number of updated assets reloaded before import = 0
Start importing Assets/PolygonNatureBiomes/PNB_Tropical_Jungle/Models/SM_Prop_ShipWreck_02.fbx using Guid(d4d3d55c343f6ea4e99d4ac0b16eeef2) Importer(815301076,1909f56bfc062723c751e8b465ee728b)  -> (artifact id: '6010d2ae08fddb86c0f637e835338606') in 0.012405 seconds 
Number of asset objects unloaded after import = 7
========================================================================
Received Import Request.
  Time since last request: 0.000017 seconds.
  path: Assets/PolygonPirates/Prefabs/Props/SM_Prop_ShipWheel_03.prefab
  artifactKey: Guid(d1b9c6d33f1e63d40be644692cb3e89e) Importer(815301076,1909f56bfc062723c751e8b465ee728b)
Number of updated assets reloaded before import = 0
Start importing Assets/PolygonPirates/Prefabs/Props/SM_Prop_ShipWheel_03.prefab using Guid(d1b9c6d33f1e63d40be644692cb3e89e) Importer(815301076,1909f56bfc062723c751e8b465ee728b)  -> (artifact id: 'f0d0fb26fa3c7300840922742ac5b898') in 0.011535 seconds 
Number of asset objects unloaded after import = 12
========================================================================
Received Import Request.
  Time since last request: 0.000039 seconds.
  path: Assets/PolygonNatureBiomes/PNB_Tropical_Jungle/Models/SM_Prop_ShipWreck_01.fbx
  artifactKey: Guid(eba62e276b72cfb4da866bd7281c6e49) Importer(815301076,1909f56bfc062723c751e8b465ee728b)
Number of updated assets reloaded before import = 0
Start importing Assets/PolygonNatureBiomes/PNB_Tropical_Jungle/Models/SM_Prop_ShipWreck_01.fbx using Guid(eba62e276b72cfb4da866bd7281c6e49) Importer(815301076,1909f56bfc062723c751e8b465ee728b)  -> (artifact id: '6bc7dac6b7835ec3ac4d2710e5755675') in 0.015298 seconds 
Number of asset objects unloaded after import = 7
========================================================================
Received Import Request.
  Time since last request: 0.664080 seconds.
  path: Assets/PolygonPirates/Prefabs/Props/SM_Prop_Shanty_BuildingAttachment_02.prefab
  artifactKey: Guid(bbe455b5c16691c4f92f6b6e33799183) Importer(815301076,1909f56bfc062723c751e8b465ee728b)
Number of updated assets reloaded before import = 0
Start importing Assets/PolygonPirates/Prefabs/Props/SM_Prop_Shanty_BuildingAttachment_02.prefab using Guid(bbe455b5c16691c4f92f6b6e33799183) Importer(815301076,1909f56bfc062723c751e8b465ee728b)  -> (artifact id: '8639ac6c85f0b6d85393df3cf713de61') in 0.011508 seconds 
Number of asset objects unloaded after import = 12
========================================================================
Received Import Request.
  Time since last request: 0.000018 seconds.
  path: Assets/PolygonPirates/Models/SM_Prop_Shanty_BuildingAttachment_04.fbx
  artifactKey: Guid(6e317402d9e3db348ba39e4f448a6b69) Importer(815301076,1909f56bfc062723c751e8b465ee728b)
Number of updated assets reloaded before import = 0
Start importing Assets/PolygonPirates/Models/SM_Prop_Shanty_BuildingAttachment_04.fbx using Guid(6e317402d9e3db348ba39e4f448a6b69) Importer(815301076,1909f56bfc062723c751e8b465ee728b)  -> (artifact id: '41ff0a34fee0e264795a747bbc3e8fdd') in 0.031164 seconds 
Number of asset objects unloaded after import = 7
========================================================================
Received Import Request.
  Time since last request: 0.000016 seconds.
  path: Assets/PolygonPirates/Prefabs/Props/SM_Prop_Shanty_BuildingAttachment_03.prefab
  artifactKey: Guid(48cfcbd6ecc7dbf43aaeefd0691d4d58) Importer(815301076,1909f56bfc062723c751e8b465ee728b)
Number of updated assets reloaded before import = 0
Start importing Assets/PolygonPirates/Prefabs/Props/SM_Prop_Shanty_BuildingAttachment_03.prefab using Guid(48cfcbd6ecc7dbf43aaeefd0691d4d58) Importer(815301076,1909f56bfc062723c751e8b465ee728b)  -> (artifact id: 'b4ce6847cde9b80f4fcd520a8ffaf855') in 0.026030 seconds 
Number of asset objects unloaded after import = 12
========================================================================
Received Import Request.
  Time since last request: 0.000020 seconds.
  path: Assets/PolygonPirates/Models/SM_Prop_ShipWheel_01.fbx
  artifactKey: Guid(728064de1a01dbf46b40e6797204c90d) Importer(815301076,1909f56bfc062723c751e8b465ee728b)
Number of updated assets reloaded before import = 0
Start importing Assets/PolygonPirates/Models/SM_Prop_ShipWheel_01.fbx using Guid(728064de1a01dbf46b40e6797204c90d) Importer(815301076,1909f56bfc062723c751e8b465ee728b)  -> (artifact id: 'dd2288d0550c678e8360c8af2d5aa85d') in 0.022759 seconds 
Number of asset objects unloaded after import = 7
========================================================================
Received Import Request.
  Time since last request: 0.000023 seconds.
  path: Assets/PolygonPirates/Prefabs/Props/SM_Prop_Shanty_BuildingAttachment_04.prefab
  artifactKey: Guid(063abaabc8ac615449855b0fd06f5963) Importer(815301076,1909f56bfc062723c751e8b465ee728b)
Number of updated assets reloaded before import = 0
Start importing Assets/PolygonPirates/Prefabs/Props/SM_Prop_Shanty_BuildingAttachment_04.prefab using Guid(063abaabc8ac615449855b0fd06f5963) Importer(815301076,1909f56bfc062723c751e8b465ee728b)  -> (artifact id: '77370d0dd4ea336a2883fcb627eac1c4') in 0.017411 seconds 
Number of asset objects unloaded after import = 12
========================================================================
Received Import Request.
  Time since last request: 0.528386 seconds.
  path: Assets/PolygonPirates/Models/SM_Prop_Sack_03.fbx
  artifactKey: Guid(e5e81f1a9b0717b4e8319ba96756b354) Importer(815301076,1909f56bfc062723c751e8b465ee728b)
Number of updated assets reloaded before import = 0
Start importing Assets/PolygonPirates/Models/SM_Prop_Sack_03.fbx using Guid(e5e81f1a9b0717b4e8319ba96756b354) Importer(815301076,1909f56bfc062723c751e8b465ee728b)  -> (artifact id: '780aea24a7b32db8cc1404c1b7ef5708') in 0.011868 seconds 
Number of asset objects unloaded after import = 7
========================================================================
Received Import Request.
  Time since last request: 0.000015 seconds.
  path: Assets/PolygonWestern/Models/SM_Prop_Sack_04.fbx
  artifactKey: Guid(4473ec1dd74f8444aba5c404a385275e) Importer(815301076,1909f56bfc062723c751e8b465ee728b)
Number of updated assets reloaded before import = 0
Start importing Assets/PolygonWestern/Models/SM_Prop_Sack_04.fbx using Guid(4473ec1dd74f8444aba5c404a385275e) Importer(815301076,1909f56bfc062723c751e8b465ee728b)  -> (artifact id: '0e7fe544ecbdf6e542b9bb6f419ffcd8') in 0.034889 seconds 
Number of asset objects unloaded after import = 7
========================================================================
Received Import Request.
  Time since last request: 0.000018 seconds.
  path: Assets/PolygonPirates/Models/SM_Prop_Sack_04.fbx
  artifactKey: Guid(af7a713aa7d74c1408d9807f92892c65) Importer(815301076,1909f56bfc062723c751e8b465ee728b)
Number of updated assets reloaded before import = 0
Start importing Assets/PolygonPirates/Models/SM_Prop_Sack_04.fbx using Guid(af7a713aa7d74c1408d9807f92892c65) Importer(815301076,1909f56bfc062723c751e8b465ee728b)  -> (artifact id: '2c6ac0b8e8faa834b6ddac475fd17b15') in 0.027715 seconds 
Number of asset objects unloaded after import = 7
========================================================================
Received Import Request.
  Time since last request: 4.714287 seconds.
  path: Assets/PolygonPirates/Models/SM_Prop_Liferaft_Stand_01.fbx
  artifactKey: Guid(1e6898dc62b1a46479c0e495ec826fb0) Importer(815301076,1909f56bfc062723c751e8b465ee728b)
Number of updated assets reloaded before import = 0
Start importing Assets/PolygonPirates/Models/SM_Prop_Liferaft_Stand_01.fbx using Guid(1e6898dc62b1a46479c0e495ec826fb0) Importer(815301076,1909f56bfc062723c751e8b465ee728b)  -> (artifact id: '4500fac8b2ea9b79179afdd2df6523f6') in 0.108746 seconds 
Number of asset objects unloaded after import = 7
========================================================================
Received Import Request.
  Time since last request: 0.000025 seconds.
  path: Assets/PolygonPirates/Models/SM_Prop_LobsterPot_01.fbx
  artifactKey: Guid(31b3338b370f1bd489caa57eecf651c0) Importer(815301076,1909f56bfc062723c751e8b465ee728b)
Number of updated assets reloaded before import = 0
Start importing Assets/PolygonPirates/Models/SM_Prop_LobsterPot_01.fbx using Guid(31b3338b370f1bd489caa57eecf651c0) Importer(815301076,1909f56bfc062723c751e8b465ee728b)  -> (artifact id: '2f0aaf2d9d6661bf0e77afd608f281e8') in 0.142132 seconds 
Number of asset objects unloaded after import = 7
========================================================================
Received Import Request.
  Time since last request: 0.041145 seconds.
  path: Assets/PolygonPirates/Models/SM_Prop_Ladder_01.fbx
  artifactKey: Guid(88e691a8cce296947b54a4483e9dc15f) Importer(815301076,1909f56bfc062723c751e8b465ee728b)
Number of updated assets reloaded before import = 0
Start importing Assets/PolygonPirates/Models/SM_Prop_Ladder_01.fbx using Guid(88e691a8cce296947b54a4483e9dc15f) Importer(815301076,1909f56bfc062723c751e8b465ee728b)  -> (artifact id: 'eb8f7412dfe96f4310d2e97456f30041') in 0.013575 seconds 
Number of asset objects unloaded after import = 7
========================================================================
Received Import Request.
  Time since last request: 0.000019 seconds.
  path: Assets/PolygonWestern/Models/SM_Prop_Lantern_02.fbx
  artifactKey: Guid(ecb9a67c18527fe4cb435680e2e01b8b) Importer(815301076,1909f56bfc062723c751e8b465ee728b)
Number of updated assets reloaded before import = 0
Start importing Assets/PolygonWestern/Models/SM_Prop_Lantern_02.fbx using Guid(ecb9a67c18527fe4cb435680e2e01b8b) Importer(815301076,1909f56bfc062723c751e8b465ee728b)  -> (artifact id: 'a85643c92eefa9e784e553ee41f782c5') in 0.022187 seconds 
Number of asset objects unloaded after import = 12
========================================================================
Received Import Request.
  Time since last request: 0.000022 seconds.
  path: Assets/PolygonWestern/Models/SM_Prop_Lantern_01.fbx
  artifactKey: Guid(07171454384603d4686663708ee56994) Importer(815301076,1909f56bfc062723c751e8b465ee728b)
Number of updated assets reloaded before import = 0
Start importing Assets/PolygonWestern/Models/SM_Prop_Lantern_01.fbx using Guid(07171454384603d4686663708ee56994) Importer(815301076,1909f56bfc062723c751e8b465ee728b)  -> (artifact id: 'a274dc2bdd2034095a4ef278a3f8fc41') in 0.022636 seconds 
Number of asset objects unloaded after import = 12
========================================================================
Received Import Request.
  Time since last request: 0.000019 seconds.
  path: Assets/PolygonPirates/Prefabs/Props/SM_Prop_Grave_05.prefab
  artifactKey: Guid(8bc545a54a2b88f4695aebfc98a97813) Importer(815301076,1909f56bfc062723c751e8b465ee728b)
Number of updated assets reloaded before import = 0
Start importing Assets/PolygonPirates/Prefabs/Props/SM_Prop_Grave_05.prefab using Guid(8bc545a54a2b88f4695aebfc98a97813) Importer(815301076,1909f56bfc062723c751e8b465ee728b)  -> (artifact id: 'd9a747f09215691bea0516ae54b88572') in 0.010752 seconds 
Number of asset objects unloaded after import = 12
========================================================================
Received Import Request.
  Time since last request: 0.000078 seconds.
  path: Assets/PolygonPirates/Models/SM_Prop_Gallows_02.fbx
  artifactKey: Guid(ac8b87a829a2a5a4eb243d9d98717e13) Importer(815301076,1909f56bfc062723c751e8b465ee728b)
Number of updated assets reloaded before import = 0
Start importing Assets/PolygonPirates/Models/SM_Prop_Gallows_02.fbx using Guid(ac8b87a829a2a5a4eb243d9d98717e13) Importer(815301076,1909f56bfc062723c751e8b465ee728b)  -> (artifact id: '9a6606ebdc6ca690ffd58f621ca6031e') in 0.011505 seconds 
Number of asset objects unloaded after import = 7
========================================================================
Received Import Request.
  Time since last request: 0.000023 seconds.
  path: Assets/PolygonWestern/Models/SM_Prop_Fur_Roll_03.fbx
  artifactKey: Guid(68a83d28a30556a4b8748cd5d016d087) Importer(815301076,1909f56bfc062723c751e8b465ee728b)
Number of updated assets reloaded before import = 0
Start importing Assets/PolygonWestern/Models/SM_Prop_Fur_Roll_03.fbx using Guid(68a83d28a30556a4b8748cd5d016d087) Importer(815301076,1909f56bfc062723c751e8b465ee728b)  -> (artifact id: 'fb1c7cb38b1fcb26023233c60afb02e2') in 0.016126 seconds 
Number of asset objects unloaded after import = 7
========================================================================
Received Import Request.
  Time since last request: 0.000021 seconds.
  path: Assets/PolygonPirates/Models/SM_Prop_Gallows_Trapdoor_01.fbx
  artifactKey: Guid(475bab5794b7e2144a7bd7cc7b2863d8) Importer(815301076,1909f56bfc062723c751e8b465ee728b)
Number of updated assets reloaded before import = 0
Start importing Assets/PolygonPirates/Models/SM_Prop_Gallows_Trapdoor_01.fbx using Guid(475bab5794b7e2144a7bd7cc7b2863d8) Importer(815301076,1909f56bfc062723c751e8b465ee728b)  -> (artifact id: '29e024adf8cb9f66268b30367d7d3b63') in 0.018600 seconds 
Number of asset objects unloaded after import = 12
========================================================================
Received Import Request.
  Time since last request: 0.000021 seconds.
  path: Assets/PolygonPirates/Models/SM_Prop_Grave_03.fbx
  artifactKey: Guid(4a333fc3a3ff1114fbc1bdff1d49bca0) Importer(815301076,1909f56bfc062723c751e8b465ee728b)
Number of updated assets reloaded before import = 0
Start importing Assets/PolygonPirates/Models/SM_Prop_Grave_03.fbx using Guid(4a333fc3a3ff1114fbc1bdff1d49bca0) Importer(815301076,1909f56bfc062723c751e8b465ee728b)  -> (artifact id: '7d13db14805a1da397bed953b558fadd') in 0.011734 seconds 
Number of asset objects unloaded after import = 7
========================================================================
Received Import Request.
  Time since last request: 0.000021 seconds.
  path: Assets/PolygonWestern/Models/SM_Prop_HitchingPost_01.fbx
  artifactKey: Guid(615ed493e26ed55418401354f6f38c4c) Importer(815301076,1909f56bfc062723c751e8b465ee728b)
Number of updated assets reloaded before import = 0
Start importing Assets/PolygonWestern/Models/SM_Prop_HitchingPost_01.fbx using Guid(615ed493e26ed55418401354f6f38c4c) Importer(815301076,1909f56bfc062723c751e8b465ee728b)  -> (artifact id: 'd639777d457c73c5393c57d495238d66') in 0.014786 seconds 
Number of asset objects unloaded after import = 7
========================================================================
Received Import Request.
  Time since last request: 0.000033 seconds.
  path: Assets/PolygonNatureBiomes/PNB_Tropical_Jungle/Prefabs/SM_Prop_GiantClam_01.prefab
  artifactKey: Guid(9b088cd19faafeb4cbaf2865af9da452) Importer(815301076,1909f56bfc062723c751e8b465ee728b)
Number of updated assets reloaded before import = 0
Start importing Assets/PolygonNatureBiomes/PNB_Tropical_Jungle/Prefabs/SM_Prop_GiantClam_01.prefab using Guid(9b088cd19faafeb4cbaf2865af9da452) Importer(815301076,1909f56bfc062723c751e8b465ee728b)  -> (artifact id: 'b799e8837af8cef66a49629e41561e78') in 0.016845 seconds 
Number of asset objects unloaded after import = 20
========================================================================
Received Import Request.
  Time since last request: 0.000037 seconds.
  path: Assets/PolygonPirates/Prefabs/Props/SM_Prop_Gallows_01.prefab
  artifactKey: Guid(5c6dd349b8974124888fc3cd6cdf6507) Importer(815301076,1909f56bfc062723c751e8b465ee728b)
Number of updated assets reloaded before import = 0
Start importing Assets/PolygonPirates/Prefabs/Props/SM_Prop_Gallows_01.prefab using Guid(5c6dd349b8974124888fc3cd6cdf6507) Importer(815301076,1909f56bfc062723c751e8b465ee728b)  -> (artifact id: 'ef70aff655a68dc2eca6fa96a7e16d2d') in 0.012458 seconds 
Number of asset objects unloaded after import = 29
========================================================================
Received Import Request.
  Time since last request: 0.000029 seconds.
  path: Assets/PolygonPirates/Models/SM_Prop_Lantern_02.fbx
  artifactKey: Guid(bf2d8ef72d9a26a4f85952ea4a987b84) Importer(815301076,1909f56bfc062723c751e8b465ee728b)
Number of updated assets reloaded before import = 0
Start importing Assets/PolygonPirates/Models/SM_Prop_Lantern_02.fbx using Guid(bf2d8ef72d9a26a4f85952ea4a987b84) Importer(815301076,1909f56bfc062723c751e8b465ee728b)  -> (artifact id: 'e35aba2d13d8db0f00a9548da8fd8972') in 0.011671 seconds 
Number of asset objects unloaded after import = 7
========================================================================
Received Import Request.
  Time since last request: 1.564474 seconds.
  path: Assets/PolygonPirates/Models/SM_Prop_FishingRod_01.fbx
  artifactKey: Guid(1e3d74ee3b26e0e488cbfbce60d6f24f) Importer(815301076,1909f56bfc062723c751e8b465ee728b)
Number of updated assets reloaded before import = 0
Start importing Assets/PolygonPirates/Models/SM_Prop_FishingRod_01.fbx using Guid(1e3d74ee3b26e0e488cbfbce60d6f24f) Importer(815301076,1909f56bfc062723c751e8b465ee728b)  -> (artifact id: 'b412386f9043f68d8e1bcd0bf3898654') in 0.020448 seconds 
Number of asset objects unloaded after import = 7
========================================================================
Received Import Request.
  Time since last request: 0.000026 seconds.
  path: Assets/PolygonPirates/Models/SM_Prop_FlowerHanging_02.fbx
  artifactKey: Guid(b1c8f831649b6844ca3843ef41c46f76) Importer(815301076,1909f56bfc062723c751e8b465ee728b)
Number of updated assets reloaded before import = 0
Start importing Assets/PolygonPirates/Models/SM_Prop_FlowerHanging_02.fbx using Guid(b1c8f831649b6844ca3843ef41c46f76) Importer(815301076,1909f56bfc062723c751e8b465ee728b)  -> (artifact id: 'acf198a44edf3fb8ef8b324e91623762') in 0.013495 seconds 
Number of asset objects unloaded after import = 7
========================================================================
Received Import Request.
  Time since last request: 0.000026 seconds.
  path: Assets/PolygonPirates/Prefabs/Props/SM_Prop_FlowerHanging_02.prefab
  artifactKey: Guid(366500f45afe5254fa03c07da019e6b8) Importer(815301076,1909f56bfc062723c751e8b465ee728b)
Number of updated assets reloaded before import = 0
Start importing Assets/PolygonPirates/Prefabs/Props/SM_Prop_FlowerHanging_02.prefab using Guid(366500f45afe5254fa03c07da019e6b8) Importer(815301076,1909f56bfc062723c751e8b465ee728b)  -> (artifact id: 'fc38c472ad9d3845af491ad98a920aff') in 0.015210 seconds 
Number of asset objects unloaded after import = 12
========================================================================
Received Import Request.
  Time since last request: 0.000058 seconds.
  path: Assets/PolygonWestern/Models/SM_Prop_Fur_Roll_01.fbx
  artifactKey: Guid(4e18492d49b82c14c910933762091f20) Importer(815301076,1909f56bfc062723c751e8b465ee728b)
Number of updated assets reloaded before import = 0
Start importing Assets/PolygonWestern/Models/SM_Prop_Fur_Roll_01.fbx using Guid(4e18492d49b82c14c910933762091f20) Importer(815301076,1909f56bfc062723c751e8b465ee728b)  -> (artifact id: 'f496bc89c4b7b284f43b23f6e9d8916c') in 0.015134 seconds 
Number of asset objects unloaded after import = 7
========================================================================
Received Import Request.
  Time since last request: 0.000026 seconds.
  path: Assets/PolygonWestern/Models/SM_Prop_Fur_Roll_02.fbx
  artifactKey: Guid(e3b8cca8eb23846499313ea70009d70b) Importer(815301076,1909f56bfc062723c751e8b465ee728b)
Number of updated assets reloaded before import = 0
Start importing Assets/PolygonWestern/Models/SM_Prop_Fur_Roll_02.fbx using Guid(e3b8cca8eb23846499313ea70009d70b) Importer(815301076,1909f56bfc062723c751e8b465ee728b)  -> (artifact id: '0f476f01832195fe4a4840a154d18032') in 0.016147 seconds 
Number of asset objects unloaded after import = 7
========================================================================
Received Import Request.
  Time since last request: 3.955310 seconds.
  path: Assets/PolygonPirates/Prefabs/Props/SM_Prop_Fence_02.prefab
  artifactKey: Guid(4cca88151dc698d469b6d822cf392996) Importer(815301076,1909f56bfc062723c751e8b465ee728b)
Number of updated assets reloaded before import = 0
Start importing Assets/PolygonPirates/Prefabs/Props/SM_Prop_Fence_02.prefab using Guid(4cca88151dc698d469b6d822cf392996) Importer(815301076,1909f56bfc062723c751e8b465ee728b)  -> (artifact id: 'b8eefc88b3927b9cc1f50c78b2e094cb') in 0.042683 seconds 
Number of asset objects unloaded after import = 12
========================================================================
Received Import Request.
  Time since last request: 0.000018 seconds.
  path: Assets/PolygonPirates/Models/SM_Prop_Fence_03.fbx
  artifactKey: Guid(cdfa4d84b7b56d742b4c04280586c8d7) Importer(815301076,1909f56bfc062723c751e8b465ee728b)
Number of updated assets reloaded before import = 0
Start importing Assets/PolygonPirates/Models/SM_Prop_Fence_03.fbx using Guid(cdfa4d84b7b56d742b4c04280586c8d7) Importer(815301076,1909f56bfc062723c751e8b465ee728b)  -> (artifact id: '5de7f8e5ecef520911e8729d99ed4718') in 0.056024 seconds 
Number of asset objects unloaded after import = 7
========================================================================
Received Import Request.
  Time since last request: 0.000036 seconds.
  path: Assets/PolygonPirates/Models/SM_Prop_Fence_05.fbx
  artifactKey: Guid(a4bfe9ceb5b3a8f489e86aa537474271) Importer(815301076,1909f56bfc062723c751e8b465ee728b)
Number of updated assets reloaded before import = 0
Start importing Assets/PolygonPirates/Models/SM_Prop_Fence_05.fbx using Guid(a4bfe9ceb5b3a8f489e86aa537474271) Importer(815301076,1909f56bfc062723c751e8b465ee728b)  -> (artifact id: '7e414df20e0a29a6152bf8bb41e364b1') in 0.013708 seconds 
Number of asset objects unloaded after import = 7
========================================================================
Received Import Request.
  Time since last request: 0.000037 seconds.
  path: Assets/PolygonWestern/Models/SM_Prop_Fence_Stick_01.fbx
  artifactKey: Guid(deb3ce87427716c49ac5f6e7013ab2ea) Importer(815301076,1909f56bfc062723c751e8b465ee728b)
Number of updated assets reloaded before import = 0
Start importing Assets/PolygonWestern/Models/SM_Prop_Fence_Stick_01.fbx using Guid(deb3ce87427716c49ac5f6e7013ab2ea) Importer(815301076,1909f56bfc062723c751e8b465ee728b)  -> (artifact id: 'fe7312777aefd75a1bbb7e5da041c0db') in 0.012956 seconds 
Number of asset objects unloaded after import = 7
========================================================================
Received Import Request.
  Time since last request: 0.676603 seconds.
  path: Assets/PolygonWestern/Models/SM_Prop_Desk_01.fbx
  artifactKey: Guid(471e5f7a03940164580615fa0367fde7) Importer(815301076,1909f56bfc062723c751e8b465ee728b)
Number of updated assets reloaded before import = 0
Start importing Assets/PolygonWestern/Models/SM_Prop_Desk_01.fbx using Guid(471e5f7a03940164580615fa0367fde7) Importer(815301076,1909f56bfc062723c751e8b465ee728b)  -> (artifact id: '3d7fcc0343b7ba13fe8a21e2c069a303') in 0.013921 seconds 
Number of asset objects unloaded after import = 7
========================================================================
Received Import Request.
  Time since last request: 0.000019 seconds.
  path: Assets/PolygonPirates/Models/SM_Prop_Door_03.fbx
  artifactKey: Guid(4dcb8e439a30e6640963c3d315eb22e6) Importer(815301076,1909f56bfc062723c751e8b465ee728b)
Number of updated assets reloaded before import = 0
Start importing Assets/PolygonPirates/Models/SM_Prop_Door_03.fbx using Guid(4dcb8e439a30e6640963c3d315eb22e6) Importer(815301076,1909f56bfc062723c751e8b465ee728b)  -> (artifact id: '2a4eb8fd78c74617d501464036850c88') in 0.013994 seconds 
Number of asset objects unloaded after import = 7
========================================================================
Received Import Request.
  Time since last request: 0.000021 seconds.
  path: Assets/PolygonWestern/Models/SM_Prop_Entrance_02.fbx
  artifactKey: Guid(e1ede88134d193840ba84785fedbe6ed) Importer(815301076,1909f56bfc062723c751e8b465ee728b)
Number of updated assets reloaded before import = 0
Start importing Assets/PolygonWestern/Models/SM_Prop_Entrance_02.fbx using Guid(e1ede88134d193840ba84785fedbe6ed) Importer(815301076,1909f56bfc062723c751e8b465ee728b)  -> (artifact id: '462cf3477a1e119f1aeea81c52d9ce87') in 0.015428 seconds 
Number of asset objects unloaded after import = 7
========================================================================
Received Import Request.
  Time since last request: 0.535754 seconds.
  path: Assets/PolygonWestern/Models/SM_Prop_Curtain_01.fbx
  artifactKey: Guid(bec8d00f785002d4fa0331b06df2f972) Importer(815301076,1909f56bfc062723c751e8b465ee728b)
Number of updated assets reloaded before import = 0
Start importing Assets/PolygonWestern/Models/SM_Prop_Curtain_01.fbx using Guid(bec8d00f785002d4fa0331b06df2f972) Importer(815301076,1909f56bfc062723c751e8b465ee728b)  -> (artifact id: '75e383b563603b6951f8e9f24d40ba53') in 0.018860 seconds 
Number of asset objects unloaded after import = 7
========================================================================
Received Import Request.
  Time since last request: 0.000032 seconds.
  path: Assets/PolygonPirates/Prefabs/Props/SM_Prop_Debris_02.prefab
  artifactKey: Guid(8bf565eea5184394ea9f3051f1232723) Importer(815301076,1909f56bfc062723c751e8b465ee728b)
Number of updated assets reloaded before import = 0
Start importing Assets/PolygonPirates/Prefabs/Props/SM_Prop_Debris_02.prefab using Guid(8bf565eea5184394ea9f3051f1232723) Importer(815301076,1909f56bfc062723c751e8b465ee728b)  -> (artifact id: 'a59f6ce14ee8505ddbe1ceb14b5a1f00') in 0.011973 seconds 
Number of asset objects unloaded after import = 12
========================================================================
Received Import Request.
  Time since last request: 0.000020 seconds.
  path: Assets/PolygonWestern/Models/SM_Prop_Curtain_Rail_01.fbx
  artifactKey: Guid(b5f965b285d441d4ea7e6fe74a1f5335) Importer(815301076,1909f56bfc062723c751e8b465ee728b)
Number of updated assets reloaded before import = 0
Start importing Assets/PolygonWestern/Models/SM_Prop_Curtain_Rail_01.fbx using Guid(b5f965b285d441d4ea7e6fe74a1f5335) Importer(815301076,1909f56bfc062723c751e8b465ee728b)  -> (artifact id: '91918fe7656a6166af9a496cfd7c304f') in 0.015438 seconds 
Number of asset objects unloaded after import = 7
========================================================================
Received Import Request.
  Time since last request: 1.125476 seconds.
  path: Assets/PolygonPirates/Models/SM_Prop_Crate_02.fbx
  artifactKey: Guid(6790f93077d1f7f458492b215d3478e7) Importer(815301076,1909f56bfc062723c751e8b465ee728b)
Number of updated assets reloaded before import = 0
Start importing Assets/PolygonPirates/Models/SM_Prop_Crate_02.fbx using Guid(6790f93077d1f7f458492b215d3478e7) Importer(815301076,1909f56bfc062723c751e8b465ee728b)  -> (artifact id: 'a3d4a4f440faecc583e64a24edb868fc') in 0.011705 seconds 
Number of asset objects unloaded after import = 7
========================================================================
Received Import Request.
  Time since last request: 0.000017 seconds.
  path: Assets/PolygonPirates/Models/SM_Prop_Crate_03.fbx
  artifactKey: Guid(d0137850a2b5d7041835f532fbfa044d) Importer(815301076,1909f56bfc062723c751e8b465ee728b)
Number of updated assets reloaded before import = 0
Start importing Assets/PolygonPirates/Models/SM_Prop_Crate_03.fbx using Guid(d0137850a2b5d7041835f532fbfa044d) Importer(815301076,1909f56bfc062723c751e8b465ee728b)  -> (artifact id: '017ae3b5bf567f49e1ef876007136dd9') in 0.010990 seconds 
Number of asset objects unloaded after import = 7
========================================================================
Received Import Request.
  Time since last request: 0.000028 seconds.
  path: Assets/PolygonPirates/Prefabs/Props/SM_Prop_Crate_05.prefab
  artifactKey: Guid(54f8ef40b19088448b0723c2803cf6a1) Importer(815301076,1909f56bfc062723c751e8b465ee728b)
Number of updated assets reloaded before import = 0
Start importing Assets/PolygonPirates/Prefabs/Props/SM_Prop_Crate_05.prefab using Guid(54f8ef40b19088448b0723c2803cf6a1) Importer(815301076,1909f56bfc062723c751e8b465ee728b)  -> (artifact id: 'cf34f76299f6ec9d92977744140f83ec') in 0.011810 seconds 
Number of asset objects unloaded after import = 12
========================================================================
Received Import Request.
  Time since last request: 0.000018 seconds.
  path: Assets/PolygonPirates/Models/SM_Prop_Crate_Covered_01.fbx
  artifactKey: Guid(bb26b3c513322df42ac051222efd4c7b) Importer(815301076,1909f56bfc062723c751e8b465ee728b)
Number of updated assets reloaded before import = 0
Start importing Assets/PolygonPirates/Models/SM_Prop_Crate_Covered_01.fbx using Guid(bb26b3c513322df42ac051222efd4c7b) Importer(815301076,1909f56bfc062723c751e8b465ee728b)  -> (artifact id: '646a37189245d29a65e72cc278eed683') in 0.018942 seconds 
Number of asset objects unloaded after import = 7
========================================================================
Received Import Request.
  Time since last request: 0.000018 seconds.
  path: Assets/PolygonPirates/Prefabs/Props/SM_Prop_Crate_Covered_01.prefab
  artifactKey: Guid(7faac9e46c092bf43a71b66a76456b49) Importer(815301076,1909f56bfc062723c751e8b465ee728b)
Number of updated assets reloaded before import = 0
Start importing Assets/PolygonPirates/Prefabs/Props/SM_Prop_Crate_Covered_01.prefab using Guid(7faac9e46c092bf43a71b66a76456b49) Importer(815301076,1909f56bfc062723c751e8b465ee728b)  -> (artifact id: '01fcdf3e49b683ae5fb84dd659c47d90') in 0.011412 seconds 
Number of asset objects unloaded after import = 12
========================================================================
Received Import Request.
  Time since last request: 0.000025 seconds.
  path: Assets/PolygonPirates/Models/SM_Prop_Crate_05.fbx
  artifactKey: Guid(2963904c4171a51448432a9a28e7ff60) Importer(815301076,1909f56bfc062723c751e8b465ee728b)
Number of updated assets reloaded before import = 0
Start importing Assets/PolygonPirates/Models/SM_Prop_Crate_05.fbx using Guid(2963904c4171a51448432a9a28e7ff60) Importer(815301076,1909f56bfc062723c751e8b465ee728b)  -> (artifact id: '1dc5de75a7c5b99ca98c7dfa3b7370c0') in 0.012735 seconds 
Number of asset objects unloaded after import = 7
========================================================================
Received Import Request.
  Time since last request: 0.427167 seconds.
  path: Assets/PolygonPirates/Models/SM_Prop_Crane_01.fbx
  artifactKey: Guid(d49a38fd04014b149b1df67acde16e1e) Importer(815301076,1909f56bfc062723c751e8b465ee728b)
Number of updated assets reloaded before import = 0
Start importing Assets/PolygonPirates/Models/SM_Prop_Crane_01.fbx using Guid(d49a38fd04014b149b1df67acde16e1e) Importer(815301076,1909f56bfc062723c751e8b465ee728b)  -> (artifact id: '96835cce7efaacfd7d4465b358fb8cef') in 0.014708 seconds 
Number of asset objects unloaded after import = 7
========================================================================
Received Import Request.
  Time since last request: 0.000023 seconds.
  path: Assets/PolygonWestern/Models/SM_Prop_Crate_01.fbx
  artifactKey: Guid(57854fb99ba71af4286b47d5771ce020) Importer(815301076,1909f56bfc062723c751e8b465ee728b)
Number of updated assets reloaded before import = 0
Start importing Assets/PolygonWestern/Models/SM_Prop_Crate_01.fbx using Guid(57854fb99ba71af4286b47d5771ce020) Importer(815301076,1909f56bfc062723c751e8b465ee728b)  -> (artifact id: 'fa6308781dd672192d34665a472ac077') in 0.012636 seconds 
Number of asset objects unloaded after import = 7
========================================================================
Received Import Request.
  Time since last request: 0.000017 seconds.
  path: Assets/PolygonPirates/Prefabs/Props/SM_Prop_Crane_Shark_01.prefab
  artifactKey: Guid(365e4a2b68585bb48838ef11aafd9024) Importer(815301076,1909f56bfc062723c751e8b465ee728b)
Number of updated assets reloaded before import = 0
Start importing Assets/PolygonPirates/Prefabs/Props/SM_Prop_Crane_Shark_01.prefab using Guid(365e4a2b68585bb48838ef11aafd9024) Importer(815301076,1909f56bfc062723c751e8b465ee728b)  -> (artifact id: '58664a0a3eec0ad263124ddbf08e63e1') in 0.011306 seconds 
Number of asset objects unloaded after import = 16
========================================================================
Received Import Request.
  Time since last request: 0.000017 seconds.
  path: Assets/PolygonPirates/Models/SM_Prop_Crane_03.fbx
  artifactKey: Guid(41d3b9a8e8103f74f9738600bedce8ad) Importer(815301076,1909f56bfc062723c751e8b465ee728b)
Number of updated assets reloaded before import = 0
Start importing Assets/PolygonPirates/Models/SM_Prop_Crane_03.fbx using Guid(41d3b9a8e8103f74f9738600bedce8ad) Importer(815301076,1909f56bfc062723c751e8b465ee728b)  -> (artifact id: '1cd4774eaec433f93869008d03ebc71a') in 0.010883 seconds 
Number of asset objects unloaded after import = 7
========================================================================
Received Import Request.
  Time since last request: 0.000022 seconds.
  path: Assets/PolygonPirates/Prefabs/Props/SM_Prop_Crane_03.prefab
  artifactKey: Guid(ad143900d84ce844993be56d509c6857) Importer(815301076,1909f56bfc062723c751e8b465ee728b)
Number of updated assets reloaded before import = 0
Start importing Assets/PolygonPirates/Prefabs/Props/SM_Prop_Crane_03.prefab using Guid(ad143900d84ce844993be56d509c6857) Importer(815301076,1909f56bfc062723c751e8b465ee728b)  -> (artifact id: '0769bb1e5e4571bde782482432dd4760') in 0.010322 seconds 
Number of asset objects unloaded after import = 12
========================================================================
Received Import Request.
  Time since last request: 0.857332 seconds.
  path: Assets/PolygonNatureBiomes/PNB_Tropical_Jungle/Models/SM_Prop_Coral_04.fbx
  artifactKey: Guid(09e6a0601dd43d54a859704230d2f487) Importer(815301076,1909f56bfc062723c751e8b465ee728b)
Number of updated assets reloaded before import = 0
Start importing Assets/PolygonNatureBiomes/PNB_Tropical_Jungle/Models/SM_Prop_Coral_04.fbx using Guid(09e6a0601dd43d54a859704230d2f487) Importer(815301076,1909f56bfc062723c751e8b465ee728b)  -> (artifact id: '90c0676310a52321cc050942ea1ab182') in 0.014348 seconds 
Number of asset objects unloaded after import = 7
========================================================================
Received Import Request.
  Time since last request: 0.000017 seconds.
  path: Assets/PolygonNatureBiomes/PNB_Tropical_Jungle/Models/SM_Prop_Coral_07.fbx
  artifactKey: Guid(ff0262e327e12514e838126301bf0a91) Importer(815301076,1909f56bfc062723c751e8b465ee728b)
Number of updated assets reloaded before import = 0
Start importing Assets/PolygonNatureBiomes/PNB_Tropical_Jungle/Models/SM_Prop_Coral_07.fbx using Guid(ff0262e327e12514e838126301bf0a91) Importer(815301076,1909f56bfc062723c751e8b465ee728b)  -> (artifact id: 'c160a34ddbbd18054a01a68a0fa30661') in 0.025069 seconds 
Number of asset objects unloaded after import = 7
========================================================================
Received Import Request.
  Time since last request: 0.000020 seconds.
  path: Assets/PolygonNatureBiomes/PNB_Tropical_Jungle/Prefabs/SM_Prop_Coral_10.prefab
  artifactKey: Guid(9d5af34c6c141ad498daa5546b8b447a) Importer(815301076,1909f56bfc062723c751e8b465ee728b)
Number of updated assets reloaded before import = 0
Start importing Assets/PolygonNatureBiomes/PNB_Tropical_Jungle/Prefabs/SM_Prop_Coral_10.prefab using Guid(9d5af34c6c141ad498daa5546b8b447a) Importer(815301076,1909f56bfc062723c751e8b465ee728b)  -> (artifact id: 'd0eca04956b50a0e9503befa7cd38d01') in 0.026816 seconds 
Number of asset objects unloaded after import = 10
========================================================================
Received Import Request.
  Time since last request: 0.000033 seconds.
  path: Assets/PolygonNatureBiomes/PNB_Tropical_Jungle/Prefabs/SM_Prop_Coral_05.prefab
  artifactKey: Guid(e3d346b4f05ebff4094e195fd0c56357) Importer(815301076,1909f56bfc062723c751e8b465ee728b)
Number of updated assets reloaded before import = 0
Start importing Assets/PolygonNatureBiomes/PNB_Tropical_Jungle/Prefabs/SM_Prop_Coral_05.prefab using Guid(e3d346b4f05ebff4094e195fd0c56357) Importer(815301076,1909f56bfc062723c751e8b465ee728b)  -> (artifact id: 'fef11250daa33c361655b3024c8f5c86') in 0.017600 seconds 
Number of asset objects unloaded after import = 10
========================================================================
Received Import Request.
  Time since last request: 0.000022 seconds.
  path: Assets/PolygonNatureBiomes/PNB_Tropical_Jungle/Models/SM_Prop_Coral_08.fbx
  artifactKey: Guid(94bf2020c1e9d7c40bcc91d9d20db09c) Importer(815301076,1909f56bfc062723c751e8b465ee728b)
Number of updated assets reloaded before import = 0
Start importing Assets/PolygonNatureBiomes/PNB_Tropical_Jungle/Models/SM_Prop_Coral_08.fbx using Guid(94bf2020c1e9d7c40bcc91d9d20db09c) Importer(815301076,1909f56bfc062723c751e8b465ee728b)  -> (artifact id: 'b206d6aec26209ea0f344a16c3bce6e5') in 0.028239 seconds 
Number of asset objects unloaded after import = 7
========================================================================
Received Import Request.
  Time since last request: 0.391445 seconds.
  path: Assets/PolygonWestern/Models/SM_Prop_Coffin_01.fbx
  artifactKey: Guid(8ef720f53bf71744085e1292b4e6922b) Importer(815301076,1909f56bfc062723c751e8b465ee728b)
Number of updated assets reloaded before import = 0
Start importing Assets/PolygonWestern/Models/SM_Prop_Coffin_01.fbx using Guid(8ef720f53bf71744085e1292b4e6922b) Importer(815301076,1909f56bfc062723c751e8b465ee728b)  -> (artifact id: '6053b2e4af07d7dd7c81fdb892f83c11') in 0.034259 seconds 
Number of asset objects unloaded after import = 12
========================================================================
Received Import Request.
  Time since last request: 0.000027 seconds.
  path: Assets/PolygonNatureBiomes/PNB_Tropical_Jungle/Prefabs/SM_Prop_Coral_02.prefab
  artifactKey: Guid(a2c7fb009bdb42c4b9a842ed34cdde43) Importer(815301076,1909f56bfc062723c751e8b465ee728b)
Number of updated assets reloaded before import = 0
Start importing Assets/PolygonNatureBiomes/PNB_Tropical_Jungle/Prefabs/SM_Prop_Coral_02.prefab using Guid(a2c7fb009bdb42c4b9a842ed34cdde43) Importer(815301076,1909f56bfc062723c751e8b465ee728b)  -> (artifact id: '740838756a2ec8409137cc8d593af0e9') in 0.017100 seconds 
Number of asset objects unloaded after import = 10
========================================================================
Received Import Request.
  Time since last request: 3.058471 seconds.
  path: Assets/PolygonPirates/Models/SM_Prop_Chest_Treasure_02.fbx
  artifactKey: Guid(7417001c713a3e54bbe542262e6a1fb1) Importer(815301076,1909f56bfc062723c751e8b465ee728b)
Number of updated assets reloaded before import = 0
Start importing Assets/PolygonPirates/Models/SM_Prop_Chest_Treasure_02.fbx using Guid(7417001c713a3e54bbe542262e6a1fb1) Importer(815301076,1909f56bfc062723c751e8b465ee728b)  -> (artifact id: '5f7f33daa60d544c35d885361c3e7723') in 0.026353 seconds 
Number of asset objects unloaded after import = 12
========================================================================
Received Import Request.
  Time since last request: 0.000015 seconds.
  path: Assets/PolygonPirates/Prefabs/Props/SM_Prop_Chimney_01.prefab
  artifactKey: Guid(a7b2d2b39fd448040aaa9dfc5083d017) Importer(815301076,1909f56bfc062723c751e8b465ee728b)
Number of updated assets reloaded before import = 0
Start importing Assets/PolygonPirates/Prefabs/Props/SM_Prop_Chimney_01.prefab using Guid(a7b2d2b39fd448040aaa9dfc5083d017) Importer(815301076,1909f56bfc062723c751e8b465ee728b)  -> (artifact id: 'f0a20aeb6686d6a156bcae2fdee281f6') in 0.044798 seconds 
Number of asset objects unloaded after import = 12
========================================================================
Received Import Request.
  Time since last request: 0.000029 seconds.
  path: Assets/PolygonPirates/Models/SM_Prop_Chimney_02.fbx
  artifactKey: Guid(b9f0cff3af905e0468234fd53144be65) Importer(815301076,1909f56bfc062723c751e8b465ee728b)
Number of updated assets reloaded before import = 0
Start importing Assets/PolygonPirates/Models/SM_Prop_Chimney_02.fbx using Guid(b9f0cff3af905e0468234fd53144be65) Importer(815301076,1909f56bfc062723c751e8b465ee728b)  -> (artifact id: '5168fd7ec689cec3d1423ee778ee326d') in 0.012347 seconds 
Number of asset objects unloaded after import = 7
========================================================================
Received Import Request.
  Time since last request: 0.688223 seconds.
  path: Assets/PolygonWestern/Models/SM_Prop_CartWheel_01.fbx
  artifactKey: Guid(834985d0e9aa21f47b0614a4f326fd0c) Importer(815301076,1909f56bfc062723c751e8b465ee728b)
Number of updated assets reloaded before import = 0
Start importing Assets/PolygonWestern/Models/SM_Prop_CartWheel_01.fbx using Guid(834985d0e9aa21f47b0614a4f326fd0c) Importer(815301076,1909f56bfc062723c751e8b465ee728b)  -> (artifact id: '5382bad5443f4311e4839ee2e88d5163') in 0.013391 seconds 
Number of asset objects unloaded after import = 7
========================================================================
Received Import Request.
  Time since last request: 0.000017 seconds.
  path: Assets/PolygonPirates/Models/SM_Prop_Chest_02.fbx
  artifactKey: Guid(d552a1cae322c5a4bba81090bdb60369) Importer(815301076,1909f56bfc062723c751e8b465ee728b)
Number of updated assets reloaded before import = 0
Start importing Assets/PolygonPirates/Models/SM_Prop_Chest_02.fbx using Guid(d552a1cae322c5a4bba81090bdb60369) Importer(815301076,1909f56bfc062723c751e8b465ee728b)  -> (artifact id: 'ded797d7cd3d7b0642fcb1450d2dc7ae') in 0.030695 seconds 
Number of asset objects unloaded after import = 17
========================================================================
Received Import Request.
  Time since last request: 0.000021 seconds.
  path: Assets/PolygonPirates/Prefabs/Props/SM_Prop_Chest_01.prefab
  artifactKey: Guid(931c64dfd4f2c9247a14476c29f94228) Importer(815301076,1909f56bfc062723c751e8b465ee728b)
Number of updated assets reloaded before import = 0
Start importing Assets/PolygonPirates/Prefabs/Props/SM_Prop_Chest_01.prefab using Guid(931c64dfd4f2c9247a14476c29f94228) Importer(815301076,1909f56bfc062723c751e8b465ee728b)  -> (artifact id: '5d107bd7b461bb275aec11be44c3f981') in 0.011980 seconds 
Number of asset objects unloaded after import = 22
========================================================================
Received Import Request.
  Time since last request: 0.000023 seconds.
  path: Assets/PolygonPirates/Prefabs/Props/SM_Prop_Chest_02.prefab
  artifactKey: Guid(eede53cc5cf80734db132a105d04dd97) Importer(815301076,1909f56bfc062723c751e8b465ee728b)
Number of updated assets reloaded before import = 0
Start importing Assets/PolygonPirates/Prefabs/Props/SM_Prop_Chest_02.prefab using Guid(eede53cc5cf80734db132a105d04dd97) Importer(815301076,1909f56bfc062723c751e8b465ee728b)  -> (artifact id: '38b6188e6000be8403a61d4febd34c63') in 0.012549 seconds 
Number of asset objects unloaded after import = 22
========================================================================
Received Import Request.
  Time since last request: 0.463968 seconds.
  path: Assets/PolygonPirates/Models/SM_Prop_CannonBalls_01.fbx
  artifactKey: Guid(8379ff625d2011742be9fb60311cd24d) Importer(815301076,1909f56bfc062723c751e8b465ee728b)
Number of updated assets reloaded before import = 0
Start importing Assets/PolygonPirates/Models/SM_Prop_CannonBalls_01.fbx using Guid(8379ff625d2011742be9fb60311cd24d) Importer(815301076,1909f56bfc062723c751e8b465ee728b)  -> (artifact id: 'ccf6ded5290cf3b3c646fd12d4d3be80') in 0.019439 seconds 
Number of asset objects unloaded after import = 7
========================================================================
Received Import Request.
  Time since last request: 0.000020 seconds.
  path: Assets/PolygonWestern/Models/SM_Prop_Card_02.fbx
  artifactKey: Guid(4c8c8fe18783fe1489101c6ab1becd11) Importer(815301076,1909f56bfc062723c751e8b465ee728b)
Number of updated assets reloaded before import = 0
Start importing Assets/PolygonWestern/Models/SM_Prop_Card_02.fbx using Guid(4c8c8fe18783fe1489101c6ab1becd11) Importer(815301076,1909f56bfc062723c751e8b465ee728b)  -> (artifact id: '3f7e638b0ec5c6c9bcfca46cd83194fc') in 0.013170 seconds 
Number of asset objects unloaded after import = 7
========================================================================
Received Import Request.
  Time since last request: 0.000031 seconds.
  path: Assets/PolygonPirates/Prefabs/Props/SM_Prop_CannonBalls_02.prefab
  artifactKey: Guid(7e639efc7992b714c8e414e0ba022269) Importer(815301076,1909f56bfc062723c751e8b465ee728b)
Number of updated assets reloaded before import = 0
Start importing Assets/PolygonPirates/Prefabs/Props/SM_Prop_CannonBalls_02.prefab using Guid(7e639efc7992b714c8e414e0ba022269) Importer(815301076,1909f56bfc062723c751e8b465ee728b)  -> (artifact id: '0d9eae26f0f601eed0702d970269cb74') in 0.010391 seconds 
Number of asset objects unloaded after import = 12
========================================================================
Received Import Request.
  Time since last request: 0.000025 seconds.
  path: Assets/PolygonWestern/Models/SM_Prop_Card_Pile_01.fbx
  artifactKey: Guid(20f1da6626b84f142b7b73ef23f8b472) Importer(815301076,1909f56bfc062723c751e8b465ee728b)
Number of updated assets reloaded before import = 0
Start importing Assets/PolygonWestern/Models/SM_Prop_Card_Pile_01.fbx using Guid(20f1da6626b84f142b7b73ef23f8b472) Importer(815301076,1909f56bfc062723c751e8b465ee728b)  -> (artifact id: '3cb8431e3eb0990212ba7eefd29458a5') in 0.012167 seconds 
Number of asset objects unloaded after import = 7
========================================================================
Received Import Request.
  Time since last request: 0.000023 seconds.
  path: Assets/PolygonWestern/Models/SM_Prop_Card_03.fbx
  artifactKey: Guid(0ac84729d15d70c4ea63a6c56333cae5) Importer(815301076,1909f56bfc062723c751e8b465ee728b)
Number of updated assets reloaded before import = 0
Start importing Assets/PolygonWestern/Models/SM_Prop_Card_03.fbx using Guid(0ac84729d15d70c4ea63a6c56333cae5) Importer(815301076,1909f56bfc062723c751e8b465ee728b)  -> (artifact id: '2c1f8e0ce537b1089421d8b9cf4ea004') in 0.010538 seconds 
Number of asset objects unloaded after import = 7
========================================================================
Received Import Request.
  Time since last request: 1.336983 seconds.
  path: Assets/PolygonPirates/Prefabs/Props/SM_Prop_Cannon_01.prefab
  artifactKey: Guid(04e5ad3b4d0e23842a04b203a7ef5e46) Importer(815301076,1909f56bfc062723c751e8b465ee728b)
Number of updated assets reloaded before import = 0
Start importing Assets/PolygonPirates/Prefabs/Props/SM_Prop_Cannon_01.prefab using Guid(04e5ad3b4d0e23842a04b203a7ef5e46) Importer(815301076,1909f56bfc062723c751e8b465ee728b)  -> (artifact id: '1585d0ea1c542df5ac9f752c626525b5') in 0.016510 seconds 
Number of asset objects unloaded after import = 12
========================================================================
Received Import Request.
  Time since last request: 0.000020 seconds.
  path: Assets/PolygonPirates/Models/SM_Prop_Cannon_02.fbx
  artifactKey: Guid(25fa7617a4f48f24fb0cbe158b394796) Importer(815301076,1909f56bfc062723c751e8b465ee728b)
Number of updated assets reloaded before import = 0
Start importing Assets/PolygonPirates/Models/SM_Prop_Cannon_02.fbx using Guid(25fa7617a4f48f24fb0cbe158b394796) Importer(815301076,1909f56bfc062723c751e8b465ee728b)  -> (artifact id: 'a3f0347d7d07efae31ed8f9a0272ed92') in 0.016555 seconds 
Number of asset objects unloaded after import = 7
========================================================================
Received Import Request.
  Time since last request: 0.000034 seconds.
  path: Assets/PolygonPirates/Models/SM_Prop_Cannon_LowDetail_01.fbx
  artifactKey: Guid(d40a8b4533fcb85409f6775827de05c1) Importer(815301076,1909f56bfc062723c751e8b465ee728b)
Number of updated assets reloaded before import = 0
Start importing Assets/PolygonPirates/Models/SM_Prop_Cannon_LowDetail_01.fbx using Guid(d40a8b4533fcb85409f6775827de05c1) Importer(815301076,1909f56bfc062723c751e8b465ee728b)  -> (artifact id: 'fcab7a81c84bc89557814097520f0638') in 0.017199 seconds 
Number of asset objects unloaded after import = 7
========================================================================
Received Import Request.
  Time since last request: 0.000036 seconds.
  path: Assets/PolygonPirates/Models/SM_Prop_Cannon_02_Separate.fbx
  artifactKey: Guid(00e92230cf7b67d45a8117fe9adb5a54) Importer(815301076,1909f56bfc062723c751e8b465ee728b)
Number of updated assets reloaded before import = 0
Start importing Assets/PolygonPirates/Models/SM_Prop_Cannon_02_Separate.fbx using Guid(00e92230cf7b67d45a8117fe9adb5a54) Importer(815301076,1909f56bfc062723c751e8b465ee728b)  -> (artifact id: 'b4cfb34629f124ba55a1f68cfe367491') in 0.036060 seconds 
Number of asset objects unloaded after import = 22
========================================================================
Received Import Request.
  Time since last request: 0.000047 seconds.
  path: Assets/PolygonPirates/Prefabs/Props/SM_Prop_Cannon_02_Separate.prefab
  artifactKey: Guid(6ae68959b612294439ad6fba98298aa5) Importer(815301076,1909f56bfc062723c751e8b465ee728b)
Number of updated assets reloaded before import = 0
Start importing Assets/PolygonPirates/Prefabs/Props/SM_Prop_Cannon_02_Separate.prefab using Guid(6ae68959b612294439ad6fba98298aa5) Importer(815301076,1909f56bfc062723c751e8b465ee728b)  -> (artifact id: '04e5cd64d3a648c725092225c7ca14d3') in 0.023590 seconds 
Number of asset objects unloaded after import = 27
========================================================================
Received Import Request.
  Time since last request: 0.593712 seconds.
  path: Assets/PolygonPirates/Models/SM_Prop_Cage_01.fbx
  artifactKey: Guid(078157a9f232ee34fbcf4d38d4a40146) Importer(815301076,1909f56bfc062723c751e8b465ee728b)
Number of updated assets reloaded before import = 0
Start importing Assets/PolygonPirates/Models/SM_Prop_Cage_01.fbx using Guid(078157a9f232ee34fbcf4d38d4a40146) Importer(815301076,1909f56bfc062723c751e8b465ee728b)  -> (artifact id: '3426780a620726bbad878488cf6056b9') in 0.016215 seconds 
Number of asset objects unloaded after import = 7
========================================================================
Received Import Request.
  Time since last request: 0.000028 seconds.
  path: Assets/PolygonPirates/Prefabs/Props/SM_Prop_Campfire_Pot_01.prefab
  artifactKey: Guid(e77bb0d531071bc4fbe1775ecc123bf9) Importer(815301076,1909f56bfc062723c751e8b465ee728b)
Number of updated assets reloaded before import = 0
Start importing Assets/PolygonPirates/Prefabs/Props/SM_Prop_Campfire_Pot_01.prefab using Guid(e77bb0d531071bc4fbe1775ecc123bf9) Importer(815301076,1909f56bfc062723c751e8b465ee728b)  -> (artifact id: 'fa6d5c54f9350af01900b5b0074f57f8') in 0.034215 seconds 
Number of asset objects unloaded after import = 12
========================================================================
Received Import Request.
  Time since last request: 0.000017 seconds.
  path: Assets/PolygonPirates/Prefabs/Props/SM_Prop_Campfire_01.prefab
  artifactKey: Guid(14fccbae209fdf64bbe5c99774a871e7) Importer(815301076,1909f56bfc062723c751e8b465ee728b)
Number of updated assets reloaded before import = 0
Start importing Assets/PolygonPirates/Prefabs/Props/SM_Prop_Campfire_01.prefab using Guid(14fccbae209fdf64bbe5c99774a871e7) Importer(815301076,1909f56bfc062723c751e8b465ee728b)  -> (artifact id: '000dfff2966011eddce79db64a04f78f') in 0.026998 seconds 
Number of asset objects unloaded after import = 12
========================================================================
Received Import Request.
  Time since last request: 0.000021 seconds.
  path: Assets/PolygonPirates/Prefabs/Props/SM_Prop_Cage_02.prefab
  artifactKey: Guid(4f233641bb2555040916df585609380f) Importer(815301076,1909f56bfc062723c751e8b465ee728b)
Number of updated assets reloaded before import = 0
Start importing Assets/PolygonPirates/Prefabs/Props/SM_Prop_Cage_02.prefab using Guid(4f233641bb2555040916df585609380f) Importer(815301076,1909f56bfc062723c751e8b465ee728b)  -> (artifact id: '3b987b711de8801888f7ae2a872e38c5') in 0.014282 seconds 
Number of asset objects unloaded after import = 12
========================================================================
Received Import Request.
  Time since last request: 9.976985 seconds.
  path: Assets/PolygonWestern/Models/SM_Prop_Basket_03.fbx
  artifactKey: Guid(f2dcaa4196abe7b46a58bda8e67544e7) Importer(815301076,1909f56bfc062723c751e8b465ee728b)
Number of updated assets reloaded before import = 0
Start importing Assets/PolygonWestern/Models/SM_Prop_Basket_03.fbx using Guid(f2dcaa4196abe7b46a58bda8e67544e7) Importer(815301076,1909f56bfc062723c751e8b465ee728b)  -> (artifact id: 'd4bcad0f72a97b7daee41b701ac3a001') in 0.102693 seconds 
Number of asset objects unloaded after import = 7
========================================================================
Received Import Request.
  Time since last request: 0.000019 seconds.
  path: Assets/PolygonWestern/Models/SM_Prop_Bed_02.fbx
  artifactKey: Guid(967460eb3d1c45142bb5232c611eb28f) Importer(815301076,1909f56bfc062723c751e8b465ee728b)
Number of updated assets reloaded before import = 0
Start importing Assets/PolygonWestern/Models/SM_Prop_Bed_02.fbx using Guid(967460eb3d1c45142bb5232c611eb28f) Importer(815301076,1909f56bfc062723c751e8b465ee728b)  -> (artifact id: '14e4d33de89cfb6c4c21ec494ddc5d30') in 0.012380 seconds 
Number of asset objects unloaded after import = 7
========================================================================
Received Import Request.
  Time since last request: 0.342203 seconds.
  path: Assets/PolygonNatureBiomes/PNB_Tropical_Jungle/Models/SM_Prop_Barrel_Broken_01.fbx
  artifactKey: Guid(11e5aa8ae41634943955262fb4b6dfdc) Importer(815301076,1909f56bfc062723c751e8b465ee728b)
Number of updated assets reloaded before import = 0
Start importing Assets/PolygonNatureBiomes/PNB_Tropical_Jungle/Models/SM_Prop_Barrel_Broken_01.fbx using Guid(11e5aa8ae41634943955262fb4b6dfdc) Importer(815301076,1909f56bfc062723c751e8b465ee728b)  -> (artifact id: '8f8588f1999e03642c3a357e01736b93') in 0.013629 seconds 
Number of asset objects unloaded after import = 7
========================================================================
Received Import Request.
  Time since last request: 0.000021 seconds.
  path: Assets/PolygonWestern/Models/SM_Prop_Barrel_Half_01.fbx
  artifactKey: Guid(692a245d306c24249b4c03d88397aa82) Importer(815301076,1909f56bfc062723c751e8b465ee728b)
Number of updated assets reloaded before import = 0
Start importing Assets/PolygonWestern/Models/SM_Prop_Barrel_Half_01.fbx using Guid(692a245d306c24249b4c03d88397aa82) Importer(815301076,1909f56bfc062723c751e8b465ee728b)  -> (artifact id: 'f70d5d850cde2529f3aaf74f5caa2098') in 0.013021 seconds 
Number of asset objects unloaded after import = 7
========================================================================
Received Import Request.
  Time since last request: 0.000024 seconds.
  path: Assets/PolygonWestern/Models/SM_Prop_Barrel_Broken_03.fbx
  artifactKey: Guid(1d9b3b36c7ab99f45b0ec6e75a68bf61) Importer(815301076,1909f56bfc062723c751e8b465ee728b)
Number of updated assets reloaded before import = 0
Start importing Assets/PolygonWestern/Models/SM_Prop_Barrel_Broken_03.fbx using Guid(1d9b3b36c7ab99f45b0ec6e75a68bf61) Importer(815301076,1909f56bfc062723c751e8b465ee728b)  -> (artifact id: '5ddfa60a5f2a8fab8c11f702ba83d51c') in 0.013298 seconds 
Number of asset objects unloaded after import = 7
========================================================================
Received Import Request.
  Time since last request: 0.000027 seconds.
  path: Assets/PolygonWestern/Models/SM_Prop_Barrel_Broken_01.fbx
  artifactKey: Guid(4e2ff6490b171cc4999e7abe426b9b98) Importer(815301076,1909f56bfc062723c751e8b465ee728b)
Number of updated assets reloaded before import = 0
Start importing Assets/PolygonWestern/Models/SM_Prop_Barrel_Broken_01.fbx using Guid(4e2ff6490b171cc4999e7abe426b9b98) Importer(815301076,1909f56bfc062723c751e8b465ee728b)  -> (artifact id: 'c6a924e01aa3ddd48e1a309b2d93f366') in 0.010732 seconds 
Number of asset objects unloaded after import = 7
========================================================================
Received Import Request.
  Time since last request: 0.019882 seconds.
  path: Assets/PolygonPirates/Prefabs/Props/SM_Prop_Barrel_02.prefab
  artifactKey: Guid(49ac8d74f72892a41ad9c149db7e9e5f) Importer(815301076,1909f56bfc062723c751e8b465ee728b)
Number of updated assets reloaded before import = 0
Start importing Assets/PolygonPirates/Prefabs/Props/SM_Prop_Barrel_02.prefab using Guid(49ac8d74f72892a41ad9c149db7e9e5f) Importer(815301076,1909f56bfc062723c751e8b465ee728b)  -> (artifact id: 'fb2842f5979758b56dc512b63e752620') in 0.010030 seconds 
Number of asset objects unloaded after import = 12
========================================================================
Received Import Request.
  Time since last request: 0.000015 seconds.
  path: Assets/PolygonWestern/Models/SM_Prop_Barrel_02.fbx
  artifactKey: Guid(41608841018f37342a9ea15cb07dbfa0) Importer(815301076,1909f56bfc062723c751e8b465ee728b)
Number of updated assets reloaded before import = 0
Start importing Assets/PolygonWestern/Models/SM_Prop_Barrel_02.fbx using Guid(41608841018f37342a9ea15cb07dbfa0) Importer(815301076,1909f56bfc062723c751e8b465ee728b)  -> (artifact id: 'bc1424c227f430b8a2644ffe8cccf884') in 0.014733 seconds 
Number of asset objects unloaded after import = 7
========================================================================
Received Import Request.
  Time since last request: 0.000018 seconds.
  path: Assets/PolygonPirates/Prefabs/Props/SM_Prop_Barrel_05.prefab
  artifactKey: Guid(d517ca994c3a5594eb9616536e41812c) Importer(815301076,1909f56bfc062723c751e8b465ee728b)
Number of updated assets reloaded before import = 0
Start importing Assets/PolygonPirates/Prefabs/Props/SM_Prop_Barrel_05.prefab using Guid(d517ca994c3a5594eb9616536e41812c) Importer(815301076,1909f56bfc062723c751e8b465ee728b)  -> (artifact id: '284f50eaf3323cc9e4bad09dab6c8108') in 0.012064 seconds 
Number of asset objects unloaded after import = 12
========================================================================
Received Import Request.
  Time since last request: 0.000019 seconds.
  path: Assets/PolygonPirates/Prefabs/Props/SM_Prop_Barrel_03.prefab
  artifactKey: Guid(4f09f22bd0388634ca4fba2e3f689ae9) Importer(815301076,1909f56bfc062723c751e8b465ee728b)
Number of updated assets reloaded before import = 0
Start importing Assets/PolygonPirates/Prefabs/Props/SM_Prop_Barrel_03.prefab using Guid(4f09f22bd0388634ca4fba2e3f689ae9) Importer(815301076,1909f56bfc062723c751e8b465ee728b)  -> (artifact id: 'fc01028b51480d6f1828fd5f2601d257') in 0.009363 seconds 
Number of asset objects unloaded after import = 12
========================================================================
Received Import Request.
  Time since last request: 0.733069 seconds.
  path: Assets/PolygonPirates/Models/SM_Item_Skull_01.fbx
  artifactKey: Guid(af4e1e60fe4c4d0428ec3300b5e29691) Importer(815301076,1909f56bfc062723c751e8b465ee728b)
Number of updated assets reloaded before import = 0
Start importing Assets/PolygonPirates/Models/SM_Item_Skull_01.fbx using Guid(af4e1e60fe4c4d0428ec3300b5e29691) Importer(815301076,1909f56bfc062723c751e8b465ee728b)  -> (artifact id: '9ef829a8a5c9264d3e7d08986f888519') in 0.012875 seconds 
Number of asset objects unloaded after import = 7
========================================================================
Received Import Request.
  Time since last request: 0.000019 seconds.
  path: Assets/PolygonPirates/Prefabs/Items/SM_Item_Skull_Attachment_01.prefab
  artifactKey: Guid(14f031a897e93a2469423fd43652037f) Importer(815301076,1909f56bfc062723c751e8b465ee728b)
Number of updated assets reloaded before import = 0
Start importing Assets/PolygonPirates/Prefabs/Items/SM_Item_Skull_Attachment_01.prefab using Guid(14f031a897e93a2469423fd43652037f) Importer(815301076,1909f56bfc062723c751e8b465ee728b)  -> (artifact id: '0eca495facc610b7565db588058636da') in 0.010865 seconds 
Number of asset objects unloaded after import = 12
========================================================================
Received Import Request.
  Time since last request: 0.000022 seconds.
  path: Assets/PolygonPirates/Prefabs/Items/SM_Item_Spyglass_01.prefab
  artifactKey: Guid(bc4e7899a3ac03046a3077e0e6fee6e3) Importer(815301076,1909f56bfc062723c751e8b465ee728b)
Number of updated assets reloaded before import = 0
Start importing Assets/PolygonPirates/Prefabs/Items/SM_Item_Spyglass_01.prefab using Guid(bc4e7899a3ac03046a3077e0e6fee6e3) Importer(815301076,1909f56bfc062723c751e8b465ee728b)  -> (artifact id: 'e0f02254b07b992ac1b7cd877f20479a') in 0.011130 seconds 
Number of asset objects unloaded after import = 12
========================================================================
Received Import Request.
  Time since last request: 0.000030 seconds.
  path: Assets/PolygonPirates/Models/SM_Item_Spyglass_01.fbx
  artifactKey: Guid(6ea9bae29017f954599ab09e190771b8) Importer(815301076,1909f56bfc062723c751e8b465ee728b)
Number of updated assets reloaded before import = 0
Start importing Assets/PolygonPirates/Models/SM_Item_Spyglass_01.fbx using Guid(6ea9bae29017f954599ab09e190771b8) Importer(815301076,1909f56bfc062723c751e8b465ee728b)  -> (artifact id: 'cf26a8469fec5b00b9fcd593500d33ed') in 0.013365 seconds 
Number of asset objects unloaded after import = 7
========================================================================
Received Import Request.
  Time since last request: 0.000023 seconds.
  path: Assets/PolygonPirates/Prefabs/Props/SM_Prop_Anchor_01.prefab
  artifactKey: Guid(e413f3d51baf23a4083ab328e6a57ac6) Importer(815301076,1909f56bfc062723c751e8b465ee728b)
Number of updated assets reloaded before import = 0
Start importing Assets/PolygonPirates/Prefabs/Props/SM_Prop_Anchor_01.prefab using Guid(e413f3d51baf23a4083ab328e6a57ac6) Importer(815301076,1909f56bfc062723c751e8b465ee728b)  -> (artifact id: 'fc8787c026e6ba961920744dc9fb3dc5') in 0.014028 seconds 
Number of asset objects unloaded after import = 12
========================================================================
Received Import Request.
  Time since last request: 0.008690 seconds.
  path: Assets/PolygonPirates/Prefabs/Items/SM_Item_Map_Attachment_01.prefab
  artifactKey: Guid(0c45483e24d322143a7a00a5963dd20d) Importer(815301076,1909f56bfc062723c751e8b465ee728b)
Number of updated assets reloaded before import = 0
Start importing Assets/PolygonPirates/Prefabs/Items/SM_Item_Map_Attachment_01.prefab using Guid(0c45483e24d322143a7a00a5963dd20d) Importer(815301076,1909f56bfc062723c751e8b465ee728b)  -> (artifact id: '33c79aa6dd712113535d7b195a903656') in 0.033028 seconds 
Number of asset objects unloaded after import = 12
========================================================================
Received Import Request.
  Time since last request: 0.000027 seconds.
  path: Assets/PolygonPirates/Prefabs/Items/SM_Item_Plate_01.prefab
  artifactKey: Guid(91bde8b915a49fc409b940457bf19e54) Importer(815301076,1909f56bfc062723c751e8b465ee728b)
Number of updated assets reloaded before import = 0
Start importing Assets/PolygonPirates/Prefabs/Items/SM_Item_Plate_01.prefab using Guid(91bde8b915a49fc409b940457bf19e54) Importer(815301076,1909f56bfc062723c751e8b465ee728b)  -> (artifact id: 'f59748a16c42660c86974a31b0a9ab19') in 0.011942 seconds 
Number of asset objects unloaded after import = 12
========================================================================
Received Import Request.
  Time since last request: 0.000022 seconds.
  path: Assets/PolygonPirates/Models/SM_Item_Pomb_Attachment_01.fbx
  artifactKey: Guid(5f5cd8991ae9d5647ba478fbec49f7d9) Importer(815301076,1909f56bfc062723c751e8b465ee728b)
Number of updated assets reloaded before import = 0
Start importing Assets/PolygonPirates/Models/SM_Item_Pomb_Attachment_01.fbx using Guid(5f5cd8991ae9d5647ba478fbec49f7d9) Importer(815301076,1909f56bfc062723c751e8b465ee728b)  -> (artifact id: 'c8d9654ecab6ca825e35336fedb782a6') in 0.012919 seconds 
Number of asset objects unloaded after import = 7
========================================================================
Received Import Request.
  Time since last request: 0.000023 seconds.
  path: Assets/PolygonPirates/Models/SM_Item_Pouch_Attachment_02.fbx
  artifactKey: Guid(3a1452905908ffc44a79c41d94584c9b) Importer(815301076,1909f56bfc062723c751e8b465ee728b)
Number of updated assets reloaded before import = 0
Start importing Assets/PolygonPirates/Models/SM_Item_Pouch_Attachment_02.fbx using Guid(3a1452905908ffc44a79c41d94584c9b) Importer(815301076,1909f56bfc062723c751e8b465ee728b)  -> (artifact id: '3f8f93668b3f44ea4845277a4582aac7') in 0.011887 seconds 
Number of asset objects unloaded after import = 7
========================================================================
Received Import Request.
  Time since last request: 0.669175 seconds.
  path: Assets/PolygonPirates/Prefabs/Items/SM_Item_Cup_01.prefab
  artifactKey: Guid(ac9952c4a8943d34bb7b7d6bf3d6b2ac) Importer(815301076,1909f56bfc062723c751e8b465ee728b)
Number of updated assets reloaded before import = 0
Start importing Assets/PolygonPirates/Prefabs/Items/SM_Item_Cup_01.prefab using Guid(ac9952c4a8943d34bb7b7d6bf3d6b2ac) Importer(815301076,1909f56bfc062723c751e8b465ee728b)  -> (artifact id: 'b6f69f23a5facff32fbe79ef13390929') in 0.035303 seconds 
Number of asset objects unloaded after import = 12
========================================================================
Received Import Request.
  Time since last request: 0.000025 seconds.
  path: Assets/PolygonPirates/Prefabs/Items/SM_Item_Gem_03.prefab
  artifactKey: Guid(e1dfdc62d151cdd4b9beddbbf0034d65) Importer(815301076,1909f56bfc062723c751e8b465ee728b)
Number of updated assets reloaded before import = 0
Start importing Assets/PolygonPirates/Prefabs/Items/SM_Item_Gem_03.prefab using Guid(e1dfdc62d151cdd4b9beddbbf0034d65) Importer(815301076,1909f56bfc062723c751e8b465ee728b)  -> (artifact id: '77efa6c3cfc2c413e42ea76c144007d3') in 0.013093 seconds 
Number of asset objects unloaded after import = 12
========================================================================
Received Import Request.
  Time since last request: 0.000058 seconds.
  path: Assets/PolygonPirates/Models/SM_Item_Gem_03.fbx
  artifactKey: Guid(8a554fe057c28a54db02f9b4bad02207) Importer(815301076,1909f56bfc062723c751e8b465ee728b)
Number of updated assets reloaded before import = 0
Start importing Assets/PolygonPirates/Models/SM_Item_Gem_03.fbx using Guid(8a554fe057c28a54db02f9b4bad02207) Importer(815301076,1909f56bfc062723c751e8b465ee728b)  -> (artifact id: '455595e2f28db108d504f60c7269d865') in 0.011930 seconds 
Number of asset objects unloaded after import = 7
========================================================================
Received Import Request.
  Time since last request: 0.000019 seconds.
  path: Assets/PolygonPirates/Prefabs/Items/SM_Item_Gem_01.prefab
  artifactKey: Guid(0aea9b6869c732d46923204c8dfa7251) Importer(815301076,1909f56bfc062723c751e8b465ee728b)
Number of updated assets reloaded before import = 0
Start importing Assets/PolygonPirates/Prefabs/Items/SM_Item_Gem_01.prefab using Guid(0aea9b6869c732d46923204c8dfa7251) Importer(815301076,1909f56bfc062723c751e8b465ee728b)  -> (artifact id: '315b17cf2143c2b2cafce6e77c20fad8') in 0.010336 seconds 
Number of asset objects unloaded after import = 12
========================================================================
Received Import Request.
  Time since last request: 0.000020 seconds.
  path: Assets/PolygonPirates/Models/SM_Item_Map_01.fbx
  artifactKey: Guid(53b45a3bb234f7b4a8081d7bcb0ad282) Importer(815301076,1909f56bfc062723c751e8b465ee728b)
Number of updated assets reloaded before import = 0
Start importing Assets/PolygonPirates/Models/SM_Item_Map_01.fbx using Guid(53b45a3bb234f7b4a8081d7bcb0ad282) Importer(815301076,1909f56bfc062723c751e8b465ee728b)  -> (artifact id: 'df4bdf8ecb4cabf2bfd4877244c06d73') in 0.010356 seconds 
Number of asset objects unloaded after import = 7
========================================================================
Received Import Request.
  Time since last request: 0.000018 seconds.
  path: Assets/PolygonPirates/Models/SM_Item_Coins_04.fbx
  artifactKey: Guid(45743e8374d40cb4aacb2abdfb1f0430) Importer(815301076,1909f56bfc062723c751e8b465ee728b)
Number of updated assets reloaded before import = 0
Start importing Assets/PolygonPirates/Models/SM_Item_Coins_04.fbx using Guid(45743e8374d40cb4aacb2abdfb1f0430) Importer(815301076,1909f56bfc062723c751e8b465ee728b)  -> (artifact id: 'f4160da4aa66d7bc40745d0d85908e65') in 0.013242 seconds 
Number of asset objects unloaded after import = 7
========================================================================
Received Import Request.
  Time since last request: 0.000021 seconds.
  path: Assets/PolygonPirates/Prefabs/Items/SM_Item_Coins_01.prefab
  artifactKey: Guid(250e937cad8b9074b8464dd802b6dfc4) Importer(815301076,1909f56bfc062723c751e8b465ee728b)
Number of updated assets reloaded before import = 0
Start importing Assets/PolygonPirates/Prefabs/Items/SM_Item_Coins_01.prefab using Guid(250e937cad8b9074b8464dd802b6dfc4) Importer(815301076,1909f56bfc062723c751e8b465ee728b)  -> (artifact id: '0f17d7029fa5a1d5a2767bf732069f43') in 0.012900 seconds 
Number of asset objects unloaded after import = 12
========================================================================
Received Import Request.
  Time since last request: 0.000023 seconds.
  path: Assets/PolygonPirates/Models/SM_Item_Candle_01.fbx
  artifactKey: Guid(6512532140ed178449daf6338e9535cc) Importer(815301076,1909f56bfc062723c751e8b465ee728b)
Number of updated assets reloaded before import = 0
Start importing Assets/PolygonPirates/Models/SM_Item_Candle_01.fbx using Guid(6512532140ed178449daf6338e9535cc) Importer(815301076,1909f56bfc062723c751e8b465ee728b)  -> (artifact id: '2f179843eb297ba213ba2a116f8826a1') in 0.012311 seconds 
Number of asset objects unloaded after import = 7
========================================================================
Received Import Request.
  Time since last request: 0.000039 seconds.
  path: Assets/PolygonPirates/Models/SM_Item_Compass_01.fbx
  artifactKey: Guid(7af3b54f5e3ac8342ab23fbc7f44bd40) Importer(815301076,1909f56bfc062723c751e8b465ee728b)
Number of updated assets reloaded before import = 0
Start importing Assets/PolygonPirates/Models/SM_Item_Compass_01.fbx using Guid(7af3b54f5e3ac8342ab23fbc7f44bd40) Importer(815301076,1909f56bfc062723c751e8b465ee728b)  -> (artifact id: 'fc231c7e7cb6cbaa7554640b615cb7b7') in 0.011761 seconds 
Number of asset objects unloaded after import = 7
========================================================================
Received Import Request.
  Time since last request: 0.000017 seconds.
  path: Assets/PolygonPirates/Models/SM_Item_Flask_01.fbx
  artifactKey: Guid(3e855670f94dc994d918bd43b5c84e37) Importer(815301076,1909f56bfc062723c751e8b465ee728b)
Number of updated assets reloaded before import = 0
Start importing Assets/PolygonPirates/Models/SM_Item_Flask_01.fbx using Guid(3e855670f94dc994d918bd43b5c84e37) Importer(815301076,1909f56bfc062723c751e8b465ee728b)  -> (artifact id: '082d879adf3daf87e73d01a8df937941') in 0.010725 seconds 
Number of asset objects unloaded after import = 7
========================================================================
Received Import Request.
  Time since last request: 4.431919 seconds.
  path: Assets/PolygonPirates/Models/CollisionCustom/SM_Env_Tree_Large_01_Collision.fbx
  artifactKey: Guid(0943ebef057a1fa4fb2af2e656738be4) Importer(815301076,1909f56bfc062723c751e8b465ee728b)
Number of updated assets reloaded before import = 0
Start importing Assets/PolygonPirates/Models/CollisionCustom/SM_Env_Tree_Large_01_Collision.fbx using Guid(0943ebef057a1fa4fb2af2e656738be4) Importer(815301076,1909f56bfc062723c751e8b465ee728b)  -> (artifact id: '56396cd82f602b4dab5e7bf99babfe1c') in 0.080289 seconds 
Number of asset objects unloaded after import = 7
========================================================================
Received Import Request.
  Time since last request: 0.000021 seconds.
  path: Assets/PolygonPirates/Models/SM_Env_Tree_Large_02.fbx
  artifactKey: Guid(ece4ec7b2ae59064188ad992c604c6ee) Importer(815301076,1909f56bfc062723c751e8b465ee728b)
Number of updated assets reloaded before import = 0
Start importing Assets/PolygonPirates/Models/SM_Env_Tree_Large_02.fbx using Guid(ece4ec7b2ae59064188ad992c604c6ee) Importer(815301076,1909f56bfc062723c751e8b465ee728b)  -> (artifact id: 'decc25d6c4bf047d94d51440fd58bc6f') in 0.189118 seconds 
Number of asset objects unloaded after import = 7
========================================================================
Received Import Request.
  Time since last request: 0.428672 seconds.
  path: Assets/PolygonPirates/Prefabs/Environments/SM_Env_Tree_Canopy_01.prefab
  artifactKey: Guid(cfca1c089299e6d4bb39400674ffee14) Importer(815301076,1909f56bfc062723c751e8b465ee728b)
Number of updated assets reloaded before import = 0
Start importing Assets/PolygonPirates/Prefabs/Environments/SM_Env_Tree_Canopy_01.prefab using Guid(cfca1c089299e6d4bb39400674ffee14) Importer(815301076,1909f56bfc062723c751e8b465ee728b)  -> (artifact id: '25f0c068bb503873a85004a5442b3158') in 0.013792 seconds 
Number of asset objects unloaded after import = 10
========================================================================
Received Import Request.
  Time since last request: 0.000024 seconds.
  path: Assets/PolygonPirates/Models/SM_Env_Tree_Canopy_04.fbx
  artifactKey: Guid(32cd891bb56bdd64dbcf2a3197c03af2) Importer(815301076,1909f56bfc062723c751e8b465ee728b)
Number of updated assets reloaded before import = 0
Start importing Assets/PolygonPirates/Models/SM_Env_Tree_Canopy_04.fbx using Guid(32cd891bb56bdd64dbcf2a3197c03af2) Importer(815301076,1909f56bfc062723c751e8b465ee728b)  -> (artifact id: '5bd34445104c6875fee7a254aa08a031') in 0.013149 seconds 
Number of asset objects unloaded after import = 7
========================================================================
Received Import Request.
  Time since last request: 0.000017 seconds.
  path: Assets/PolygonPirates/Prefabs/Environments/SM_Env_Tree_Dead_01.prefab
  artifactKey: Guid(7bdfc15b94969874783c8029d8b918d8) Importer(815301076,1909f56bfc062723c751e8b465ee728b)
Number of updated assets reloaded before import = 0
Start importing Assets/PolygonPirates/Prefabs/Environments/SM_Env_Tree_Dead_01.prefab using Guid(7bdfc15b94969874783c8029d8b918d8) Importer(815301076,1909f56bfc062723c751e8b465ee728b)  -> (artifact id: '9604dd9b72753ae16be13aed4b49f014') in 0.012152 seconds 
Number of asset objects unloaded after import = 14
========================================================================
Received Import Request.
  Time since last request: 0.000024 seconds.
  path: Assets/PolygonPirates/Models/SM_Env_Tree_Canopy_02.fbx
  artifactKey: Guid(996ea8254c03884409bdee2ee68884b9) Importer(815301076,1909f56bfc062723c751e8b465ee728b)
Number of updated assets reloaded before import = 0
Start importing Assets/PolygonPirates/Models/SM_Env_Tree_Canopy_02.fbx using Guid(996ea8254c03884409bdee2ee68884b9) Importer(815301076,1909f56bfc062723c751e8b465ee728b)  -> (artifact id: 'f7cf39b9fa74e1e7f85a13156a911aa6') in 0.011642 seconds 
Number of asset objects unloaded after import = 7
========================================================================
Received Import Request.
  Time since last request: 0.000055 seconds.
  path: Assets/PolygonPirates/Models/SM_Env_Tree_Base_02.fbx
  artifactKey: Guid(10d7aea259557394e8e7d07fef8233a1) Importer(815301076,1909f56bfc062723c751e8b465ee728b)
Number of updated assets reloaded before import = 0
Start importing Assets/PolygonPirates/Models/SM_Env_Tree_Base_02.fbx using Guid(10d7aea259557394e8e7d07fef8233a1) Importer(815301076,1909f56bfc062723c751e8b465ee728b)  -> (artifact id: '98850d028ed1cdfa7f895c0159a27e15') in 0.013175 seconds 
Number of asset objects unloaded after import = 7
========================================================================
Received Import Request.
  Time since last request: 0.006730 seconds.
  path: Assets/PolygonPirates/Models/SM_Env_Tile_Grass_01.fbx
  artifactKey: Guid(24174b6bf0ef21849930eeba49445577) Importer(815301076,1909f56bfc062723c751e8b465ee728b)
Number of updated assets reloaded before import = 0
Start importing Assets/PolygonPirates/Models/SM_Env_Tile_Grass_01.fbx using Guid(24174b6bf0ef21849930eeba49445577) Importer(815301076,1909f56bfc062723c751e8b465ee728b)  -> (artifact id: '7bb744ecd5b1de3845f3783c53fea6a1') in 0.010798 seconds 
Number of asset objects unloaded after import = 7
========================================================================
Received Import Request.
  Time since last request: 0.000016 seconds.
  path: Assets/PolygonPirates/Prefabs/Environments/SM_Env_Tile_Sand_01.prefab
  artifactKey: Guid(6d2853b9421ab6840a07a97d66fcef8c) Importer(815301076,1909f56bfc062723c751e8b465ee728b)
Number of updated assets reloaded before import = 0
Start importing Assets/PolygonPirates/Prefabs/Environments/SM_Env_Tile_Sand_01.prefab using Guid(6d2853b9421ab6840a07a97d66fcef8c) Importer(815301076,1909f56bfc062723c751e8b465ee728b)  -> (artifact id: '1701f8e13763413edff9c63dbadfe724') in 0.010563 seconds 
Number of asset objects unloaded after import = 12
========================================================================
Received Import Request.
  Time since last request: 0.001999 seconds.
  path: Assets/PolygonNatureBiomes/PNB_Core/Models/SM_Env_Skydome_01.fbx
  artifactKey: Guid(e05867e933dc6ca45a89c6daf5512752) Importer(815301076,1909f56bfc062723c751e8b465ee728b)
Number of updated assets reloaded before import = 0
Start importing Assets/PolygonNatureBiomes/PNB_Core/Models/SM_Env_Skydome_01.fbx using Guid(e05867e933dc6ca45a89c6daf5512752) Importer(815301076,1909f56bfc062723c751e8b465ee728b)  -> (artifact id: '953b9315e05e7e63fb86e1ffd73d8eed') in 0.011633 seconds 
Number of asset objects unloaded after import = 7
========================================================================
Received Import Request.
  Time since last request: 0.000021 seconds.
  path: Assets/PolygonPirates/Models/SM_Env_SmallRock_01.fbx
  artifactKey: Guid(d878f94fa6293284f89376c23c8b2351) Importer(815301076,1909f56bfc062723c751e8b465ee728b)
Number of updated assets reloaded before import = 0
Start importing Assets/PolygonPirates/Models/SM_Env_SmallRock_01.fbx using Guid(d878f94fa6293284f89376c23c8b2351) Importer(815301076,1909f56bfc062723c751e8b465ee728b)  -> (artifact id: 'd66204dcc099608f2b20cd8b191ef10d') in 0.011347 seconds 
Number of asset objects unloaded after import = 7
========================================================================
Received Import Request.
  Time since last request: 0.000018 seconds.
  path: Assets/PolygonPirates/Models/SM_Env_SugarCane_01.fbx
  artifactKey: Guid(8d9b89bfe390ac24c9a58bb7d1569d3f) Importer(815301076,1909f56bfc062723c751e8b465ee728b)
Number of updated assets reloaded before import = 0
Start importing Assets/PolygonPirates/Models/SM_Env_SugarCane_01.fbx using Guid(8d9b89bfe390ac24c9a58bb7d1569d3f) Importer(815301076,1909f56bfc062723c751e8b465ee728b)  -> (artifact id: '839d696e971d68e2f7a83f80eb8253f2') in 0.011853 seconds 
Number of asset objects unloaded after import = 7
========================================================================
Received Import Request.
  Time since last request: 0.000022 seconds.
  path: Assets/PolygonPirates/Prefabs/Environments/SM_Env_SugarCane_02.prefab
  artifactKey: Guid(5666d57f599f2a04383a26b03b4c2b7e) Importer(815301076,1909f56bfc062723c751e8b465ee728b)
Number of updated assets reloaded before import = 0
Start importing Assets/PolygonPirates/Prefabs/Environments/SM_Env_SugarCane_02.prefab using Guid(5666d57f599f2a04383a26b03b4c2b7e) Importer(815301076,1909f56bfc062723c751e8b465ee728b)  -> (artifact id: '6f81c69c5c7a94a8495b9a9bb9a57f27') in 0.010962 seconds 
Number of asset objects unloaded after import = 10
========================================================================
Received Import Request.
  Time since last request: 0.000029 seconds.
  path: Assets/PolygonPirates/Models/SM_Env_SugarCane_02.fbx
  artifactKey: Guid(9053074c4eb17634cb5b6f8cfff514aa) Importer(815301076,1909f56bfc062723c751e8b465ee728b)
Number of updated assets reloaded before import = 0
Start importing Assets/PolygonPirates/Models/SM_Env_SugarCane_02.fbx using Guid(9053074c4eb17634cb5b6f8cfff514aa) Importer(815301076,1909f56bfc062723c751e8b465ee728b)  -> (artifact id: 'c5cb22aae0d9ec403f8244ad89117d56') in 0.011754 seconds 
Number of asset objects unloaded after import = 7
========================================================================
Received Import Request.
  Time since last request: 0.000046 seconds.
  path: Assets/PolygonWestern/Models/SM_Env_Skyline_01.fbx
  artifactKey: Guid(26e89def29085b941a7f40ec35dc8983) Importer(815301076,1909f56bfc062723c751e8b465ee728b)
Number of updated assets reloaded before import = 0
Start importing Assets/PolygonWestern/Models/SM_Env_Skyline_01.fbx using Guid(26e89def29085b941a7f40ec35dc8983) Importer(815301076,1909f56bfc062723c751e8b465ee728b)  -> (artifact id: '75e4e483d32a0d615fcf53c9382961a9') in 0.031845 seconds 
Number of asset objects unloaded after import = 22
========================================================================
Received Import Request.
  Time since last request: 0.373842 seconds.
  path: Assets/PolygonWestern/Models/SM_Env_Sand_Ground_05.fbx
  artifactKey: Guid(2babdebd1a1de2d498d5e9a13497a039) Importer(815301076,1909f56bfc062723c751e8b465ee728b)
Number of updated assets reloaded before import = 0
Start importing Assets/PolygonWestern/Models/SM_Env_Sand_Ground_05.fbx using Guid(2babdebd1a1de2d498d5e9a13497a039) Importer(815301076,1909f56bfc062723c751e8b465ee728b)  -> (artifact id: '1a51a3ad69bf42d05b892ee71074f6f4') in 0.012106 seconds 
Number of asset objects unloaded after import = 7
========================================================================
Received Import Request.
  Time since last request: 0.000021 seconds.
  path: Assets/PolygonPirates/Models/SM_Env_Seaweed_01.fbx
  artifactKey: Guid(8dd09b4a8be3e2d429c83b15e53ffd2c) Importer(815301076,1909f56bfc062723c751e8b465ee728b)
Number of updated assets reloaded before import = 0
Start importing Assets/PolygonPirates/Models/SM_Env_Seaweed_01.fbx using Guid(8dd09b4a8be3e2d429c83b15e53ffd2c) Importer(815301076,1909f56bfc062723c751e8b465ee728b)  -> (artifact id: 'a27bb5d6d41d929285cb33cc63cddfe5') in 0.020080 seconds 
Number of asset objects unloaded after import = 7
========================================================================
Received Import Request.
  Time since last request: 0.000031 seconds.
  path: Assets/PolygonNatureBiomes/PNB_Tropical_Jungle/Prefabs/SM_Env_Seaweed_02.prefab
  artifactKey: Guid(6759b104cf188764aabd0ce145a02b25) Importer(815301076,1909f56bfc062723c751e8b465ee728b)
Number of updated assets reloaded before import = 0
Start importing Assets/PolygonNatureBiomes/PNB_Tropical_Jungle/Prefabs/SM_Env_Seaweed_02.prefab using Guid(6759b104cf188764aabd0ce145a02b25) Importer(815301076,1909f56bfc062723c751e8b465ee728b)  -> (artifact id: 'c2ac90f2131161e670b5a21562ffed92') in 0.025999 seconds 
Number of asset objects unloaded after import = 28
========================================================================
Received Import Request.
  Time since last request: 0.000039 seconds.
  path: Assets/PolygonWestern/Models/SM_Env_Sand_Ground_02.fbx
  artifactKey: Guid(ff2e1d57b19e0854d92f555c94f8bcfe) Importer(815301076,1909f56bfc062723c751e8b465ee728b)
Number of updated assets reloaded before import = 0
Start importing Assets/PolygonWestern/Models/SM_Env_Sand_Ground_02.fbx using Guid(ff2e1d57b19e0854d92f555c94f8bcfe) Importer(815301076,1909f56bfc062723c751e8b465ee728b)  -> (artifact id: '93b699db8647297f4db2893c7a8d7aa8') in 0.011432 seconds 
Number of asset objects unloaded after import = 7
========================================================================
Received Import Request.
  Time since last request: 0.000020 seconds.
  path: Assets/PolygonWestern/Models/SM_Env_Rock_Round_02.fbx
  artifactKey: Guid(51db6253db86ce243b14778db7f70d87) Importer(815301076,1909f56bfc062723c751e8b465ee728b)
Number of updated assets reloaded before import = 0
Start importing Assets/PolygonWestern/Models/SM_Env_Rock_Round_02.fbx using Guid(51db6253db86ce243b14778db7f70d87) Importer(815301076,1909f56bfc062723c751e8b465ee728b)  -> (artifact id: '90750d62a4c996c3a091beb407330c22') in 0.015022 seconds 
Number of asset objects unloaded after import = 7
========================================================================
Received Import Request.
  Time since last request: 0.000025 seconds.
  path: Assets/PolygonPirates/Prefabs/Environments/SM_Env_Rocks_03.prefab
  artifactKey: Guid(65599d67f43c9e3448b2846c4d9e8ab6) Importer(815301076,1909f56bfc062723c751e8b465ee728b)
Number of updated assets reloaded before import = 0
Start importing Assets/PolygonPirates/Prefabs/Environments/SM_Env_Rocks_03.prefab using Guid(65599d67f43c9e3448b2846c4d9e8ab6) Importer(815301076,1909f56bfc062723c751e8b465ee728b)  -> (artifact id: '40dc8f1f33858daec57bc6eb8cd349fb') in 0.011522 seconds 
Number of asset objects unloaded after import = 10
========================================================================
Received Import Request.
  Time since last request: 0.000018 seconds.
  path: Assets/PolygonWestern/Models/SM_Env_Rock_Round_01.fbx
  artifactKey: Guid(534cbe45caa61b549b906c957a03c0de) Importer(815301076,1909f56bfc062723c751e8b465ee728b)
Number of updated assets reloaded before import = 0
Start importing Assets/PolygonWestern/Models/SM_Env_Rock_Round_01.fbx using Guid(534cbe45caa61b549b906c957a03c0de) Importer(815301076,1909f56bfc062723c751e8b465ee728b)  -> (artifact id: '57c9dbeb3247b7a22602ecaabbe403ab') in 0.013437 seconds 
Number of asset objects unloaded after import = 7
========================================================================
Received Import Request.
  Time since last request: 0.000053 seconds.
  path: Assets/PolygonPirates/Models/SM_Env_Rocks_03.fbx
  artifactKey: Guid(a6af1d922fe8e34429ec8743fb1559fd) Importer(815301076,1909f56bfc062723c751e8b465ee728b)
Number of updated assets reloaded before import = 0
Start importing Assets/PolygonPirates/Models/SM_Env_Rocks_03.fbx using Guid(a6af1d922fe8e34429ec8743fb1559fd) Importer(815301076,1909f56bfc062723c751e8b465ee728b)  -> (artifact id: '8bb16c532471bce5fa3b701530ae15ba') in 0.014057 seconds 
Number of asset objects unloaded after import = 7
========================================================================
Received Import Request.
  Time since last request: 0.000027 seconds.
  path: Assets/PolygonPirates/Models/SM_Env_Rocks_02.fbx
  artifactKey: Guid(9e8bbbe7962dbce4cb6af16955b152ca) Importer(815301076,1909f56bfc062723c751e8b465ee728b)
Number of updated assets reloaded before import = 0
Start importing Assets/PolygonPirates/Models/SM_Env_Rocks_02.fbx using Guid(9e8bbbe7962dbce4cb6af16955b152ca) Importer(815301076,1909f56bfc062723c751e8b465ee728b)  -> (artifact id: '6c2eb6e212ae7a5c85974bc62defb6f5') in 0.013497 seconds 
Number of asset objects unloaded after import = 7
========================================================================
Received Import Request.
  Time since last request: 0.000026 seconds.
  path: Assets/PolygonPirates/Models/SM_Env_Rock_Skull_01.fbx
  artifactKey: Guid(af356a11bf74ef64daf2f9b02c6a068c) Importer(815301076,1909f56bfc062723c751e8b465ee728b)
Number of updated assets reloaded before import = 0
Start importing Assets/PolygonPirates/Models/SM_Env_Rock_Skull_01.fbx using Guid(af356a11bf74ef64daf2f9b02c6a068c) Importer(815301076,1909f56bfc062723c751e8b465ee728b)  -> (artifact id: 'ca249f7cb2df7be9e4f7702fdeaf76b6') in 0.012447 seconds 
Number of asset objects unloaded after import = 7
========================================================================
Received Import Request.
  Time since last request: 0.000031 seconds.
  path: Assets/PolygonNatureBiomes/PNB_Tropical_Jungle/Models/SM_Env_Rock_Round_01.fbx
  artifactKey: Guid(0968669f8c3edf948aa66ad540dbdbb7) Importer(815301076,1909f56bfc062723c751e8b465ee728b)
Number of updated assets reloaded before import = 0
Start importing Assets/PolygonNatureBiomes/PNB_Tropical_Jungle/Models/SM_Env_Rock_Round_01.fbx using Guid(0968669f8c3edf948aa66ad540dbdbb7) Importer(815301076,1909f56bfc062723c751e8b465ee728b)  -> (artifact id: '5da88f1c90a4596e2ef7e607a4b75b3c') in 0.016204 seconds 
Number of asset objects unloaded after import = 7
========================================================================
Received Import Request.
  Time since last request: 0.000020 seconds.
  path: Assets/PolygonWestern/Models/SM_Env_Sand_Ground_01.fbx
  artifactKey: Guid(529837ecdd6004d4db99d3326c0569f3) Importer(815301076,1909f56bfc062723c751e8b465ee728b)
Number of updated assets reloaded before import = 0
Start importing Assets/PolygonWestern/Models/SM_Env_Sand_Ground_01.fbx using Guid(529837ecdd6004d4db99d3326c0569f3) Importer(815301076,1909f56bfc062723c751e8b465ee728b)  -> (artifact id: '4d85193fdec188bd6fa68154e6eb320b') in 0.015861 seconds 
Number of asset objects unloaded after import = 7
========================================================================
Received Import Request.
  Time since last request: 0.000025 seconds.
  path: Assets/PolygonPirates/Prefabs/Environments/SM_Env_Seaweed_01.prefab
  artifactKey: Guid(e79e86cd9ea5dbe4bbeb9bab81514c72) Importer(815301076,1909f56bfc062723c751e8b465ee728b)
Number of updated assets reloaded before import = 0
Start importing Assets/PolygonPirates/Prefabs/Environments/SM_Env_Seaweed_01.prefab using Guid(e79e86cd9ea5dbe4bbeb9bab81514c72) Importer(815301076,1909f56bfc062723c751e8b465ee728b)  -> (artifact id: 'fb6ab9879c39068edaccb3058a61f2cc') in 0.010686 seconds 
Number of asset objects unloaded after import = 10
========================================================================
Received Import Request.
  Time since last request: 0.000025 seconds.
  path: Assets/PolygonNatureBiomes/PNB_Tropical_Jungle/Models/SM_Env_Rock_Spike_01.fbx
  artifactKey: Guid(07bc66efbf151e64286630ceaab8bc10) Importer(815301076,1909f56bfc062723c751e8b465ee728b)
Number of updated assets reloaded before import = 0
Start importing Assets/PolygonNatureBiomes/PNB_Tropical_Jungle/Models/SM_Env_Rock_Spike_01.fbx using Guid(07bc66efbf151e64286630ceaab8bc10) Importer(815301076,1909f56bfc062723c751e8b465ee728b)  -> (artifact id: '44a3e024cf369d84329ce405d94ef779') in 0.014967 seconds 
Number of asset objects unloaded after import = 7
========================================================================
Received Import Request.
  Time since last request: 0.000026 seconds.
  path: Assets/PolygonNatureBiomes/PNB_Tropical_Jungle/Prefabs/SM_Env_Rock_Spikes_01.prefab
  artifactKey: Guid(e96d6d8ea1b343741b300dc0e471e442) Importer(815301076,1909f56bfc062723c751e8b465ee728b)
Number of updated assets reloaded before import = 0
Start importing Assets/PolygonNatureBiomes/PNB_Tropical_Jungle/Prefabs/SM_Env_Rock_Spikes_01.prefab using Guid(e96d6d8ea1b343741b300dc0e471e442) Importer(815301076,1909f56bfc062723c751e8b465ee728b)  -> (artifact id: 'de89aa9ee97bcb655392c6639850b9d6') in 0.024543 seconds 
Number of asset objects unloaded after import = 17
========================================================================
Received Import Request.
  Time since last request: 0.000025 seconds.
  path: Assets/PolygonNatureBiomes/PNB_Tropical_Jungle/Prefabs/SM_Env_Rock_Spike_02.prefab
  artifactKey: Guid(cc0a68735873a9e43bf27c10ea8546dd) Importer(815301076,1909f56bfc062723c751e8b465ee728b)
Number of updated assets reloaded before import = 0
Start importing Assets/PolygonNatureBiomes/PNB_Tropical_Jungle/Prefabs/SM_Env_Rock_Spike_02.prefab using Guid(cc0a68735873a9e43bf27c10ea8546dd) Importer(815301076,1909f56bfc062723c751e8b465ee728b)  -> (artifact id: 'b9ce15a6d7898b4e10b5aed2dade4401') in 0.014362 seconds 
Number of asset objects unloaded after import = 17
========================================================================
Received Import Request.
  Time since last request: 0.907355 seconds.
  path: Assets/PolygonPirates/Models/SM_Env_Rock_Large_09.fbx
  artifactKey: Guid(7b6eefa9c14021d488b113d083b3b87b) Importer(815301076,1909f56bfc062723c751e8b465ee728b)
Number of updated assets reloaded before import = 0
Start importing Assets/PolygonPirates/Models/SM_Env_Rock_Large_09.fbx using Guid(7b6eefa9c14021d488b113d083b3b87b) Importer(815301076,1909f56bfc062723c751e8b465ee728b)  -> (artifact id: '912551b30acf7781b3975a5bc07de123') in 0.013235 seconds 
Number of asset objects unloaded after import = 7
========================================================================
Received Import Request.
  Time since last request: 0.000020 seconds.
  path: Assets/PolygonNatureBiomes/PNB_Tropical_Jungle/Prefabs/SM_Env_Rock_Pile_03.prefab
  artifactKey: Guid(5b448aa47a6dfc042be4e202cf9196fd) Importer(815301076,1909f56bfc062723c751e8b465ee728b)
Number of updated assets reloaded before import = 0
Start importing Assets/PolygonNatureBiomes/PNB_Tropical_Jungle/Prefabs/SM_Env_Rock_Pile_03.prefab using Guid(5b448aa47a6dfc042be4e202cf9196fd) Importer(815301076,1909f56bfc062723c751e8b465ee728b)  -> (artifact id: '8db2c9bba5d17aba411dffcba34cc465') in 0.018413 seconds 
Number of asset objects unloaded after import = 17
========================================================================
Received Import Request.
  Time since last request: 0.000022 seconds.
  path: Assets/PolygonNatureBiomes/PNB_Tropical_Jungle/Models/SM_Env_Rock_Pile_04.fbx
  artifactKey: Guid(a5cb4989bfa4a344197de800a5461b55) Importer(815301076,1909f56bfc062723c751e8b465ee728b)
Number of updated assets reloaded before import = 0
Start importing Assets/PolygonNatureBiomes/PNB_Tropical_Jungle/Models/SM_Env_Rock_Pile_04.fbx using Guid(a5cb4989bfa4a344197de800a5461b55) Importer(815301076,1909f56bfc062723c751e8b465ee728b)  -> (artifact id: '1b0531eebdc7a9f39ef2f92dd2ee773d') in 0.014499 seconds 
Number of asset objects unloaded after import = 7
========================================================================
Received Import Request.
  Time since last request: 0.000028 seconds.
  path: Assets/PolygonNatureBiomes/PNB_Tropical_Jungle/Models/SM_Env_Rock_Pile_01.fbx
  artifactKey: Guid(7be7a841dcfa1154d847211d79a39870) Importer(815301076,1909f56bfc062723c751e8b465ee728b)
Number of updated assets reloaded before import = 0
Start importing Assets/PolygonNatureBiomes/PNB_Tropical_Jungle/Models/SM_Env_Rock_Pile_01.fbx using Guid(7be7a841dcfa1154d847211d79a39870) Importer(815301076,1909f56bfc062723c751e8b465ee728b)  -> (artifact id: '5e02b574615211f0feec405dcd431b92') in 0.012793 seconds 
Number of asset objects unloaded after import = 7
========================================================================
Received Import Request.
  Time since last request: 0.000019 seconds.
  path: Assets/PolygonNatureBiomes/PNB_Tropical_Jungle/Prefabs/SM_Env_Rock_Pile_04.prefab
  artifactKey: Guid(6399012899347f74f8fb8f12ee45dca0) Importer(815301076,1909f56bfc062723c751e8b465ee728b)
Number of updated assets reloaded before import = 0
Start importing Assets/PolygonNatureBiomes/PNB_Tropical_Jungle/Prefabs/SM_Env_Rock_Pile_04.prefab using Guid(6399012899347f74f8fb8f12ee45dca0) Importer(815301076,1909f56bfc062723c751e8b465ee728b)  -> (artifact id: '7f16ca9de1371fd97667b884052d6a51') in 0.013391 seconds 
Number of asset objects unloaded after import = 17
========================================================================
Received Import Request.
  Time since last request: 0.000018 seconds.
  path: Assets/PolygonNatureBiomes/PNB_Tropical_Jungle/Models/SM_Env_Rock_Ground_01.fbx
  artifactKey: Guid(3b9e77ae23b90e348933a2378974719d) Importer(815301076,1909f56bfc062723c751e8b465ee728b)
Number of updated assets reloaded before import = 0
Start importing Assets/PolygonNatureBiomes/PNB_Tropical_Jungle/Models/SM_Env_Rock_Ground_01.fbx using Guid(3b9e77ae23b90e348933a2378974719d) Importer(815301076,1909f56bfc062723c751e8b465ee728b)  -> (artifact id: 'fcd4f9b9eeea2141357a3890aa2b833c') in 0.013378 seconds 
Number of asset objects unloaded after import = 7
========================================================================
Received Import Request.
  Time since last request: 0.000021 seconds.
  path: Assets/PolygonPirates/Models/SM_Env_Rock_Huge_03.fbx
  artifactKey: Guid(4034c2997372dbc4aabd01b166acb78e) Importer(815301076,1909f56bfc062723c751e8b465ee728b)
Number of updated assets reloaded before import = 0
Start importing Assets/PolygonPirates/Models/SM_Env_Rock_Huge_03.fbx using Guid(4034c2997372dbc4aabd01b166acb78e) Importer(815301076,1909f56bfc062723c751e8b465ee728b)  -> (artifact id: '29e6bb33a2c56a8f6871205f5f60feaa') in 0.011977 seconds 
Number of asset objects unloaded after import = 7
========================================================================
Received Import Request.
  Time since last request: 0.000039 seconds.
  path: Assets/PolygonPirates/Prefabs/Environments/SM_Env_Rock_Large_02.prefab
  artifactKey: Guid(5bc229dfc40d9ae47be77c071dfa4e08) Importer(815301076,1909f56bfc062723c751e8b465ee728b)
Number of updated assets reloaded before import = 0
Start importing Assets/PolygonPirates/Prefabs/Environments/SM_Env_Rock_Large_02.prefab using Guid(5bc229dfc40d9ae47be77c071dfa4e08) Importer(815301076,1909f56bfc062723c751e8b465ee728b)  -> (artifact id: 'fbac4c3ad161435b5850f98b95aedd8c') in 0.011675 seconds 
Number of asset objects unloaded after import = 11
========================================================================
Received Import Request.
  Time since last request: 0.000020 seconds.
  path: Assets/PolygonPirates/Prefabs/Environments/SM_Env_Rock_Large_06.prefab
  artifactKey: Guid(32c513dd4f75bc24692549a1a831b5c3) Importer(815301076,1909f56bfc062723c751e8b465ee728b)
Number of updated assets reloaded before import = 0
Start importing Assets/PolygonPirates/Prefabs/Environments/SM_Env_Rock_Large_06.prefab using Guid(32c513dd4f75bc24692549a1a831b5c3) Importer(815301076,1909f56bfc062723c751e8b465ee728b)  -> (artifact id: 'a96cc8504b5e451119b75d180d9b8f10') in 0.010720 seconds 
Number of asset objects unloaded after import = 11
========================================================================
Received Import Request.
  Time since last request: 0.000023 seconds.
  path: Assets/PolygonPirates/Prefabs/Environments/SM_Env_Rock_Huge_04.prefab
  artifactKey: Guid(292cf169b6cd4c5478006bf83b2a8b25) Importer(815301076,1909f56bfc062723c751e8b465ee728b)
Number of updated assets reloaded before import = 0
Start importing Assets/PolygonPirates/Prefabs/Environments/SM_Env_Rock_Huge_04.prefab using Guid(292cf169b6cd4c5478006bf83b2a8b25) Importer(815301076,1909f56bfc062723c751e8b465ee728b)  -> (artifact id: 'bdb3834fbc17ac1a9f5308b1c31ecb9f') in 0.011583 seconds 
Number of asset objects unloaded after import = 11
========================================================================
Received Import Request.
  Time since last request: 0.000024 seconds.
  path: Assets/PolygonNatureBiomes/PNB_Tropical_Jungle/Prefabs/SM_Env_Rock_Flat_02.prefab
  artifactKey: Guid(d627212fbec51b4458b33bc1e36ac116) Importer(815301076,1909f56bfc062723c751e8b465ee728b)
Number of updated assets reloaded before import = 0
Start importing Assets/PolygonNatureBiomes/PNB_Tropical_Jungle/Prefabs/SM_Env_Rock_Flat_02.prefab using Guid(d627212fbec51b4458b33bc1e36ac116) Importer(815301076,1909f56bfc062723c751e8b465ee728b)  -> (artifact id: '83837b4b8429deb418e772c5a67c1aa9') in 0.016045 seconds 
Number of asset objects unloaded after import = 17
========================================================================
Received Import Request.
  Time since last request: 0.000026 seconds.
  path: Assets/PolygonPirates/Prefabs/Environments/SM_Env_Rock_Large_04.prefab
  artifactKey: Guid(178878bcf5455764d89195155eee7e66) Importer(815301076,1909f56bfc062723c751e8b465ee728b)
Number of updated assets reloaded before import = 0
Start importing Assets/PolygonPirates/Prefabs/Environments/SM_Env_Rock_Large_04.prefab using Guid(178878bcf5455764d89195155eee7e66) Importer(815301076,1909f56bfc062723c751e8b465ee728b)  -> (artifact id: 'dc16c4b93fdeee7bdb15ebf73750efb1') in 0.011064 seconds 
Number of asset objects unloaded after import = 11
========================================================================
Received Import Request.
  Time since last request: 0.000020 seconds.
  path: Assets/PolygonNatureBiomes/PNB_Tropical_Jungle/Prefabs/SM_Env_Rock_Flat_01.prefab
  artifactKey: Guid(f92aa315a7dfef74ea7166ed79c4c2bc) Importer(815301076,1909f56bfc062723c751e8b465ee728b)
Number of updated assets reloaded before import = 0
Start importing Assets/PolygonNatureBiomes/PNB_Tropical_Jungle/Prefabs/SM_Env_Rock_Flat_01.prefab using Guid(f92aa315a7dfef74ea7166ed79c4c2bc) Importer(815301076,1909f56bfc062723c751e8b465ee728b)  -> (artifact id: '355fdafe4e4e793d7459276b192865e0') in 0.014508 seconds 
Number of asset objects unloaded after import = 17
========================================================================
Received Import Request.
  Time since last request: 0.000032 seconds.
  path: Assets/PolygonPirates/Models/SM_Env_Rock_Huge_04.fbx
  artifactKey: Guid(421fd44f2bb5fcf43b47ba898ed96df1) Importer(815301076,1909f56bfc062723c751e8b465ee728b)
Number of updated assets reloaded before import = 0
Start importing Assets/PolygonPirates/Models/SM_Env_Rock_Huge_04.fbx using Guid(421fd44f2bb5fcf43b47ba898ed96df1) Importer(815301076,1909f56bfc062723c751e8b465ee728b)  -> (artifact id: '468c87b48b1f3fd4308626785734d1fb') in 0.011686 seconds 
Number of asset objects unloaded after import = 7
========================================================================
Received Import Request.
  Time since last request: 0.000022 seconds.
  path: Assets/PolygonPirates/Models/SM_Env_Rock_Large_02.fbx
  artifactKey: Guid(c22085f9e053a8a49b32fff1de54b401) Importer(815301076,1909f56bfc062723c751e8b465ee728b)
Number of updated assets reloaded before import = 0
Start importing Assets/PolygonPirates/Models/SM_Env_Rock_Large_02.fbx using Guid(c22085f9e053a8a49b32fff1de54b401) Importer(815301076,1909f56bfc062723c751e8b465ee728b)  -> (artifact id: '6c571843656ae3079c349e0438b2a3c0') in 0.011816 seconds 
Number of asset objects unloaded after import = 7
========================================================================
Received Import Request.
  Time since last request: 0.096884 seconds.
  path: Assets/PolygonWestern/Models/SM_Env_Rock_Alt_02.fbx
  artifactKey: Guid(ec467475c062a834387892c87b96bdc2) Importer(815301076,1909f56bfc062723c751e8b465ee728b)
Number of updated assets reloaded before import = 0
Start importing Assets/PolygonWestern/Models/SM_Env_Rock_Alt_02.fbx using Guid(ec467475c062a834387892c87b96bdc2) Importer(815301076,1909f56bfc062723c751e8b465ee728b)  -> (artifact id: '25044d8e5070891c71bd2576af3a1178') in 0.013002 seconds 
Number of asset objects unloaded after import = 7
========================================================================
Received Import Request.
  Time since last request: 0.000024 seconds.
  path: Assets/PolygonNatureBiomes/PNB_Tropical_Jungle/Models/SM_Env_Rock_Cave_01.fbx
  artifactKey: Guid(870334e976177ab46b854f5c2dc1fd5f) Importer(815301076,1909f56bfc062723c751e8b465ee728b)
Number of updated assets reloaded before import = 0
Start importing Assets/PolygonNatureBiomes/PNB_Tropical_Jungle/Models/SM_Env_Rock_Cave_01.fbx using Guid(870334e976177ab46b854f5c2dc1fd5f) Importer(815301076,1909f56bfc062723c751e8b465ee728b)  -> (artifact id: 'e7da8ce990622f2da29afb2f8656c415') in 0.015383 seconds 
Number of asset objects unloaded after import = 7
========================================================================
Received Import Request.
  Time since last request: 0.007708 seconds.
  path: Assets/PolygonWestern/Models/SM_Env_Rock_02.fbx
  artifactKey: Guid(425b025456d1ae94891663c05140854d) Importer(815301076,1909f56bfc062723c751e8b465ee728b)
Number of updated assets reloaded before import = 0
Start importing Assets/PolygonWestern/Models/SM_Env_Rock_02.fbx using Guid(425b025456d1ae94891663c05140854d) Importer(815301076,1909f56bfc062723c751e8b465ee728b)  -> (artifact id: 'ce3be1a49d2dd1437f490cbc2a4b6373') in 0.011052 seconds 
Number of asset objects unloaded after import = 7
========================================================================
Received Import Request.
  Time since last request: 0.007553 seconds.
  path: Assets/PolygonPirates/Models/SM_Env_Rock_03.fbx
  artifactKey: Guid(fcd5b6fd32ac918408554673d6b4d719) Importer(815301076,1909f56bfc062723c751e8b465ee728b)
Number of updated assets reloaded before import = 0
Start importing Assets/PolygonPirates/Models/SM_Env_Rock_03.fbx using Guid(fcd5b6fd32ac918408554673d6b4d719) Importer(815301076,1909f56bfc062723c751e8b465ee728b)  -> (artifact id: 'da2e5d5d64f94088367bcced47e1ce59') in 0.013669 seconds 
Number of asset objects unloaded after import = 7
========================================================================
Received Import Request.
  Time since last request: 0.000024 seconds.
  path: Assets/PolygonPirates/Prefabs/Environments/SM_Env_Plants_01.prefab
  artifactKey: Guid(b86675da3cb5f3c47baa515df44013b2) Importer(815301076,1909f56bfc062723c751e8b465ee728b)
Number of updated assets reloaded before import = 0
Start importing Assets/PolygonPirates/Prefabs/Environments/SM_Env_Plants_01.prefab using Guid(b86675da3cb5f3c47baa515df44013b2) Importer(815301076,1909f56bfc062723c751e8b465ee728b)  -> (artifact id: '3a51946a491d451733cf899fd7df4396') in 0.010814 seconds 
Number of asset objects unloaded after import = 10
========================================================================
Received Import Request.
  Time since last request: 0.000025 seconds.
  path: Assets/PolygonPirates/Models/SM_Env_Plants_03.fbx
  artifactKey: Guid(a41b54ec41f186649965bc0f7685ae46) Importer(815301076,1909f56bfc062723c751e8b465ee728b)
Number of updated assets reloaded before import = 0
Start importing Assets/PolygonPirates/Models/SM_Env_Plants_03.fbx using Guid(a41b54ec41f186649965bc0f7685ae46) Importer(815301076,1909f56bfc062723c751e8b465ee728b)  -> (artifact id: 'ed0b9d3468413d74c2209cd67f36c82a') in 0.011561 seconds 
Number of asset objects unloaded after import = 7
========================================================================
Received Import Request.
  Time since last request: 0.000031 seconds.
  path: Assets/PolygonNatureBiomes/PNB_Tropical_Jungle/Prefabs/SM_Env_Rock_05.prefab
  artifactKey: Guid(566ec7610322b4e4398c68befa8b1125) Importer(815301076,1909f56bfc062723c751e8b465ee728b)
Number of updated assets reloaded before import = 0
Start importing Assets/PolygonNatureBiomes/PNB_Tropical_Jungle/Prefabs/SM_Env_Rock_05.prefab using Guid(566ec7610322b4e4398c68befa8b1125) Importer(815301076,1909f56bfc062723c751e8b465ee728b)  -> (artifact id: '3572b42880f9b4018ed1a773518e9f00') in 0.013653 seconds 
Number of asset objects unloaded after import = 17
========================================================================
Received Import Request.
  Time since last request: 0.000024 seconds.
  path: Assets/PolygonNatureBiomes/PNB_Tropical_Jungle/Models/SM_Env_Rock_02.fbx
  artifactKey: Guid(53f2cb4c49199ff459686e2b07b59f32) Importer(815301076,1909f56bfc062723c751e8b465ee728b)
Number of updated assets reloaded before import = 0
Start importing Assets/PolygonNatureBiomes/PNB_Tropical_Jungle/Models/SM_Env_Rock_02.fbx using Guid(53f2cb4c49199ff459686e2b07b59f32) Importer(815301076,1909f56bfc062723c751e8b465ee728b)  -> (artifact id: '3a88e8fd95ab5f59e2bee77c1fbe3cea') in 0.011848 seconds 
Number of asset objects unloaded after import = 7
========================================================================
Received Import Request.
  Time since last request: 0.000035 seconds.
  path: Assets/PolygonPirates/Prefabs/Environments/SM_Env_Plants_03.prefab
  artifactKey: Guid(0cdb8d2fcfcf2004aa9773ffdeed3721) Importer(815301076,1909f56bfc062723c751e8b465ee728b)
Number of updated assets reloaded before import = 0
Start importing Assets/PolygonPirates/Prefabs/Environments/SM_Env_Plants_03.prefab using Guid(0cdb8d2fcfcf2004aa9773ffdeed3721) Importer(815301076,1909f56bfc062723c751e8b465ee728b)  -> (artifact id: '10153adabe9ad8f95c17165d8f87990f') in 0.010339 seconds 
Number of asset objects unloaded after import = 10
========================================================================
Received Import Request.
  Time since last request: 0.000027 seconds.
  path: Assets/PolygonNatureBiomes/PNB_Tropical_Jungle/Models/SM_Env_Rock_03.fbx
  artifactKey: Guid(2e3b1ceae0059534f91827b778eec520) Importer(815301076,1909f56bfc062723c751e8b465ee728b)
Number of updated assets reloaded before import = 0
Start importing Assets/PolygonNatureBiomes/PNB_Tropical_Jungle/Models/SM_Env_Rock_03.fbx using Guid(2e3b1ceae0059534f91827b778eec520) Importer(815301076,1909f56bfc062723c751e8b465ee728b)  -> (artifact id: '72b44b5dcd27ec9cbc0c12d694471ff9') in 0.011651 seconds 
Number of asset objects unloaded after import = 7
========================================================================
Received Import Request.
  Time since last request: 0.000017 seconds.
  path: Assets/PolygonPirates/Prefabs/Environments/SM_Env_Rock_03.prefab
  artifactKey: Guid(3ee5a26aa7a392e4eb5055d9703e036d) Importer(815301076,1909f56bfc062723c751e8b465ee728b)
Number of updated assets reloaded before import = 0
Start importing Assets/PolygonPirates/Prefabs/Environments/SM_Env_Rock_03.prefab using Guid(3ee5a26aa7a392e4eb5055d9703e036d) Importer(815301076,1909f56bfc062723c751e8b465ee728b)  -> (artifact id: 'd1864804cc53ebad5896f19a92f6e326') in 0.010170 seconds 
Number of asset objects unloaded after import = 11
========================================================================
Received Prepare
Registering precompiled user dll's ...
Registered in 0.006188 seconds.
Begin MonoManager ReloadAssembly
Native extension for WindowsStandalone target not found
Refreshing native plugins compatible for Editor in 1.60 ms, found 3 plugins.
Preloading 0 native plugins for Editor in 0.00 ms.
Mono: successfully reloaded assembly
- Completed reload, in  1.732 seconds
Domain Reload Profiling:
	ReloadAssembly (1732ms)
		BeginReloadAssembly (161ms)
			ExecutionOrderSort (0ms)
			DisableScriptedObjects (4ms)
			BackupInstance (0ms)
			ReleaseScriptingObjects (0ms)
			CreateAndSetChildDomain (45ms)
		EndReloadAssembly (1478ms)
			LoadAssemblies (111ms)
			RebuildTransferFunctionScriptingTraits (0ms)
			SetupTypeCache (528ms)
			ReleaseScriptCaches (3ms)
			RebuildScriptCaches (94ms)
			SetupLoadedEditorAssemblies (680ms)
				LogAssemblyErrors (0ms)
				InitializePlatformSupportModulesInManaged (9ms)
				SetLoadedEditorAssemblies (1ms)
				RefreshPlugins (2ms)
				BeforeProcessingInitializeOnLoad (83ms)
				ProcessInitializeOnLoadAttributes (522ms)
				ProcessInitializeOnLoadMethodAttributes (52ms)
				AfterProcessingInitializeOnLoad (12ms)
				EditorAssembliesLoaded (0ms)
			ExecutionOrderSort2 (0ms)
			AwakeInstancesAfterBackupRestoration (9ms)
Platform modules already initialized, skipping
Refreshing native plugins compatible for Editor in 1.56 ms, found 3 plugins.
Preloading 0 native plugins for Editor in 0.00 ms.
Unloading 3860 Unused Serialized files (Serialized files now loaded: 0)
Unloading 31 unused Assets / (1.5 MB). Loaded Objects now: 4462.
Memory consumption went from 183.5 MB to 182.0 MB.
Total: 3.282400 ms (FindLiveObjects: 0.338400 ms CreateObjectMapping: 0.200600 ms MarkObjects: 2.343900 ms  DeleteObjects: 0.397800 ms)

AssetImportParameters requested are different than current active one (requested -> active):
  custom:video-decoder-ogg-theora: a1e56fd34408186e4bbccfd4996cb3dc -> 
  custom:container-muxer-webm: aa71ff27fc2769a1b78a27578f13a17b -> 
  custom:container-demuxer-webm: 4f35f7cbe854078d1ac9338744f61a02 -> 
  custom:video-encoder-webm-vp8: eb34c28f22e8b96e1ab97ce403110664 -> 
  custom:video-codec-MediaFoundation-h265: 746d11721c4dcdbdad8f713fa42b33f4 -> 
  custom:CustomObjectIndexerAttribute: bc11b3a6c3213fcdd17b65e7da85e133 -> 
  custom:audio-encoder-webm-vorbis: bf7c407c2cedff20999df2af8eb42d56 -> 
  custom:framework-win-MediaFoundation: 216162199b28c13a410421893ffa2e32 -> 
  custom:SearchIndexIgnoredProperties: e643bd26f0fe6173181afceb89e7c659 -> 
  custom:container-demuxer-ogg: 62fdf1f143b41e24485cea50d1cbac27 -> 
  custom:video-decoder-webm-vp8: 9c59270c3fd7afecdb556c50c9e8de78 -> 
  custom:audio-decoder-ogg-vorbis: bf7c407c2cedff20999df2af8eb42d56 -> 
========================================================================
Received Prepare
Registering precompiled user dll's ...
Registered in 0.007290 seconds.
Begin MonoManager ReloadAssembly
Native extension for WindowsStandalone target not found
Refreshing native plugins compatible for Editor in 1.14 ms, found 3 plugins.
Preloading 0 native plugins for Editor in 0.00 ms.
Mono: successfully reloaded assembly
- Completed reload, in  1.318 seconds
Domain Reload Profiling:
	ReloadAssembly (1319ms)
		BeginReloadAssembly (172ms)
			ExecutionOrderSort (0ms)
			DisableScriptedObjects (5ms)
			BackupInstance (0ms)
			ReleaseScriptingObjects (0ms)
			CreateAndSetChildDomain (44ms)
		EndReloadAssembly (1035ms)
			LoadAssemblies (120ms)
			RebuildTransferFunctionScriptingTraits (0ms)
			SetupTypeCache (317ms)
			ReleaseScriptCaches (2ms)
			RebuildScriptCaches (43ms)
			SetupLoadedEditorAssemblies (528ms)
				LogAssemblyErrors (0ms)
				InitializePlatformSupportModulesInManaged (9ms)
				SetLoadedEditorAssemblies (1ms)
				RefreshPlugins (1ms)
				BeforeProcessingInitializeOnLoad (81ms)
				ProcessInitializeOnLoadAttributes (398ms)
				ProcessInitializeOnLoadMethodAttributes (26ms)
				AfterProcessingInitializeOnLoad (11ms)
				EditorAssembliesLoaded (0ms)
			ExecutionOrderSort2 (0ms)
			AwakeInstancesAfterBackupRestoration (8ms)
Platform modules already initialized, skipping
Refreshing native plugins compatible for Editor in 0.96 ms, found 3 plugins.
Preloading 0 native plugins for Editor in 0.00 ms.
Unloading 3860 Unused Serialized files (Serialized files now loaded: 0)
Unloading 31 unused Assets / (1.5 MB). Loaded Objects now: 4465.
Memory consumption went from 183.5 MB to 182.0 MB.
Total: 3.328600 ms (FindLiveObjects: 0.341000 ms CreateObjectMapping: 0.126900 ms MarkObjects: 2.573600 ms  DeleteObjects: 0.286000 ms)

AssetImportParameters requested are different than current active one (requested -> active):
  custom:video-decoder-ogg-theora: a1e56fd34408186e4bbccfd4996cb3dc -> 
  custom:container-muxer-webm: aa71ff27fc2769a1b78a27578f13a17b -> 
  custom:container-demuxer-webm: 4f35f7cbe854078d1ac9338744f61a02 -> 
  custom:video-encoder-webm-vp8: eb34c28f22e8b96e1ab97ce403110664 -> 
  custom:video-codec-MediaFoundation-h265: 746d11721c4dcdbdad8f713fa42b33f4 -> 
  custom:CustomObjectIndexerAttribute: bc11b3a6c3213fcdd17b65e7da85e133 -> 
  custom:audio-encoder-webm-vorbis: bf7c407c2cedff20999df2af8eb42d56 -> 
  custom:framework-win-MediaFoundation: 216162199b28c13a410421893ffa2e32 -> 
  custom:SearchIndexIgnoredProperties: e643bd26f0fe6173181afceb89e7c659 -> 
  custom:container-demuxer-ogg: 62fdf1f143b41e24485cea50d1cbac27 -> 
  custom:video-decoder-webm-vp8: 9c59270c3fd7afecdb556c50c9e8de78 -> 
  custom:audio-decoder-ogg-vorbis: bf7c407c2cedff20999df2af8eb42d56 -> 
========================================================================
Received Prepare
Registering precompiled user dll's ...
Registered in 0.005991 seconds.
Begin MonoManager ReloadAssembly
Native extension for WindowsStandalone target not found
Refreshing native plugins compatible for Editor in 0.97 ms, found 3 plugins.
Preloading 0 native plugins for Editor in 0.00 ms.
Mono: successfully reloaded assembly
- Completed reload, in  1.317 seconds
Domain Reload Profiling:
	ReloadAssembly (1318ms)
		BeginReloadAssembly (238ms)
			ExecutionOrderSort (0ms)
			DisableScriptedObjects (10ms)
			BackupInstance (0ms)
			ReleaseScriptingObjects (0ms)
			CreateAndSetChildDomain (78ms)
		EndReloadAssembly (977ms)
			LoadAssemblies (120ms)
			RebuildTransferFunctionScriptingTraits (0ms)
			SetupTypeCache (308ms)
			ReleaseScriptCaches (2ms)
			RebuildScriptCaches (48ms)
			SetupLoadedEditorAssemblies (489ms)
				LogAssemblyErrors (0ms)
				InitializePlatformSupportModulesInManaged (7ms)
				SetLoadedEditorAssemblies (1ms)
				RefreshPlugins (1ms)
				BeforeProcessingInitializeOnLoad (65ms)
				ProcessInitializeOnLoadAttributes (381ms)
				ProcessInitializeOnLoadMethodAttributes (26ms)
				AfterProcessingInitializeOnLoad (9ms)
				EditorAssembliesLoaded (0ms)
			ExecutionOrderSort2 (0ms)
			AwakeInstancesAfterBackupRestoration (7ms)
Platform modules already initialized, skipping
Refreshing native plugins compatible for Editor in 1.14 ms, found 3 plugins.
Preloading 0 native plugins for Editor in 0.00 ms.
Unloading 3860 Unused Serialized files (Serialized files now loaded: 0)
Unloading 31 unused Assets / (1.5 MB). Loaded Objects now: 4468.
Memory consumption went from 183.5 MB to 182.0 MB.
Total: 5.050000 ms (FindLiveObjects: 0.565900 ms CreateObjectMapping: 0.399700 ms MarkObjects: 3.600700 ms  DeleteObjects: 0.479300 ms)

AssetImportParameters requested are different than current active one (requested -> active):
  custom:video-decoder-ogg-theora: a1e56fd34408186e4bbccfd4996cb3dc -> 
  custom:container-muxer-webm: aa71ff27fc2769a1b78a27578f13a17b -> 
  custom:container-demuxer-webm: 4f35f7cbe854078d1ac9338744f61a02 -> 
  custom:video-encoder-webm-vp8: eb34c28f22e8b96e1ab97ce403110664 -> 
  custom:video-codec-MediaFoundation-h265: 746d11721c4dcdbdad8f713fa42b33f4 -> 
  custom:CustomObjectIndexerAttribute: bc11b3a6c3213fcdd17b65e7da85e133 -> 
  custom:audio-encoder-webm-vorbis: bf7c407c2cedff20999df2af8eb42d56 -> 
  custom:framework-win-MediaFoundation: 216162199b28c13a410421893ffa2e32 -> 
  custom:SearchIndexIgnoredProperties: e643bd26f0fe6173181afceb89e7c659 -> 
  custom:container-demuxer-ogg: 62fdf1f143b41e24485cea50d1cbac27 -> 
  custom:video-decoder-webm-vp8: 9c59270c3fd7afecdb556c50c9e8de78 -> 
  custom:audio-decoder-ogg-vorbis: bf7c407c2cedff20999df2af8eb42d56 -> 
========================================================================
Received Prepare
Registering precompiled user dll's ...
Registered in 0.005171 seconds.
Begin MonoManager ReloadAssembly
Native extension for WindowsStandalone target not found
Refreshing native plugins compatible for Editor in 0.97 ms, found 3 plugins.
Preloading 0 native plugins for Editor in 0.00 ms.
Mono: successfully reloaded assembly
- Completed reload, in  1.174 seconds
Domain Reload Profiling:
	ReloadAssembly (1175ms)
		BeginReloadAssembly (167ms)
			ExecutionOrderSort (0ms)
			DisableScriptedObjects (7ms)
			BackupInstance (0ms)
			ReleaseScriptingObjects (0ms)
			CreateAndSetChildDomain (37ms)
		EndReloadAssembly (907ms)
			LoadAssemblies (108ms)
			RebuildTransferFunctionScriptingTraits (0ms)
			SetupTypeCache (261ms)
			ReleaseScriptCaches (2ms)
			RebuildScriptCaches (45ms)
			SetupLoadedEditorAssemblies (476ms)
				LogAssemblyErrors (0ms)
				InitializePlatformSupportModulesInManaged (7ms)
				SetLoadedEditorAssemblies (0ms)
				RefreshPlugins (1ms)
				BeforeProcessingInitializeOnLoad (64ms)
				ProcessInitializeOnLoadAttributes (370ms)
				ProcessInitializeOnLoadMethodAttributes (24ms)
				AfterProcessingInitializeOnLoad (9ms)
				EditorAssembliesLoaded (0ms)
			ExecutionOrderSort2 (0ms)
			AwakeInstancesAfterBackupRestoration (7ms)
Platform modules already initialized, skipping
Refreshing native plugins compatible for Editor in 1.56 ms, found 3 plugins.
Preloading 0 native plugins for Editor in 0.00 ms.
Unloading 3860 Unused Serialized files (Serialized files now loaded: 0)
Unloading 31 unused Assets / (1.5 MB). Loaded Objects now: 4471.
Memory consumption went from 183.5 MB to 182.0 MB.
Total: 4.208600 ms (FindLiveObjects: 0.345400 ms CreateObjectMapping: 0.133700 ms MarkObjects: 3.361600 ms  DeleteObjects: 0.366000 ms)

AssetImportParameters requested are different than current active one (requested -> active):
  custom:video-decoder-ogg-theora: a1e56fd34408186e4bbccfd4996cb3dc -> 
  custom:container-muxer-webm: aa71ff27fc2769a1b78a27578f13a17b -> 
  custom:container-demuxer-webm: 4f35f7cbe854078d1ac9338744f61a02 -> 
  custom:video-encoder-webm-vp8: eb34c28f22e8b96e1ab97ce403110664 -> 
  custom:video-codec-MediaFoundation-h265: 746d11721c4dcdbdad8f713fa42b33f4 -> 
  custom:CustomObjectIndexerAttribute: bc11b3a6c3213fcdd17b65e7da85e133 -> 
  custom:audio-encoder-webm-vorbis: bf7c407c2cedff20999df2af8eb42d56 -> 
  custom:framework-win-MediaFoundation: 216162199b28c13a410421893ffa2e32 -> 
  custom:SearchIndexIgnoredProperties: e643bd26f0fe6173181afceb89e7c659 -> 
  custom:container-demuxer-ogg: 62fdf1f143b41e24485cea50d1cbac27 -> 
  custom:video-decoder-webm-vp8: 9c59270c3fd7afecdb556c50c9e8de78 -> 
  custom:audio-decoder-ogg-vorbis: bf7c407c2cedff20999df2af8eb42d56 -> 
========================================================================
Received Prepare
Registering precompiled user dll's ...
Registered in 0.005493 seconds.
Begin MonoManager ReloadAssembly
Native extension for WindowsStandalone target not found
Refreshing native plugins compatible for Editor in 1.02 ms, found 3 plugins.
Preloading 0 native plugins for Editor in 0.00 ms.
Mono: successfully reloaded assembly
- Completed reload, in  1.179 seconds
Domain Reload Profiling:
	ReloadAssembly (1180ms)
		BeginReloadAssembly (143ms)
			ExecutionOrderSort (0ms)
			DisableScriptedObjects (4ms)
			BackupInstance (0ms)
			ReleaseScriptingObjects (0ms)
			CreateAndSetChildDomain (35ms)
		EndReloadAssembly (950ms)
			LoadAssemblies (103ms)
			RebuildTransferFunctionScriptingTraits (0ms)
			SetupTypeCache (278ms)
			ReleaseScriptCaches (2ms)
			RebuildScriptCaches (47ms)
			SetupLoadedEditorAssemblies (489ms)
				LogAssemblyErrors (0ms)
				InitializePlatformSupportModulesInManaged (6ms)
				SetLoadedEditorAssemblies (0ms)
				RefreshPlugins (1ms)
				BeforeProcessingInitializeOnLoad (68ms)
				ProcessInitializeOnLoadAttributes (382ms)
				ProcessInitializeOnLoadMethodAttributes (23ms)
				AfterProcessingInitializeOnLoad (9ms)
				EditorAssembliesLoaded (0ms)
			ExecutionOrderSort2 (0ms)
			AwakeInstancesAfterBackupRestoration (6ms)
Platform modules already initialized, skipping
Refreshing native plugins compatible for Editor in 1.19 ms, found 3 plugins.
Preloading 0 native plugins for Editor in 0.00 ms.
Unloading 3860 Unused Serialized files (Serialized files now loaded: 0)
Unloading 31 unused Assets / (1.5 MB). Loaded Objects now: 4474.
Memory consumption went from 183.5 MB to 182.0 MB.
Total: 3.849700 ms (FindLiveObjects: 0.312600 ms CreateObjectMapping: 0.116400 ms MarkObjects: 3.030200 ms  DeleteObjects: 0.389200 ms)

AssetImportParameters requested are different than current active one (requested -> active):
  custom:video-decoder-ogg-theora: a1e56fd34408186e4bbccfd4996cb3dc -> 
  custom:container-muxer-webm: aa71ff27fc2769a1b78a27578f13a17b -> 
  custom:container-demuxer-webm: 4f35f7cbe854078d1ac9338744f61a02 -> 
  custom:video-encoder-webm-vp8: eb34c28f22e8b96e1ab97ce403110664 -> 
  custom:video-codec-MediaFoundation-h265: 746d11721c4dcdbdad8f713fa42b33f4 -> 
  custom:CustomObjectIndexerAttribute: bc11b3a6c3213fcdd17b65e7da85e133 -> 
  custom:audio-encoder-webm-vorbis: bf7c407c2cedff20999df2af8eb42d56 -> 
  custom:framework-win-MediaFoundation: 216162199b28c13a410421893ffa2e32 -> 
  custom:SearchIndexIgnoredProperties: e643bd26f0fe6173181afceb89e7c659 -> 
  custom:container-demuxer-ogg: 62fdf1f143b41e24485cea50d1cbac27 -> 
  custom:video-decoder-webm-vp8: 9c59270c3fd7afecdb556c50c9e8de78 -> 
  custom:audio-decoder-ogg-vorbis: bf7c407c2cedff20999df2af8eb42d56 -> 
========================================================================
Received Prepare
Registering precompiled user dll's ...
Registered in 0.005467 seconds.
Begin MonoManager ReloadAssembly
Native extension for WindowsStandalone target not found
Refreshing native plugins compatible for Editor in 1.00 ms, found 3 plugins.
Preloading 0 native plugins for Editor in 0.00 ms.
Mono: successfully reloaded assembly
- Completed reload, in  1.169 seconds
Domain Reload Profiling:
	ReloadAssembly (1169ms)
		BeginReloadAssembly (154ms)
			ExecutionOrderSort (0ms)
			DisableScriptedObjects (4ms)
			BackupInstance (0ms)
			ReleaseScriptingObjects (0ms)
			CreateAndSetChildDomain (38ms)
		EndReloadAssembly (917ms)
			LoadAssemblies (99ms)
			RebuildTransferFunctionScriptingTraits (0ms)
			SetupTypeCache (275ms)
			ReleaseScriptCaches (2ms)
			RebuildScriptCaches (49ms)
			SetupLoadedEditorAssemblies (462ms)
				LogAssemblyErrors (0ms)
				InitializePlatformSupportModulesInManaged (6ms)
				SetLoadedEditorAssemblies (0ms)
				RefreshPlugins (1ms)
				BeforeProcessingInitializeOnLoad (66ms)
				ProcessInitializeOnLoadAttributes (356ms)
				ProcessInitializeOnLoadMethodAttributes (23ms)
				AfterProcessingInitializeOnLoad (9ms)
				EditorAssembliesLoaded (0ms)
			ExecutionOrderSort2 (0ms)
			AwakeInstancesAfterBackupRestoration (7ms)
Platform modules already initialized, skipping
Refreshing native plugins compatible for Editor in 1.20 ms, found 3 plugins.
Preloading 0 native plugins for Editor in 0.00 ms.
Unloading 3860 Unused Serialized files (Serialized files now loaded: 0)
Unloading 31 unused Assets / (1.5 MB). Loaded Objects now: 4477.
Memory consumption went from 183.5 MB to 182.0 MB.
Total: 3.871000 ms (FindLiveObjects: 0.424200 ms CreateObjectMapping: 0.324900 ms MarkObjects: 2.844400 ms  DeleteObjects: 0.276300 ms)

AssetImportParameters requested are different than current active one (requested -> active):
  custom:video-decoder-ogg-theora: a1e56fd34408186e4bbccfd4996cb3dc -> 
  custom:container-muxer-webm: aa71ff27fc2769a1b78a27578f13a17b -> 
  custom:container-demuxer-webm: 4f35f7cbe854078d1ac9338744f61a02 -> 
  custom:video-encoder-webm-vp8: eb34c28f22e8b96e1ab97ce403110664 -> 
  custom:video-codec-MediaFoundation-h265: 746d11721c4dcdbdad8f713fa42b33f4 -> 
  custom:CustomObjectIndexerAttribute: bc11b3a6c3213fcdd17b65e7da85e133 -> 
  custom:audio-encoder-webm-vorbis: bf7c407c2cedff20999df2af8eb42d56 -> 
  custom:framework-win-MediaFoundation: 216162199b28c13a410421893ffa2e32 -> 
  custom:SearchIndexIgnoredProperties: e643bd26f0fe6173181afceb89e7c659 -> 
  custom:container-demuxer-ogg: 62fdf1f143b41e24485cea50d1cbac27 -> 
  custom:video-decoder-webm-vp8: 9c59270c3fd7afecdb556c50c9e8de78 -> 
  custom:audio-decoder-ogg-vorbis: bf7c407c2cedff20999df2af8eb42d56 -> 
========================================================================
Received Prepare
Registering precompiled user dll's ...
Registered in 0.005537 seconds.
Begin MonoManager ReloadAssembly
Native extension for WindowsStandalone target not found
Refreshing native plugins compatible for Editor in 1.04 ms, found 3 plugins.
Preloading 0 native plugins for Editor in 0.00 ms.
Mono: successfully reloaded assembly
- Completed reload, in  1.172 seconds
Domain Reload Profiling:
	ReloadAssembly (1173ms)
		BeginReloadAssembly (146ms)
			ExecutionOrderSort (0ms)
			DisableScriptedObjects (4ms)
			BackupInstance (0ms)
			ReleaseScriptingObjects (0ms)
			CreateAndSetChildDomain (31ms)
		EndReloadAssembly (932ms)
			LoadAssemblies (106ms)
			RebuildTransferFunctionScriptingTraits (0ms)
			SetupTypeCache (269ms)
			ReleaseScriptCaches (2ms)
			RebuildScriptCaches (42ms)
			SetupLoadedEditorAssemblies (486ms)
				LogAssemblyErrors (0ms)
				InitializePlatformSupportModulesInManaged (6ms)
				SetLoadedEditorAssemblies (1ms)
				RefreshPlugins (1ms)
				BeforeProcessingInitializeOnLoad (71ms)
				ProcessInitializeOnLoadAttributes (374ms)
				ProcessInitializeOnLoadMethodAttributes (24ms)
				AfterProcessingInitializeOnLoad (9ms)
				EditorAssembliesLoaded (0ms)
			ExecutionOrderSort2 (0ms)
			AwakeInstancesAfterBackupRestoration (7ms)
Platform modules already initialized, skipping
Refreshing native plugins compatible for Editor in 1.24 ms, found 3 plugins.
Preloading 0 native plugins for Editor in 0.00 ms.
Unloading 3860 Unused Serialized files (Serialized files now loaded: 0)
Unloading 31 unused Assets / (1.5 MB). Loaded Objects now: 4480.
Memory consumption went from 183.5 MB to 182.1 MB.
Total: 3.310400 ms (FindLiveObjects: 0.389100 ms CreateObjectMapping: 0.144100 ms MarkObjects: 2.494600 ms  DeleteObjects: 0.281600 ms)

AssetImportParameters requested are different than current active one (requested -> active):
  custom:video-decoder-ogg-theora: a1e56fd34408186e4bbccfd4996cb3dc -> 
  custom:container-muxer-webm: aa71ff27fc2769a1b78a27578f13a17b -> 
  custom:container-demuxer-webm: 4f35f7cbe854078d1ac9338744f61a02 -> 
  custom:video-encoder-webm-vp8: eb34c28f22e8b96e1ab97ce403110664 -> 
  custom:video-codec-MediaFoundation-h265: 746d11721c4dcdbdad8f713fa42b33f4 -> 
  custom:CustomObjectIndexerAttribute: bc11b3a6c3213fcdd17b65e7da85e133 -> 
  custom:audio-encoder-webm-vorbis: bf7c407c2cedff20999df2af8eb42d56 -> 
  custom:framework-win-MediaFoundation: 216162199b28c13a410421893ffa2e32 -> 
  custom:SearchIndexIgnoredProperties: e643bd26f0fe6173181afceb89e7c659 -> 
  custom:container-demuxer-ogg: 62fdf1f143b41e24485cea50d1cbac27 -> 
  custom:video-decoder-webm-vp8: 9c59270c3fd7afecdb556c50c9e8de78 -> 
  custom:audio-decoder-ogg-vorbis: bf7c407c2cedff20999df2af8eb42d56 -> 
========================================================================
Received Prepare
Registering precompiled user dll's ...
Registered in 0.005682 seconds.
Begin MonoManager ReloadAssembly
Native extension for WindowsStandalone target not found
Refreshing native plugins compatible for Editor in 1.03 ms, found 3 plugins.
Preloading 0 native plugins for Editor in 0.00 ms.
Mono: successfully reloaded assembly
- Completed reload, in  1.187 seconds
Domain Reload Profiling:
	ReloadAssembly (1188ms)
		BeginReloadAssembly (152ms)
			ExecutionOrderSort (0ms)
			DisableScriptedObjects (4ms)
			BackupInstance (0ms)
			ReleaseScriptingObjects (0ms)
			CreateAndSetChildDomain (37ms)
		EndReloadAssembly (937ms)
			LoadAssemblies (109ms)
			RebuildTransferFunctionScriptingTraits (0ms)
			SetupTypeCache (277ms)
			ReleaseScriptCaches (2ms)
			RebuildScriptCaches (44ms)
			SetupLoadedEditorAssemblies (478ms)
				LogAssemblyErrors (0ms)
				InitializePlatformSupportModulesInManaged (6ms)
				SetLoadedEditorAssemblies (1ms)
				RefreshPlugins (1ms)
				BeforeProcessingInitializeOnLoad (67ms)
				ProcessInitializeOnLoadAttributes (369ms)
				ProcessInitializeOnLoadMethodAttributes (25ms)
				AfterProcessingInitializeOnLoad (8ms)
				EditorAssembliesLoaded (0ms)
			ExecutionOrderSort2 (0ms)
			AwakeInstancesAfterBackupRestoration (7ms)
Platform modules already initialized, skipping
Refreshing native plugins compatible for Editor in 1.38 ms, found 3 plugins.
Preloading 0 native plugins for Editor in 0.00 ms.
Unloading 3860 Unused Serialized files (Serialized files now loaded: 0)
Unloading 31 unused Assets / (1.5 MB). Loaded Objects now: 4483.
Memory consumption went from 183.5 MB to 182.1 MB.
Total: 4.398500 ms (FindLiveObjects: 0.365700 ms CreateObjectMapping: 0.144400 ms MarkObjects: 3.574800 ms  DeleteObjects: 0.311800 ms)

AssetImportParameters requested are different than current active one (requested -> active):
  custom:video-decoder-ogg-theora: a1e56fd34408186e4bbccfd4996cb3dc -> 
  custom:container-muxer-webm: aa71ff27fc2769a1b78a27578f13a17b -> 
  custom:container-demuxer-webm: 4f35f7cbe854078d1ac9338744f61a02 -> 
  custom:video-encoder-webm-vp8: eb34c28f22e8b96e1ab97ce403110664 -> 
  custom:video-codec-MediaFoundation-h265: 746d11721c4dcdbdad8f713fa42b33f4 -> 
  custom:CustomObjectIndexerAttribute: bc11b3a6c3213fcdd17b65e7da85e133 -> 
  custom:audio-encoder-webm-vorbis: bf7c407c2cedff20999df2af8eb42d56 -> 
  custom:framework-win-MediaFoundation: 216162199b28c13a410421893ffa2e32 -> 
  custom:SearchIndexIgnoredProperties: e643bd26f0fe6173181afceb89e7c659 -> 
  custom:container-demuxer-ogg: 62fdf1f143b41e24485cea50d1cbac27 -> 
  custom:video-decoder-webm-vp8: 9c59270c3fd7afecdb556c50c9e8de78 -> 
  custom:audio-decoder-ogg-vorbis: bf7c407c2cedff20999df2af8eb42d56 -> 
========================================================================
Received Prepare
Registering precompiled user dll's ...
Registered in 0.006859 seconds.
Begin MonoManager ReloadAssembly
Native extension for WindowsStandalone target not found
Refreshing native plugins compatible for Editor in 1.12 ms, found 3 plugins.
Preloading 0 native plugins for Editor in 0.00 ms.
Mono: successfully reloaded assembly
- Completed reload, in  1.180 seconds
Domain Reload Profiling:
	ReloadAssembly (1181ms)
		BeginReloadAssembly (161ms)
			ExecutionOrderSort (0ms)
			DisableScriptedObjects (4ms)
			BackupInstance (0ms)
			ReleaseScriptingObjects (0ms)
			CreateAndSetChildDomain (39ms)
		EndReloadAssembly (930ms)
			LoadAssemblies (112ms)
			RebuildTransferFunctionScriptingTraits (0ms)
			SetupTypeCache (278ms)
			ReleaseScriptCaches (2ms)
			RebuildScriptCaches (48ms)
			SetupLoadedEditorAssemblies (473ms)
				LogAssemblyErrors (0ms)
				InitializePlatformSupportModulesInManaged (6ms)
				SetLoadedEditorAssemblies (0ms)
				RefreshPlugins (1ms)
				BeforeProcessingInitializeOnLoad (68ms)
				ProcessInitializeOnLoadAttributes (360ms)
				ProcessInitializeOnLoadMethodAttributes (26ms)
				AfterProcessingInitializeOnLoad (10ms)
				EditorAssembliesLoaded (0ms)
			ExecutionOrderSort2 (0ms)
			AwakeInstancesAfterBackupRestoration (8ms)
Platform modules already initialized, skipping
Refreshing native plugins compatible for Editor in 1.33 ms, found 3 plugins.
Preloading 0 native plugins for Editor in 0.00 ms.
Unloading 3860 Unused Serialized files (Serialized files now loaded: 0)
Unloading 31 unused Assets / (1.5 MB). Loaded Objects now: 4486.
Memory consumption went from 183.5 MB to 182.1 MB.
Total: 2.943800 ms (FindLiveObjects: 0.337600 ms CreateObjectMapping: 0.146200 ms MarkObjects: 2.169400 ms  DeleteObjects: 0.289400 ms)

AssetImportParameters requested are different than current active one (requested -> active):
  custom:video-decoder-ogg-theora: a1e56fd34408186e4bbccfd4996cb3dc -> 
  custom:container-muxer-webm: aa71ff27fc2769a1b78a27578f13a17b -> 
  custom:container-demuxer-webm: 4f35f7cbe854078d1ac9338744f61a02 -> 
  custom:video-encoder-webm-vp8: eb34c28f22e8b96e1ab97ce403110664 -> 
  custom:video-codec-MediaFoundation-h265: 746d11721c4dcdbdad8f713fa42b33f4 -> 
  custom:CustomObjectIndexerAttribute: bc11b3a6c3213fcdd17b65e7da85e133 -> 
  custom:audio-encoder-webm-vorbis: bf7c407c2cedff20999df2af8eb42d56 -> 
  custom:framework-win-MediaFoundation: 216162199b28c13a410421893ffa2e32 -> 
  custom:SearchIndexIgnoredProperties: e643bd26f0fe6173181afceb89e7c659 -> 
  custom:container-demuxer-ogg: 62fdf1f143b41e24485cea50d1cbac27 -> 
  custom:video-decoder-webm-vp8: 9c59270c3fd7afecdb556c50c9e8de78 -> 
  custom:audio-decoder-ogg-vorbis: bf7c407c2cedff20999df2af8eb42d56 -> 
========================================================================
Received Prepare
Registering precompiled user dll's ...
Registered in 0.005046 seconds.
Begin MonoManager ReloadAssembly
Native extension for WindowsStandalone target not found
Refreshing native plugins compatible for Editor in 1.15 ms, found 3 plugins.
Preloading 0 native plugins for Editor in 0.00 ms.
Mono: successfully reloaded assembly
- Completed reload, in  1.189 seconds
Domain Reload Profiling:
	ReloadAssembly (1190ms)
		BeginReloadAssembly (149ms)
			ExecutionOrderSort (0ms)
			DisableScriptedObjects (5ms)
			BackupInstance (0ms)
			ReleaseScriptingObjects (0ms)
			CreateAndSetChildDomain (33ms)
		EndReloadAssembly (958ms)
			LoadAssemblies (105ms)
			RebuildTransferFunctionScriptingTraits (0ms)
			SetupTypeCache (298ms)
			ReleaseScriptCaches (2ms)
			RebuildScriptCaches (46ms)
			SetupLoadedEditorAssemblies (482ms)
				LogAssemblyErrors (0ms)
				InitializePlatformSupportModulesInManaged (7ms)
				SetLoadedEditorAssemblies (1ms)
				RefreshPlugins (1ms)
				BeforeProcessingInitializeOnLoad (69ms)
				ProcessInitializeOnLoadAttributes (367ms)
				ProcessInitializeOnLoadMethodAttributes (27ms)
				AfterProcessingInitializeOnLoad (10ms)
				EditorAssembliesLoaded (0ms)
			ExecutionOrderSort2 (0ms)
			AwakeInstancesAfterBackupRestoration (7ms)
Platform modules already initialized, skipping
Refreshing native plugins compatible for Editor in 0.96 ms, found 3 plugins.
Preloading 0 native plugins for Editor in 0.00 ms.
Unloading 3860 Unused Serialized files (Serialized files now loaded: 0)
Unloading 31 unused Assets / (1.5 MB). Loaded Objects now: 4489.
Memory consumption went from 183.5 MB to 182.1 MB.
Total: 3.093400 ms (FindLiveObjects: 0.349300 ms CreateObjectMapping: 0.143800 ms MarkObjects: 2.176400 ms  DeleteObjects: 0.422600 ms)

AssetImportParameters requested are different than current active one (requested -> active):
  custom:video-decoder-ogg-theora: a1e56fd34408186e4bbccfd4996cb3dc -> 
  custom:container-muxer-webm: aa71ff27fc2769a1b78a27578f13a17b -> 
  custom:container-demuxer-webm: 4f35f7cbe854078d1ac9338744f61a02 -> 
  custom:video-encoder-webm-vp8: eb34c28f22e8b96e1ab97ce403110664 -> 
  custom:video-codec-MediaFoundation-h265: 746d11721c4dcdbdad8f713fa42b33f4 -> 
  custom:CustomObjectIndexerAttribute: bc11b3a6c3213fcdd17b65e7da85e133 -> 
  custom:audio-encoder-webm-vorbis: bf7c407c2cedff20999df2af8eb42d56 -> 
  custom:framework-win-MediaFoundation: 216162199b28c13a410421893ffa2e32 -> 
  custom:SearchIndexIgnoredProperties: e643bd26f0fe6173181afceb89e7c659 -> 
  custom:container-demuxer-ogg: 62fdf1f143b41e24485cea50d1cbac27 -> 
  custom:video-decoder-webm-vp8: 9c59270c3fd7afecdb556c50c9e8de78 -> 
  custom:audio-decoder-ogg-vorbis: bf7c407c2cedff20999df2af8eb42d56 -> 
========================================================================
Received Prepare
Registering precompiled user dll's ...
Registered in 0.007588 seconds.
Begin MonoManager ReloadAssembly
Native extension for WindowsStandalone target not found
Refreshing native plugins compatible for Editor in 1.28 ms, found 3 plugins.
Preloading 0 native plugins for Editor in 0.00 ms.
Mono: successfully reloaded assembly
- Completed reload, in  1.240 seconds
Domain Reload Profiling:
	ReloadAssembly (1241ms)
		BeginReloadAssembly (142ms)
			ExecutionOrderSort (0ms)
			DisableScriptedObjects (4ms)
			BackupInstance (0ms)
			ReleaseScriptingObjects (0ms)
			CreateAndSetChildDomain (34ms)
		EndReloadAssembly (1002ms)
			LoadAssemblies (104ms)
			RebuildTransferFunctionScriptingTraits (0ms)
			SetupTypeCache (300ms)
			ReleaseScriptCaches (2ms)
			RebuildScriptCaches (54ms)
			SetupLoadedEditorAssemblies (501ms)
				LogAssemblyErrors (0ms)
				InitializePlatformSupportModulesInManaged (7ms)
				SetLoadedEditorAssemblies (1ms)
				RefreshPlugins (1ms)
				BeforeProcessingInitializeOnLoad (69ms)
				ProcessInitializeOnLoadAttributes (388ms)
				ProcessInitializeOnLoadMethodAttributes (25ms)
				AfterProcessingInitializeOnLoad (10ms)
				EditorAssembliesLoaded (0ms)
			ExecutionOrderSort2 (0ms)
			AwakeInstancesAfterBackupRestoration (8ms)
Platform modules already initialized, skipping
Refreshing native plugins compatible for Editor in 1.74 ms, found 3 plugins.
Preloading 0 native plugins for Editor in 0.00 ms.
Unloading 3860 Unused Serialized files (Serialized files now loaded: 0)
Unloading 31 unused Assets / (1.5 MB). Loaded Objects now: 4492.
Memory consumption went from 183.6 MB to 182.1 MB.
Total: 3.384000 ms (FindLiveObjects: 0.406400 ms CreateObjectMapping: 0.238900 ms MarkObjects: 2.432800 ms  DeleteObjects: 0.303600 ms)

AssetImportParameters requested are different than current active one (requested -> active):
  custom:video-decoder-ogg-theora: a1e56fd34408186e4bbccfd4996cb3dc -> 
  custom:container-muxer-webm: aa71ff27fc2769a1b78a27578f13a17b -> 
  custom:container-demuxer-webm: 4f35f7cbe854078d1ac9338744f61a02 -> 
  custom:video-encoder-webm-vp8: eb34c28f22e8b96e1ab97ce403110664 -> 
  custom:video-codec-MediaFoundation-h265: 746d11721c4dcdbdad8f713fa42b33f4 -> 
  custom:CustomObjectIndexerAttribute: bc11b3a6c3213fcdd17b65e7da85e133 -> 
  custom:audio-encoder-webm-vorbis: bf7c407c2cedff20999df2af8eb42d56 -> 
  custom:framework-win-MediaFoundation: 216162199b28c13a410421893ffa2e32 -> 
  custom:SearchIndexIgnoredProperties: e643bd26f0fe6173181afceb89e7c659 -> 
  custom:container-demuxer-ogg: 62fdf1f143b41e24485cea50d1cbac27 -> 
  custom:video-decoder-webm-vp8: 9c59270c3fd7afecdb556c50c9e8de78 -> 
  custom:audio-decoder-ogg-vorbis: bf7c407c2cedff20999df2af8eb42d56 -> 
========================================================================
Received Prepare
Registering precompiled user dll's ...
Registered in 0.005459 seconds.
Begin MonoManager ReloadAssembly
Native extension for WindowsStandalone target not found
Refreshing native plugins compatible for Editor in 1.39 ms, found 3 plugins.
Preloading 0 native plugins for Editor in 0.00 ms.
Mono: successfully reloaded assembly
- Completed reload, in  1.313 seconds
Domain Reload Profiling:
	ReloadAssembly (1314ms)
		BeginReloadAssembly (147ms)
			ExecutionOrderSort (0ms)
			DisableScriptedObjects (6ms)
			BackupInstance (0ms)
			ReleaseScriptingObjects (0ms)
			CreateAndSetChildDomain (31ms)
		EndReloadAssembly (1072ms)
			LoadAssemblies (108ms)
			RebuildTransferFunctionScriptingTraits (0ms)
			SetupTypeCache (356ms)
			ReleaseScriptCaches (2ms)
			RebuildScriptCaches (51ms)
			SetupLoadedEditorAssemblies (515ms)
				LogAssemblyErrors (0ms)
				InitializePlatformSupportModulesInManaged (9ms)
				SetLoadedEditorAssemblies (1ms)
				RefreshPlugins (2ms)
				BeforeProcessingInitializeOnLoad (77ms)
				ProcessInitializeOnLoadAttributes (382ms)
				ProcessInitializeOnLoadMethodAttributes (32ms)
				AfterProcessingInitializeOnLoad (14ms)
				EditorAssembliesLoaded (0ms)
			ExecutionOrderSort2 (0ms)
			AwakeInstancesAfterBackupRestoration (11ms)
Platform modules already initialized, skipping
Refreshing native plugins compatible for Editor in 1.27 ms, found 3 plugins.
Preloading 0 native plugins for Editor in 0.00 ms.
Unloading 3860 Unused Serialized files (Serialized files now loaded: 0)
Unloading 31 unused Assets / (1.5 MB). Loaded Objects now: 4495.
Memory consumption went from 183.6 MB to 182.1 MB.
Total: 3.502800 ms (FindLiveObjects: 0.439700 ms CreateObjectMapping: 0.161700 ms MarkObjects: 2.586600 ms  DeleteObjects: 0.313000 ms)

AssetImportParameters requested are different than current active one (requested -> active):
  custom:video-decoder-ogg-theora: a1e56fd34408186e4bbccfd4996cb3dc -> 
  custom:container-muxer-webm: aa71ff27fc2769a1b78a27578f13a17b -> 
  custom:container-demuxer-webm: 4f35f7cbe854078d1ac9338744f61a02 -> 
  custom:video-encoder-webm-vp8: eb34c28f22e8b96e1ab97ce403110664 -> 
  custom:video-codec-MediaFoundation-h265: 746d11721c4dcdbdad8f713fa42b33f4 -> 
  custom:CustomObjectIndexerAttribute: bc11b3a6c3213fcdd17b65e7da85e133 -> 
  custom:audio-encoder-webm-vorbis: bf7c407c2cedff20999df2af8eb42d56 -> 
  custom:framework-win-MediaFoundation: 216162199b28c13a410421893ffa2e32 -> 
  custom:SearchIndexIgnoredProperties: e643bd26f0fe6173181afceb89e7c659 -> 
  custom:container-demuxer-ogg: 62fdf1f143b41e24485cea50d1cbac27 -> 
  custom:video-decoder-webm-vp8: 9c59270c3fd7afecdb556c50c9e8de78 -> 
  custom:audio-decoder-ogg-vorbis: bf7c407c2cedff20999df2af8eb42d56 -> 
========================================================================
Received Prepare
Registering precompiled user dll's ...
Registered in 0.005566 seconds.
Begin MonoManager ReloadAssembly
Native extension for WindowsStandalone target not found
Refreshing native plugins compatible for Editor in 1.13 ms, found 3 plugins.
Preloading 0 native plugins for Editor in 0.00 ms.
Mono: successfully reloaded assembly
- Completed reload, in  1.506 seconds
Domain Reload Profiling:
	ReloadAssembly (1507ms)
		BeginReloadAssembly (327ms)
			ExecutionOrderSort (0ms)
			DisableScriptedObjects (14ms)
			BackupInstance (0ms)
			ReleaseScriptingObjects (0ms)
			CreateAndSetChildDomain (127ms)
		EndReloadAssembly (1067ms)
			LoadAssemblies (139ms)
			RebuildTransferFunctionScriptingTraits (0ms)
			SetupTypeCache (356ms)
			ReleaseScriptCaches (3ms)
			RebuildScriptCaches (51ms)
			SetupLoadedEditorAssemblies (509ms)
				LogAssemblyErrors (0ms)
				InitializePlatformSupportModulesInManaged (7ms)
				SetLoadedEditorAssemblies (1ms)
				RefreshPlugins (1ms)
				BeforeProcessingInitializeOnLoad (72ms)
				ProcessInitializeOnLoadAttributes (394ms)
				ProcessInitializeOnLoadMethodAttributes (24ms)
				AfterProcessingInitializeOnLoad (10ms)
				EditorAssembliesLoaded (0ms)
			ExecutionOrderSort2 (0ms)
			AwakeInstancesAfterBackupRestoration (8ms)
Platform modules already initialized, skipping
Refreshing native plugins compatible for Editor in 1.07 ms, found 3 plugins.
Preloading 0 native plugins for Editor in 0.00 ms.
Unloading 3860 Unused Serialized files (Serialized files now loaded: 0)
Unloading 31 unused Assets / (1.5 MB). Loaded Objects now: 4498.
Memory consumption went from 183.6 MB to 182.1 MB.
Total: 4.258700 ms (FindLiveObjects: 0.376400 ms CreateObjectMapping: 0.127300 ms MarkObjects: 3.205200 ms  DeleteObjects: 0.547600 ms)

AssetImportParameters requested are different than current active one (requested -> active):
  custom:video-decoder-ogg-theora: a1e56fd34408186e4bbccfd4996cb3dc -> 
  custom:container-muxer-webm: aa71ff27fc2769a1b78a27578f13a17b -> 
  custom:container-demuxer-webm: 4f35f7cbe854078d1ac9338744f61a02 -> 
  custom:video-encoder-webm-vp8: eb34c28f22e8b96e1ab97ce403110664 -> 
  custom:video-codec-MediaFoundation-h265: 746d11721c4dcdbdad8f713fa42b33f4 -> 
  custom:CustomObjectIndexerAttribute: bc11b3a6c3213fcdd17b65e7da85e133 -> 
  custom:audio-encoder-webm-vorbis: bf7c407c2cedff20999df2af8eb42d56 -> 
  custom:framework-win-MediaFoundation: 216162199b28c13a410421893ffa2e32 -> 
  custom:SearchIndexIgnoredProperties: e643bd26f0fe6173181afceb89e7c659 -> 
  custom:container-demuxer-ogg: 62fdf1f143b41e24485cea50d1cbac27 -> 
  custom:video-decoder-webm-vp8: 9c59270c3fd7afecdb556c50c9e8de78 -> 
  custom:audio-decoder-ogg-vorbis: bf7c407c2cedff20999df2af8eb42d56 -> 
========================================================================
Received Prepare
Registering precompiled user dll's ...
Registered in 0.006379 seconds.
Begin MonoManager ReloadAssembly
Native extension for WindowsStandalone target not found
Refreshing native plugins compatible for Editor in 1.38 ms, found 3 plugins.
Preloading 0 native plugins for Editor in 0.00 ms.
Mono: successfully reloaded assembly
- Completed reload, in  1.290 seconds
Domain Reload Profiling:
	ReloadAssembly (1291ms)
		BeginReloadAssembly (169ms)
			ExecutionOrderSort (0ms)
			DisableScriptedObjects (4ms)
			BackupInstance (0ms)
			ReleaseScriptingObjects (0ms)
			CreateAndSetChildDomain (43ms)
		EndReloadAssembly (1029ms)
			LoadAssemblies (100ms)
			RebuildTransferFunctionScriptingTraits (0ms)
			SetupTypeCache (291ms)
			ReleaseScriptCaches (2ms)
			RebuildScriptCaches (53ms)
			SetupLoadedEditorAssemblies (533ms)
				LogAssemblyErrors (0ms)
				InitializePlatformSupportModulesInManaged (8ms)
				SetLoadedEditorAssemblies (1ms)
				RefreshPlugins (2ms)
				BeforeProcessingInitializeOnLoad (80ms)
				ProcessInitializeOnLoadAttributes (401ms)
				ProcessInitializeOnLoadMethodAttributes (31ms)
				AfterProcessingInitializeOnLoad (10ms)
				EditorAssembliesLoaded (0ms)
			ExecutionOrderSort2 (0ms)
			AwakeInstancesAfterBackupRestoration (8ms)
Platform modules already initialized, skipping
Refreshing native plugins compatible for Editor in 1.10 ms, found 3 plugins.
Preloading 0 native plugins for Editor in 0.00 ms.
Unloading 3860 Unused Serialized files (Serialized files now loaded: 0)
Unloading 31 unused Assets / (1.5 MB). Loaded Objects now: 4501.
Memory consumption went from 183.6 MB to 182.1 MB.
Total: 4.906300 ms (FindLiveObjects: 0.756900 ms CreateObjectMapping: 0.825400 ms MarkObjects: 2.874400 ms  DeleteObjects: 0.447600 ms)

AssetImportParameters requested are different than current active one (requested -> active):
  custom:video-decoder-ogg-theora: a1e56fd34408186e4bbccfd4996cb3dc -> 
  custom:container-muxer-webm: aa71ff27fc2769a1b78a27578f13a17b -> 
  custom:container-demuxer-webm: 4f35f7cbe854078d1ac9338744f61a02 -> 
  custom:video-encoder-webm-vp8: eb34c28f22e8b96e1ab97ce403110664 -> 
  custom:video-codec-MediaFoundation-h265: 746d11721c4dcdbdad8f713fa42b33f4 -> 
  custom:CustomObjectIndexerAttribute: bc11b3a6c3213fcdd17b65e7da85e133 -> 
  custom:audio-encoder-webm-vorbis: bf7c407c2cedff20999df2af8eb42d56 -> 
  custom:framework-win-MediaFoundation: 216162199b28c13a410421893ffa2e32 -> 
  custom:SearchIndexIgnoredProperties: e643bd26f0fe6173181afceb89e7c659 -> 
  custom:container-demuxer-ogg: 62fdf1f143b41e24485cea50d1cbac27 -> 
  custom:video-decoder-webm-vp8: 9c59270c3fd7afecdb556c50c9e8de78 -> 
  custom:audio-decoder-ogg-vorbis: bf7c407c2cedff20999df2af8eb42d56 -> 
========================================================================
Received Prepare
Registering precompiled user dll's ...
Registered in 0.005154 seconds.
Begin MonoManager ReloadAssembly
Native extension for WindowsStandalone target not found
Refreshing native plugins compatible for Editor in 0.97 ms, found 3 plugins.
Preloading 0 native plugins for Editor in 0.00 ms.
Mono: successfully reloaded assembly
- Completed reload, in  1.345 seconds
Domain Reload Profiling:
	ReloadAssembly (1346ms)
		BeginReloadAssembly (240ms)
			ExecutionOrderSort (0ms)
			DisableScriptedObjects (8ms)
			BackupInstance (0ms)
			ReleaseScriptingObjects (0ms)
			CreateAndSetChildDomain (59ms)
		EndReloadAssembly (979ms)
			LoadAssemblies (156ms)
			RebuildTransferFunctionScriptingTraits (0ms)
			SetupTypeCache (310ms)
			ReleaseScriptCaches (3ms)
			RebuildScriptCaches (48ms)
			SetupLoadedEditorAssemblies (478ms)
				LogAssemblyErrors (0ms)
				InitializePlatformSupportModulesInManaged (7ms)
				SetLoadedEditorAssemblies (0ms)
				RefreshPlugins (1ms)
				BeforeProcessingInitializeOnLoad (64ms)
				ProcessInitializeOnLoadAttributes (367ms)
				ProcessInitializeOnLoadMethodAttributes (27ms)
				AfterProcessingInitializeOnLoad (11ms)
				EditorAssembliesLoaded (0ms)
			ExecutionOrderSort2 (0ms)
			AwakeInstancesAfterBackupRestoration (9ms)
Platform modules already initialized, skipping
Refreshing native plugins compatible for Editor in 1.08 ms, found 3 plugins.
Preloading 0 native plugins for Editor in 0.00 ms.
Unloading 3860 Unused Serialized files (Serialized files now loaded: 0)
Unloading 31 unused Assets / (1.5 MB). Loaded Objects now: 4504.
Memory consumption went from 183.6 MB to 182.1 MB.
Total: 4.399600 ms (FindLiveObjects: 0.417700 ms CreateObjectMapping: 0.314100 ms MarkObjects: 3.302000 ms  DeleteObjects: 0.364200 ms)

AssetImportParameters requested are different than current active one (requested -> active):
  custom:video-decoder-ogg-theora: a1e56fd34408186e4bbccfd4996cb3dc -> 
  custom:container-muxer-webm: aa71ff27fc2769a1b78a27578f13a17b -> 
  custom:container-demuxer-webm: 4f35f7cbe854078d1ac9338744f61a02 -> 
  custom:video-encoder-webm-vp8: eb34c28f22e8b96e1ab97ce403110664 -> 
  custom:video-codec-MediaFoundation-h265: 746d11721c4dcdbdad8f713fa42b33f4 -> 
  custom:CustomObjectIndexerAttribute: bc11b3a6c3213fcdd17b65e7da85e133 -> 
  custom:audio-encoder-webm-vorbis: bf7c407c2cedff20999df2af8eb42d56 -> 
  custom:framework-win-MediaFoundation: 216162199b28c13a410421893ffa2e32 -> 
  custom:SearchIndexIgnoredProperties: e643bd26f0fe6173181afceb89e7c659 -> 
  custom:container-demuxer-ogg: 62fdf1f143b41e24485cea50d1cbac27 -> 
  custom:video-decoder-webm-vp8: 9c59270c3fd7afecdb556c50c9e8de78 -> 
  custom:audio-decoder-ogg-vorbis: bf7c407c2cedff20999df2af8eb42d56 -> 
========================================================================
Received Prepare
Registering precompiled user dll's ...
Registered in 0.005652 seconds.
Begin MonoManager ReloadAssembly
Native extension for WindowsStandalone target not found
Refreshing native plugins compatible for Editor in 1.60 ms, found 3 plugins.
Preloading 0 native plugins for Editor in 0.00 ms.
Mono: successfully reloaded assembly
- Completed reload, in  1.295 seconds
Domain Reload Profiling:
	ReloadAssembly (1296ms)
		BeginReloadAssembly (168ms)
			ExecutionOrderSort (0ms)
			DisableScriptedObjects (4ms)
			BackupInstance (0ms)
			ReleaseScriptingObjects (0ms)
			CreateAndSetChildDomain (42ms)
		EndReloadAssembly (1037ms)
			LoadAssemblies (116ms)
			RebuildTransferFunctionScriptingTraits (0ms)
			SetupTypeCache (274ms)
			ReleaseScriptCaches (2ms)
			RebuildScriptCaches (56ms)
			SetupLoadedEditorAssemblies (555ms)
				LogAssemblyErrors (0ms)
				InitializePlatformSupportModulesInManaged (8ms)
				SetLoadedEditorAssemblies (1ms)
				RefreshPlugins (2ms)
				BeforeProcessingInitializeOnLoad (85ms)
				ProcessInitializeOnLoadAttributes (427ms)
				ProcessInitializeOnLoadMethodAttributes (24ms)
				AfterProcessingInitializeOnLoad (8ms)
				EditorAssembliesLoaded (0ms)
			ExecutionOrderSort2 (0ms)
			AwakeInstancesAfterBackupRestoration (8ms)
Platform modules already initialized, skipping
Refreshing native plugins compatible for Editor in 1.62 ms, found 3 plugins.
Preloading 0 native plugins for Editor in 0.00 ms.
Unloading 3860 Unused Serialized files (Serialized files now loaded: 0)
Unloading 31 unused Assets / (1.5 MB). Loaded Objects now: 4507.
Memory consumption went from 183.6 MB to 182.1 MB.
Total: 4.309200 ms (FindLiveObjects: 0.350200 ms CreateObjectMapping: 0.251400 ms MarkObjects: 3.110300 ms  DeleteObjects: 0.594800 ms)

AssetImportParameters requested are different than current active one (requested -> active):
  custom:video-decoder-ogg-theora: a1e56fd34408186e4bbccfd4996cb3dc -> 
  custom:container-muxer-webm: aa71ff27fc2769a1b78a27578f13a17b -> 
  custom:container-demuxer-webm: 4f35f7cbe854078d1ac9338744f61a02 -> 
  custom:video-encoder-webm-vp8: eb34c28f22e8b96e1ab97ce403110664 -> 
  custom:video-codec-MediaFoundation-h265: 746d11721c4dcdbdad8f713fa42b33f4 -> 
  custom:CustomObjectIndexerAttribute: bc11b3a6c3213fcdd17b65e7da85e133 -> 
  custom:audio-encoder-webm-vorbis: bf7c407c2cedff20999df2af8eb42d56 -> 
  custom:framework-win-MediaFoundation: 216162199b28c13a410421893ffa2e32 -> 
  custom:SearchIndexIgnoredProperties: e643bd26f0fe6173181afceb89e7c659 -> 
  custom:container-demuxer-ogg: 62fdf1f143b41e24485cea50d1cbac27 -> 
  custom:video-decoder-webm-vp8: 9c59270c3fd7afecdb556c50c9e8de78 -> 
  custom:audio-decoder-ogg-vorbis: bf7c407c2cedff20999df2af8eb42d56 -> 
========================================================================
Received Prepare
Registering precompiled user dll's ...
Registered in 0.006454 seconds.
Begin MonoManager ReloadAssembly
Native extension for WindowsStandalone target not found
Refreshing native plugins compatible for Editor in 1.28 ms, found 3 plugins.
Preloading 0 native plugins for Editor in 0.00 ms.
Mono: successfully reloaded assembly
- Completed reload, in  1.264 seconds
Domain Reload Profiling:
	ReloadAssembly (1265ms)
		BeginReloadAssembly (159ms)
			ExecutionOrderSort (0ms)
			DisableScriptedObjects (4ms)
			BackupInstance (0ms)
			ReleaseScriptingObjects (0ms)
			CreateAndSetChildDomain (34ms)
		EndReloadAssembly (1000ms)
			LoadAssemblies (123ms)
			RebuildTransferFunctionScriptingTraits (0ms)
			SetupTypeCache (268ms)
			ReleaseScriptCaches (2ms)
			RebuildScriptCaches (45ms)
			SetupLoadedEditorAssemblies (540ms)
				LogAssemblyErrors (0ms)
				InitializePlatformSupportModulesInManaged (7ms)
				SetLoadedEditorAssemblies (1ms)
				RefreshPlugins (1ms)
				BeforeProcessingInitializeOnLoad (76ms)
				ProcessInitializeOnLoadAttributes (418ms)
				ProcessInitializeOnLoadMethodAttributes (26ms)
				AfterProcessingInitializeOnLoad (11ms)
				EditorAssembliesLoaded (0ms)
			ExecutionOrderSort2 (0ms)
			AwakeInstancesAfterBackupRestoration (8ms)
Platform modules already initialized, skipping
Refreshing native plugins compatible for Editor in 1.04 ms, found 3 plugins.
Preloading 0 native plugins for Editor in 0.00 ms.
Unloading 3860 Unused Serialized files (Serialized files now loaded: 0)
Unloading 31 unused Assets / (1.5 MB). Loaded Objects now: 4510.
Memory consumption went from 183.6 MB to 182.2 MB.
Total: 3.401900 ms (FindLiveObjects: 0.454500 ms CreateObjectMapping: 0.210600 ms MarkObjects: 2.441600 ms  DeleteObjects: 0.293400 ms)

AssetImportParameters requested are different than current active one (requested -> active):
  custom:video-decoder-ogg-theora: a1e56fd34408186e4bbccfd4996cb3dc -> 
  custom:container-muxer-webm: aa71ff27fc2769a1b78a27578f13a17b -> 
  custom:container-demuxer-webm: 4f35f7cbe854078d1ac9338744f61a02 -> 
  custom:video-encoder-webm-vp8: eb34c28f22e8b96e1ab97ce403110664 -> 
  custom:video-codec-MediaFoundation-h265: 746d11721c4dcdbdad8f713fa42b33f4 -> 
  custom:CustomObjectIndexerAttribute: bc11b3a6c3213fcdd17b65e7da85e133 -> 
  custom:audio-encoder-webm-vorbis: bf7c407c2cedff20999df2af8eb42d56 -> 
  custom:framework-win-MediaFoundation: 216162199b28c13a410421893ffa2e32 -> 
  custom:SearchIndexIgnoredProperties: e643bd26f0fe6173181afceb89e7c659 -> 
  custom:container-demuxer-ogg: 62fdf1f143b41e24485cea50d1cbac27 -> 
  custom:video-decoder-webm-vp8: 9c59270c3fd7afecdb556c50c9e8de78 -> 
  custom:audio-decoder-ogg-vorbis: bf7c407c2cedff20999df2af8eb42d56 -> 
========================================================================
Received Import Request.
  Time since last request: 14156.304144 seconds.
  path: Assets/Thaleah_PixelFont/Materials/Thaleah_DemoBackground.png
  artifactKey: Guid(b324a4685d480b346b084e8a5dbacbde) Importer(815301076,1909f56bfc062723c751e8b465ee728b)
Number of updated assets reloaded before import = 0
Start importing Assets/Thaleah_PixelFont/Materials/Thaleah_DemoBackground.png using Guid(b324a4685d480b346b084e8a5dbacbde) Importer(815301076,1909f56bfc062723c751e8b465ee728b)  -> (artifact id: 'a8b3ca996e5128dc1d22c2917c282030') in 0.222817 seconds 
Number of asset objects unloaded after import = 3
========================================================================
Received Prepare
Registering precompiled user dll's ...
Registered in 0.005425 seconds.
Begin MonoManager ReloadAssembly
Native extension for WindowsStandalone target not found
Refreshing native plugins compatible for Editor in 1.07 ms, found 3 plugins.
Preloading 0 native plugins for Editor in 0.00 ms.
Mono: successfully reloaded assembly
- Completed reload, in  1.182 seconds
Domain Reload Profiling:
	ReloadAssembly (1183ms)
		BeginReloadAssembly (161ms)
			ExecutionOrderSort (0ms)
			DisableScriptedObjects (4ms)
			BackupInstance (0ms)
			ReleaseScriptingObjects (0ms)
			CreateAndSetChildDomain (36ms)
		EndReloadAssembly (925ms)
			LoadAssemblies (112ms)
			RebuildTransferFunctionScriptingTraits (0ms)
			SetupTypeCache (240ms)
			ReleaseScriptCaches (2ms)
			RebuildScriptCaches (46ms)
			SetupLoadedEditorAssemblies (507ms)
				LogAssemblyErrors (0ms)
				InitializePlatformSupportModulesInManaged (12ms)
				SetLoadedEditorAssemblies (1ms)
				RefreshPlugins (1ms)
				BeforeProcessingInitializeOnLoad (75ms)
				ProcessInitializeOnLoadAttributes (382ms)
				ProcessInitializeOnLoadMethodAttributes (26ms)
				AfterProcessingInitializeOnLoad (10ms)
				EditorAssembliesLoaded (0ms)
			ExecutionOrderSort2 (0ms)
			AwakeInstancesAfterBackupRestoration (8ms)
Platform modules already initialized, skipping
Refreshing native plugins compatible for Editor in 0.95 ms, found 3 plugins.
Preloading 0 native plugins for Editor in 0.00 ms.
Unloading 3860 Unused Serialized files (Serialized files now loaded: 0)
Unloading 31 unused Assets / (1.5 MB). Loaded Objects now: 4517.
Memory consumption went from 183.6 MB to 182.2 MB.
Total: 3.569900 ms (FindLiveObjects: 0.356700 ms CreateObjectMapping: 0.134700 ms MarkObjects: 2.663800 ms  DeleteObjects: 0.413300 ms)

AssetImportParameters requested are different than current active one (requested -> active):
  custom:video-decoder-ogg-theora: a1e56fd34408186e4bbccfd4996cb3dc -> 
  custom:container-muxer-webm: aa71ff27fc2769a1b78a27578f13a17b -> 
  custom:container-demuxer-webm: 4f35f7cbe854078d1ac9338744f61a02 -> 
  custom:video-encoder-webm-vp8: eb34c28f22e8b96e1ab97ce403110664 -> 
  custom:video-codec-MediaFoundation-h265: 746d11721c4dcdbdad8f713fa42b33f4 -> 
  custom:CustomObjectIndexerAttribute: bc11b3a6c3213fcdd17b65e7da85e133 -> 
  custom:audio-encoder-webm-vorbis: bf7c407c2cedff20999df2af8eb42d56 -> 
  custom:framework-win-MediaFoundation: 216162199b28c13a410421893ffa2e32 -> 
  custom:SearchIndexIgnoredProperties: e643bd26f0fe6173181afceb89e7c659 -> 
  custom:container-demuxer-ogg: 62fdf1f143b41e24485cea50d1cbac27 -> 
  custom:video-decoder-webm-vp8: 9c59270c3fd7afecdb556c50c9e8de78 -> 
  custom:audio-decoder-ogg-vorbis: bf7c407c2cedff20999df2af8eb42d56 -> 
========================================================================
Received Prepare
Registering precompiled user dll's ...
Registered in 0.008450 seconds.
Begin MonoManager ReloadAssembly
Native extension for WindowsStandalone target not found
Refreshing native plugins compatible for Editor in 1.04 ms, found 3 plugins.
Preloading 0 native plugins for Editor in 0.00 ms.
Mono: successfully reloaded assembly
- Completed reload, in  1.184 seconds
Domain Reload Profiling:
	ReloadAssembly (1185ms)
		BeginReloadAssembly (160ms)
			ExecutionOrderSort (0ms)
			DisableScriptedObjects (4ms)
			BackupInstance (0ms)
			ReleaseScriptingObjects (0ms)
			CreateAndSetChildDomain (38ms)
		EndReloadAssembly (935ms)
			LoadAssemblies (107ms)
			RebuildTransferFunctionScriptingTraits (0ms)
			SetupTypeCache (284ms)
			ReleaseScriptCaches (2ms)
			RebuildScriptCaches (48ms)
			SetupLoadedEditorAssemblies (474ms)
				LogAssemblyErrors (0ms)
				InitializePlatformSupportModulesInManaged (6ms)
				SetLoadedEditorAssemblies (0ms)
				RefreshPlugins (1ms)
				BeforeProcessingInitializeOnLoad (70ms)
				ProcessInitializeOnLoadAttributes (362ms)
				ProcessInitializeOnLoadMethodAttributes (25ms)
				AfterProcessingInitializeOnLoad (10ms)
				EditorAssembliesLoaded (0ms)
			ExecutionOrderSort2 (0ms)
			AwakeInstancesAfterBackupRestoration (6ms)
Platform modules already initialized, skipping
Refreshing native plugins compatible for Editor in 1.27 ms, found 3 plugins.
Preloading 0 native plugins for Editor in 0.00 ms.
Unloading 3860 Unused Serialized files (Serialized files now loaded: 0)
Unloading 31 unused Assets / (1.5 MB). Loaded Objects now: 4520.
Memory consumption went from 183.7 MB to 182.2 MB.
Total: 3.250100 ms (FindLiveObjects: 0.327500 ms CreateObjectMapping: 0.119000 ms MarkObjects: 2.313900 ms  DeleteObjects: 0.488100 ms)

AssetImportParameters requested are different than current active one (requested -> active):
  custom:video-decoder-ogg-theora: a1e56fd34408186e4bbccfd4996cb3dc -> 
  custom:container-muxer-webm: aa71ff27fc2769a1b78a27578f13a17b -> 
  custom:container-demuxer-webm: 4f35f7cbe854078d1ac9338744f61a02 -> 
  custom:video-encoder-webm-vp8: eb34c28f22e8b96e1ab97ce403110664 -> 
  custom:video-codec-MediaFoundation-h265: 746d11721c4dcdbdad8f713fa42b33f4 -> 
  custom:CustomObjectIndexerAttribute: bc11b3a6c3213fcdd17b65e7da85e133 -> 
  custom:audio-encoder-webm-vorbis: bf7c407c2cedff20999df2af8eb42d56 -> 
  custom:framework-win-MediaFoundation: 216162199b28c13a410421893ffa2e32 -> 
  custom:SearchIndexIgnoredProperties: e643bd26f0fe6173181afceb89e7c659 -> 
  custom:container-demuxer-ogg: 62fdf1f143b41e24485cea50d1cbac27 -> 
  custom:video-decoder-webm-vp8: 9c59270c3fd7afecdb556c50c9e8de78 -> 
  custom:audio-decoder-ogg-vorbis: bf7c407c2cedff20999df2af8eb42d56 -> 
========================================================================
Received Import Request.
  Time since last request: 527.541322 seconds.
  path: Assets/Other/TestFood.asset
  artifactKey: Guid(2929c6cbcc37e9a4eb02f1a0f5650e47) Importer(815301076,1909f56bfc062723c751e8b465ee728b)
Number of updated assets reloaded before import = 0
Start importing Assets/Other/TestFood.asset using Guid(2929c6cbcc37e9a4eb02f1a0f5650e47) Importer(815301076,1909f56bfc062723c751e8b465ee728b)  -> (artifact id: '92de739f3362f88260350765c54a6638') in 0.049556 seconds 
Number of asset objects unloaded after import = 13
========================================================================
Received Import Request.
  Time since last request: 0.000026 seconds.
  path: Assets/Other/TestSideQuest 3.asset
  artifactKey: Guid(7c21829626cef204fb3962b5027ae5e6) Importer(815301076,1909f56bfc062723c751e8b465ee728b)
Number of updated assets reloaded before import = 0
Start importing Assets/Other/TestSideQuest 3.asset using Guid(7c21829626cef204fb3962b5027ae5e6) Importer(815301076,1909f56bfc062723c751e8b465ee728b)  -> (artifact id: '2e172238652b8d38f6601dce17d4a0ac') in 0.038423 seconds 
Number of asset objects unloaded after import = 169
========================================================================
Received Import Request.
  Time since last request: 0.000030 seconds.
  path: Assets/Other/TestSideQuest 2.asset
  artifactKey: Guid(6de99d54b19bf9e44a2bb318e57e630d) Importer(815301076,1909f56bfc062723c751e8b465ee728b)
Number of updated assets reloaded before import = 0
Start importing Assets/Other/TestSideQuest 2.asset using Guid(6de99d54b19bf9e44a2bb318e57e630d) Importer(815301076,1909f56bfc062723c751e8b465ee728b)  -> (artifact id: '22fa668166ed24101b0bcba3ed9ac161') in 0.012950 seconds 
Number of asset objects unloaded after import = 169
========================================================================
Received Prepare
Registering precompiled user dll's ...
Registered in 0.006427 seconds.
Begin MonoManager ReloadAssembly
Native extension for WindowsStandalone target not found
Refreshing native plugins compatible for Editor in 1.27 ms, found 3 plugins.
Preloading 0 native plugins for Editor in 0.00 ms.
Mono: successfully reloaded assembly
- Completed reload, in  1.339 seconds
Domain Reload Profiling:
	ReloadAssembly (1340ms)
		BeginReloadAssembly (170ms)
			ExecutionOrderSort (0ms)
			DisableScriptedObjects (4ms)
			BackupInstance (0ms)
			ReleaseScriptingObjects (0ms)
			CreateAndSetChildDomain (36ms)
		EndReloadAssembly (1056ms)
			LoadAssemblies (120ms)
			RebuildTransferFunctionScriptingTraits (0ms)
			SetupTypeCache (290ms)
			ReleaseScriptCaches (2ms)
			RebuildScriptCaches (51ms)
			SetupLoadedEditorAssemblies (557ms)
				LogAssemblyErrors (0ms)
				InitializePlatformSupportModulesInManaged (7ms)
				SetLoadedEditorAssemblies (1ms)
				RefreshPlugins (1ms)
				BeforeProcessingInitializeOnLoad (72ms)
				ProcessInitializeOnLoadAttributes (428ms)
				ProcessInitializeOnLoadMethodAttributes (32ms)
				AfterProcessingInitializeOnLoad (15ms)
				EditorAssembliesLoaded (0ms)
			ExecutionOrderSort2 (0ms)
			AwakeInstancesAfterBackupRestoration (11ms)
Platform modules already initialized, skipping
Refreshing native plugins compatible for Editor in 1.46 ms, found 3 plugins.
Preloading 0 native plugins for Editor in 0.00 ms.
Unloading 3860 Unused Serialized files (Serialized files now loaded: 0)
Unloading 34 unused Assets / (1.5 MB). Loaded Objects now: 4523.
Memory consumption went from 183.7 MB to 182.2 MB.
Total: 4.141900 ms (FindLiveObjects: 0.462300 ms CreateObjectMapping: 0.345100 ms MarkObjects: 2.939600 ms  DeleteObjects: 0.393100 ms)

AssetImportParameters requested are different than current active one (requested -> active):
  custom:video-decoder-ogg-theora: a1e56fd34408186e4bbccfd4996cb3dc -> 
  custom:container-muxer-webm: aa71ff27fc2769a1b78a27578f13a17b -> 
  custom:container-demuxer-webm: 4f35f7cbe854078d1ac9338744f61a02 -> 
  custom:video-encoder-webm-vp8: eb34c28f22e8b96e1ab97ce403110664 -> 
  custom:video-codec-MediaFoundation-h265: 746d11721c4dcdbdad8f713fa42b33f4 -> 
  custom:CustomObjectIndexerAttribute: bc11b3a6c3213fcdd17b65e7da85e133 -> 
  custom:audio-encoder-webm-vorbis: bf7c407c2cedff20999df2af8eb42d56 -> 
  custom:framework-win-MediaFoundation: 216162199b28c13a410421893ffa2e32 -> 
  custom:SearchIndexIgnoredProperties: e643bd26f0fe6173181afceb89e7c659 -> 
  custom:container-demuxer-ogg: 62fdf1f143b41e24485cea50d1cbac27 -> 
  custom:video-decoder-webm-vp8: 9c59270c3fd7afecdb556c50c9e8de78 -> 
  custom:audio-decoder-ogg-vorbis: bf7c407c2cedff20999df2af8eb42d56 -> 
========================================================================
Received Prepare
Registering precompiled user dll's ...
Registered in 0.005568 seconds.
Begin MonoManager ReloadAssembly
Native extension for WindowsStandalone target not found
Refreshing native plugins compatible for Editor in 0.80 ms, found 3 plugins.
Preloading 0 native plugins for Editor in 0.00 ms.
Mono: successfully reloaded assembly
- Completed reload, in  1.206 seconds
Domain Reload Profiling:
	ReloadAssembly (1206ms)
		BeginReloadAssembly (157ms)
			ExecutionOrderSort (0ms)
			DisableScriptedObjects (5ms)
			BackupInstance (0ms)
			ReleaseScriptingObjects (0ms)
			CreateAndSetChildDomain (35ms)
		EndReloadAssembly (955ms)
			LoadAssemblies (104ms)
			RebuildTransferFunctionScriptingTraits (0ms)
			SetupTypeCache (272ms)
			ReleaseScriptCaches (2ms)
			RebuildScriptCaches (57ms)
			SetupLoadedEditorAssemblies (491ms)
				LogAssemblyErrors (0ms)
				InitializePlatformSupportModulesInManaged (5ms)
				SetLoadedEditorAssemblies (0ms)
				RefreshPlugins (1ms)
				BeforeProcessingInitializeOnLoad (66ms)
				ProcessInitializeOnLoadAttributes (385ms)
				ProcessInitializeOnLoadMethodAttributes (24ms)
				AfterProcessingInitializeOnLoad (9ms)
				EditorAssembliesLoaded (0ms)
			ExecutionOrderSort2 (0ms)
			AwakeInstancesAfterBackupRestoration (8ms)
Platform modules already initialized, skipping
Refreshing native plugins compatible for Editor in 1.31 ms, found 3 plugins.
Preloading 0 native plugins for Editor in 0.00 ms.
Unloading 3860 Unused Serialized files (Serialized files now loaded: 0)
Unloading 31 unused Assets / (1.5 MB). Loaded Objects now: 4526.
Memory consumption went from 183.7 MB to 182.2 MB.
Total: 3.360800 ms (FindLiveObjects: 0.322200 ms CreateObjectMapping: 0.120500 ms MarkObjects: 2.629300 ms  DeleteObjects: 0.287700 ms)

AssetImportParameters requested are different than current active one (requested -> active):
  custom:video-decoder-ogg-theora: a1e56fd34408186e4bbccfd4996cb3dc -> 
  custom:container-muxer-webm: aa71ff27fc2769a1b78a27578f13a17b -> 
  custom:container-demuxer-webm: 4f35f7cbe854078d1ac9338744f61a02 -> 
  custom:video-encoder-webm-vp8: eb34c28f22e8b96e1ab97ce403110664 -> 
  custom:video-codec-MediaFoundation-h265: 746d11721c4dcdbdad8f713fa42b33f4 -> 
  custom:CustomObjectIndexerAttribute: bc11b3a6c3213fcdd17b65e7da85e133 -> 
  custom:audio-encoder-webm-vorbis: bf7c407c2cedff20999df2af8eb42d56 -> 
  custom:framework-win-MediaFoundation: 216162199b28c13a410421893ffa2e32 -> 
  custom:SearchIndexIgnoredProperties: e643bd26f0fe6173181afceb89e7c659 -> 
  custom:container-demuxer-ogg: 62fdf1f143b41e24485cea50d1cbac27 -> 
  custom:video-decoder-webm-vp8: 9c59270c3fd7afecdb556c50c9e8de78 -> 
  custom:audio-decoder-ogg-vorbis: bf7c407c2cedff20999df2af8eb42d56 -> 
========================================================================
Received Prepare
Registering precompiled user dll's ...
Registered in 0.005348 seconds.
Begin MonoManager ReloadAssembly
Native extension for WindowsStandalone target not found
Refreshing native plugins compatible for Editor in 1.35 ms, found 3 plugins.
Preloading 0 native plugins for Editor in 0.00 ms.
Mono: successfully reloaded assembly
- Completed reload, in  1.278 seconds
Domain Reload Profiling:
	ReloadAssembly (1279ms)
		BeginReloadAssembly (143ms)
			ExecutionOrderSort (0ms)
			DisableScriptedObjects (4ms)
			BackupInstance (0ms)
			ReleaseScriptingObjects (0ms)
			CreateAndSetChildDomain (30ms)
		EndReloadAssembly (1009ms)
			LoadAssemblies (99ms)
			RebuildTransferFunctionScriptingTraits (0ms)
			SetupTypeCache (290ms)
			ReleaseScriptCaches (3ms)
			RebuildScriptCaches (49ms)
			SetupLoadedEditorAssemblies (530ms)
				LogAssemblyErrors (0ms)
				InitializePlatformSupportModulesInManaged (9ms)
				SetLoadedEditorAssemblies (1ms)
				RefreshPlugins (1ms)
				BeforeProcessingInitializeOnLoad (77ms)
				ProcessInitializeOnLoadAttributes (406ms)
				ProcessInitializeOnLoadMethodAttributes (25ms)
				AfterProcessingInitializeOnLoad (9ms)
				EditorAssembliesLoaded (0ms)
			ExecutionOrderSort2 (0ms)
			AwakeInstancesAfterBackupRestoration (8ms)
Platform modules already initialized, skipping
Refreshing native plugins compatible for Editor in 3.03 ms, found 3 plugins.
Preloading 0 native plugins for Editor in 0.00 ms.
Unloading 3860 Unused Serialized files (Serialized files now loaded: 0)
Unloading 31 unused Assets / (1.5 MB). Loaded Objects now: 4529.
Memory consumption went from 183.7 MB to 182.2 MB.
Total: 3.847800 ms (FindLiveObjects: 0.447800 ms CreateObjectMapping: 0.372800 ms MarkObjects: 2.723800 ms  DeleteObjects: 0.302300 ms)

AssetImportParameters requested are different than current active one (requested -> active):
  custom:video-decoder-ogg-theora: a1e56fd34408186e4bbccfd4996cb3dc -> 
  custom:container-muxer-webm: aa71ff27fc2769a1b78a27578f13a17b -> 
  custom:container-demuxer-webm: 4f35f7cbe854078d1ac9338744f61a02 -> 
  custom:video-encoder-webm-vp8: eb34c28f22e8b96e1ab97ce403110664 -> 
  custom:video-codec-MediaFoundation-h265: 746d11721c4dcdbdad8f713fa42b33f4 -> 
  custom:CustomObjectIndexerAttribute: bc11b3a6c3213fcdd17b65e7da85e133 -> 
  custom:audio-encoder-webm-vorbis: bf7c407c2cedff20999df2af8eb42d56 -> 
  custom:framework-win-MediaFoundation: 216162199b28c13a410421893ffa2e32 -> 
  custom:SearchIndexIgnoredProperties: e643bd26f0fe6173181afceb89e7c659 -> 
  custom:container-demuxer-ogg: 62fdf1f143b41e24485cea50d1cbac27 -> 
  custom:video-decoder-webm-vp8: 9c59270c3fd7afecdb556c50c9e8de78 -> 
  custom:audio-decoder-ogg-vorbis: bf7c407c2cedff20999df2af8eb42d56 -> 
========================================================================
Received Prepare
Registering precompiled user dll's ...
Registered in 0.005449 seconds.
Begin MonoManager ReloadAssembly
Native extension for WindowsStandalone target not found
Refreshing native plugins compatible for Editor in 0.87 ms, found 3 plugins.
Preloading 0 native plugins for Editor in 0.00 ms.
Mono: successfully reloaded assembly
- Completed reload, in  1.171 seconds
Domain Reload Profiling:
	ReloadAssembly (1171ms)
		BeginReloadAssembly (158ms)
			ExecutionOrderSort (0ms)
			DisableScriptedObjects (4ms)
			BackupInstance (0ms)
			ReleaseScriptingObjects (0ms)
			CreateAndSetChildDomain (35ms)
		EndReloadAssembly (929ms)
			LoadAssemblies (104ms)
			RebuildTransferFunctionScriptingTraits (0ms)
			SetupTypeCache (255ms)
			ReleaseScriptCaches (1ms)
			RebuildScriptCaches (39ms)
			SetupLoadedEditorAssemblies (509ms)
				LogAssemblyErrors (0ms)
				InitializePlatformSupportModulesInManaged (5ms)
				SetLoadedEditorAssemblies (0ms)
				RefreshPlugins (1ms)
				BeforeProcessingInitializeOnLoad (66ms)
				ProcessInitializeOnLoadAttributes (399ms)
				ProcessInitializeOnLoadMethodAttributes (27ms)
				AfterProcessingInitializeOnLoad (10ms)
				EditorAssembliesLoaded (0ms)
			ExecutionOrderSort2 (0ms)
			AwakeInstancesAfterBackupRestoration (8ms)
Platform modules already initialized, skipping
Refreshing native plugins compatible for Editor in 1.17 ms, found 3 plugins.
Preloading 0 native plugins for Editor in 0.00 ms.
Unloading 3860 Unused Serialized files (Serialized files now loaded: 0)
Unloading 31 unused Assets / (1.5 MB). Loaded Objects now: 4532.
Memory consumption went from 183.7 MB to 182.3 MB.
Total: 3.848000 ms (FindLiveObjects: 0.394400 ms CreateObjectMapping: 0.375700 ms MarkObjects: 2.763500 ms  DeleteObjects: 0.312700 ms)

AssetImportParameters requested are different than current active one (requested -> active):
  custom:video-decoder-ogg-theora: a1e56fd34408186e4bbccfd4996cb3dc -> 
  custom:container-muxer-webm: aa71ff27fc2769a1b78a27578f13a17b -> 
  custom:container-demuxer-webm: 4f35f7cbe854078d1ac9338744f61a02 -> 
  custom:video-encoder-webm-vp8: eb34c28f22e8b96e1ab97ce403110664 -> 
  custom:video-codec-MediaFoundation-h265: 746d11721c4dcdbdad8f713fa42b33f4 -> 
  custom:CustomObjectIndexerAttribute: bc11b3a6c3213fcdd17b65e7da85e133 -> 
  custom:audio-encoder-webm-vorbis: bf7c407c2cedff20999df2af8eb42d56 -> 
  custom:framework-win-MediaFoundation: 216162199b28c13a410421893ffa2e32 -> 
  custom:SearchIndexIgnoredProperties: e643bd26f0fe6173181afceb89e7c659 -> 
  custom:container-demuxer-ogg: 62fdf1f143b41e24485cea50d1cbac27 -> 
  custom:video-decoder-webm-vp8: 9c59270c3fd7afecdb556c50c9e8de78 -> 
  custom:audio-decoder-ogg-vorbis: bf7c407c2cedff20999df2af8eb42d56 -> 
========================================================================
Received Prepare
Registering precompiled user dll's ...
Registered in 0.005314 seconds.
Begin MonoManager ReloadAssembly
Native extension for WindowsStandalone target not found
Refreshing native plugins compatible for Editor in 0.83 ms, found 3 plugins.
Preloading 0 native plugins for Editor in 0.00 ms.
Mono: successfully reloaded assembly
- Completed reload, in  1.465 seconds
Domain Reload Profiling:
	ReloadAssembly (1466ms)
		BeginReloadAssembly (159ms)
			ExecutionOrderSort (0ms)
			DisableScriptedObjects (5ms)
			BackupInstance (0ms)
			ReleaseScriptingObjects (0ms)
			CreateAndSetChildDomain (37ms)
		EndReloadAssembly (1206ms)
			LoadAssemblies (109ms)
			RebuildTransferFunctionScriptingTraits (0ms)
			SetupTypeCache (268ms)
			ReleaseScriptCaches (2ms)
			RebuildScriptCaches (51ms)
			SetupLoadedEditorAssemblies (750ms)
				LogAssemblyErrors (0ms)
				InitializePlatformSupportModulesInManaged (6ms)
				SetLoadedEditorAssemblies (0ms)
				RefreshPlugins (1ms)
				BeforeProcessingInitializeOnLoad (72ms)
				ProcessInitializeOnLoadAttributes (631ms)
				ProcessInitializeOnLoadMethodAttributes (27ms)
				AfterProcessingInitializeOnLoad (11ms)
				EditorAssembliesLoaded (0ms)
			ExecutionOrderSort2 (0ms)
			AwakeInstancesAfterBackupRestoration (7ms)
Platform modules already initialized, skipping
Refreshing native plugins compatible for Editor in 1.05 ms, found 3 plugins.
Preloading 0 native plugins for Editor in 0.00 ms.
Unloading 3860 Unused Serialized files (Serialized files now loaded: 0)
Unloading 31 unused Assets / (1.5 MB). Loaded Objects now: 4535.
Memory consumption went from 183.7 MB to 182.3 MB.
Total: 3.348000 ms (FindLiveObjects: 0.390700 ms CreateObjectMapping: 0.127100 ms MarkObjects: 2.523900 ms  DeleteObjects: 0.305300 ms)

AssetImportParameters requested are different than current active one (requested -> active):
  custom:video-decoder-ogg-theora: a1e56fd34408186e4bbccfd4996cb3dc -> 
  custom:container-muxer-webm: aa71ff27fc2769a1b78a27578f13a17b -> 
  custom:container-demuxer-webm: 4f35f7cbe854078d1ac9338744f61a02 -> 
  custom:video-encoder-webm-vp8: eb34c28f22e8b96e1ab97ce403110664 -> 
  custom:video-codec-MediaFoundation-h265: 746d11721c4dcdbdad8f713fa42b33f4 -> 
  custom:CustomObjectIndexerAttribute: bc11b3a6c3213fcdd17b65e7da85e133 -> 
  custom:audio-encoder-webm-vorbis: bf7c407c2cedff20999df2af8eb42d56 -> 
  custom:framework-win-MediaFoundation: 216162199b28c13a410421893ffa2e32 -> 
  custom:SearchIndexIgnoredProperties: e643bd26f0fe6173181afceb89e7c659 -> 
  custom:container-demuxer-ogg: 62fdf1f143b41e24485cea50d1cbac27 -> 
  custom:video-decoder-webm-vp8: 9c59270c3fd7afecdb556c50c9e8de78 -> 
  custom:audio-decoder-ogg-vorbis: bf7c407c2cedff20999df2af8eb42d56 -> 
========================================================================
Received Prepare
Registering precompiled user dll's ...
Registered in 0.006658 seconds.
Begin MonoManager ReloadAssembly
Native extension for WindowsStandalone target not found
Refreshing native plugins compatible for Editor in 1.39 ms, found 3 plugins.
Preloading 0 native plugins for Editor in 0.00 ms.
Mono: successfully reloaded assembly
- Completed reload, in  1.198 seconds
Domain Reload Profiling:
	ReloadAssembly (1199ms)
		BeginReloadAssembly (172ms)
			ExecutionOrderSort (0ms)
			DisableScriptedObjects (4ms)
			BackupInstance (0ms)
			ReleaseScriptingObjects (0ms)
			CreateAndSetChildDomain (42ms)
		EndReloadAssembly (927ms)
			LoadAssemblies (114ms)
			RebuildTransferFunctionScriptingTraits (0ms)
			SetupTypeCache (255ms)
			ReleaseScriptCaches (1ms)
			RebuildScriptCaches (35ms)
			SetupLoadedEditorAssemblies (512ms)
				LogAssemblyErrors (0ms)
				InitializePlatformSupportModulesInManaged (7ms)
				SetLoadedEditorAssemblies (1ms)
				RefreshPlugins (2ms)
				BeforeProcessingInitializeOnLoad (72ms)
				ProcessInitializeOnLoadAttributes (386ms)
				ProcessInitializeOnLoadMethodAttributes (34ms)
				AfterProcessingInitializeOnLoad (10ms)
				EditorAssembliesLoaded (0ms)
			ExecutionOrderSort2 (0ms)
			AwakeInstancesAfterBackupRestoration (7ms)
Platform modules already initialized, skipping
Refreshing native plugins compatible for Editor in 0.94 ms, found 3 plugins.
Preloading 0 native plugins for Editor in 0.00 ms.
Unloading 3860 Unused Serialized files (Serialized files now loaded: 0)
Unloading 31 unused Assets / (1.5 MB). Loaded Objects now: 4538.
Memory consumption went from 183.7 MB to 182.3 MB.
Total: 3.312100 ms (FindLiveObjects: 0.395800 ms CreateObjectMapping: 0.209400 ms MarkObjects: 2.397000 ms  DeleteObjects: 0.308600 ms)

AssetImportParameters requested are different than current active one (requested -> active):
  custom:video-decoder-ogg-theora: a1e56fd34408186e4bbccfd4996cb3dc -> 
  custom:container-muxer-webm: aa71ff27fc2769a1b78a27578f13a17b -> 
  custom:container-demuxer-webm: 4f35f7cbe854078d1ac9338744f61a02 -> 
  custom:video-encoder-webm-vp8: eb34c28f22e8b96e1ab97ce403110664 -> 
  custom:video-codec-MediaFoundation-h265: 746d11721c4dcdbdad8f713fa42b33f4 -> 
  custom:CustomObjectIndexerAttribute: bc11b3a6c3213fcdd17b65e7da85e133 -> 
  custom:audio-encoder-webm-vorbis: bf7c407c2cedff20999df2af8eb42d56 -> 
  custom:framework-win-MediaFoundation: 216162199b28c13a410421893ffa2e32 -> 
  custom:SearchIndexIgnoredProperties: e643bd26f0fe6173181afceb89e7c659 -> 
  custom:container-demuxer-ogg: 62fdf1f143b41e24485cea50d1cbac27 -> 
  custom:video-decoder-webm-vp8: 9c59270c3fd7afecdb556c50c9e8de78 -> 
  custom:audio-decoder-ogg-vorbis: bf7c407c2cedff20999df2af8eb42d56 -> 
========================================================================
Received Import Request.
  Time since last request: 1799.067427 seconds.
  path: Assets/PolygonPirates/Materials/PolygonPirates_Material_03_C.mat
  artifactKey: Guid(1540fc37fe4429b4589aeed0285fd0ba) Importer(815301076,1909f56bfc062723c751e8b465ee728b)
Number of updated assets reloaded before import = 0
Start importing Assets/PolygonPirates/Materials/PolygonPirates_Material_03_C.mat using Guid(1540fc37fe4429b4589aeed0285fd0ba) Importer(815301076,1909f56bfc062723c751e8b465ee728b)  -> (artifact id: '2c53309fb60a02fbe5823231d31a549d') in 0.160578 seconds 
Number of asset objects unloaded after import = 3
========================================================================
Received Import Request.
  Time since last request: 0.000044 seconds.
  path: Assets/Thaleah_PixelFont/Materials/ThaleahFat.mat
  artifactKey: Guid(43d59b5c638b0664db55f3a4e4d130ef) Importer(815301076,1909f56bfc062723c751e8b465ee728b)
Number of updated assets reloaded before import = 0
Start importing Assets/Thaleah_PixelFont/Materials/ThaleahFat.mat using Guid(43d59b5c638b0664db55f3a4e4d130ef) Importer(815301076,1909f56bfc062723c751e8b465ee728b)  -> (artifact id: '3138956761fd9a9e788c7734ada89e62') in 0.023261 seconds 
Number of asset objects unloaded after import = 2
========================================================================
Received Import Request.
  Time since last request: 0.000051 seconds.
  path: Assets/PolygonPirates/Materials/FX/RainWater_FX.mat
  artifactKey: Guid(47be28ae53899c440a4bdc7de32df96c) Importer(815301076,1909f56bfc062723c751e8b465ee728b)
Number of updated assets reloaded before import = 0
Start importing Assets/PolygonPirates/Materials/FX/RainWater_FX.mat using Guid(47be28ae53899c440a4bdc7de32df96c) Importer(815301076,1909f56bfc062723c751e8b465ee728b)  -> (artifact id: '132fcf508f51e7b73ed2a121c13200b6') in 0.013053 seconds 
Number of asset objects unloaded after import = 1
========================================================================
Received Import Request.
  Time since last request: 0.000021 seconds.
  path: Assets/PolygonPirates/Materials/FX/SimpleSky.mat
  artifactKey: Guid(28887c0e5f0f83c41adac30708f8d3df) Importer(815301076,1909f56bfc062723c751e8b465ee728b)
Number of updated assets reloaded before import = 0
Start importing Assets/PolygonPirates/Materials/FX/SimpleSky.mat using Guid(28887c0e5f0f83c41adac30708f8d3df) Importer(815301076,1909f56bfc062723c751e8b465ee728b)  -> (artifact id: '4fe08274549f6c3ae6a28ac37dab5a0e') in 0.012594 seconds 
Number of asset objects unloaded after import = 2
========================================================================
Received Import Request.
  Time since last request: 0.000030 seconds.
  path: Assets/PolygonPirates/Materials/FX/PolygonPirates_Material_Emission.mat
  artifactKey: Guid(f127584f3ac531246bc261a957d03826) Importer(815301076,1909f56bfc062723c751e8b465ee728b)
Number of updated assets reloaded before import = 0
Start importing Assets/PolygonPirates/Materials/FX/PolygonPirates_Material_Emission.mat using Guid(f127584f3ac531246bc261a957d03826) Importer(815301076,1909f56bfc062723c751e8b465ee728b)  -> (artifact id: '374f40f0d4aeabf56b08c53eb78132db') in 0.013306 seconds 
Number of asset objects unloaded after import = 3
========================================================================
Received Import Request.
  Time since last request: 0.000020 seconds.
  path: Assets/PolygonPirates/Materials/PolygonPirates_Material_04_A.mat
  artifactKey: Guid(89a8c4d05aebfbd40ad71b8f56d3f20f) Importer(815301076,1909f56bfc062723c751e8b465ee728b)
Number of updated assets reloaded before import = 0
Start importing Assets/PolygonPirates/Materials/PolygonPirates_Material_04_A.mat using Guid(89a8c4d05aebfbd40ad71b8f56d3f20f) Importer(815301076,1909f56bfc062723c751e8b465ee728b)  -> (artifact id: '21810a6387f651b1f0ee562e0453df72') in 0.013453 seconds 
Number of asset objects unloaded after import = 3
========================================================================
Received Import Request.
  Time since last request: 1.345254 seconds.
  path: Assets/PolygonPirates/Materials/PolygonPirates_Material_01_C.mat
  artifactKey: Guid(79bfdd834a23bf04d8ea380700c97ad9) Importer(815301076,1909f56bfc062723c751e8b465ee728b)
Number of updated assets reloaded before import = 0
Start importing Assets/PolygonPirates/Materials/PolygonPirates_Material_01_C.mat using Guid(79bfdd834a23bf04d8ea380700c97ad9) Importer(815301076,1909f56bfc062723c751e8b465ee728b)  -> (artifact id: '6e1cfd38bbaa37788db802587eda33fc') in 0.013279 seconds 
Number of asset objects unloaded after import = 3
========================================================================
Received Import Request.
  Time since last request: 0.000019 seconds.
  path: Assets/PolygonPirates/Materials/PolygonPirates_Material_03_A.mat
  artifactKey: Guid(78edba5dc4cc2684c8e99f363873ff77) Importer(815301076,1909f56bfc062723c751e8b465ee728b)
Number of updated assets reloaded before import = 0
Start importing Assets/PolygonPirates/Materials/PolygonPirates_Material_03_A.mat using Guid(78edba5dc4cc2684c8e99f363873ff77) Importer(815301076,1909f56bfc062723c751e8b465ee728b)  -> (artifact id: 'a8a3f7bd34ae527cb4b48b2b95387c5e') in 0.012559 seconds 
Number of asset objects unloaded after import = 3
========================================================================
Received Import Request.
  Time since last request: 0.000027 seconds.
  path: Assets/PolygonPirates/Materials/PolygonPirates_Material_02_C.mat
  artifactKey: Guid(0b4aaac00d4747e409de6522be78c34f) Importer(815301076,1909f56bfc062723c751e8b465ee728b)
Number of updated assets reloaded before import = 0
Start importing Assets/PolygonPirates/Materials/PolygonPirates_Material_02_C.mat using Guid(0b4aaac00d4747e409de6522be78c34f) Importer(815301076,1909f56bfc062723c751e8b465ee728b)  -> (artifact id: 'ee0be0e2ea141b38c50f5b59e1cd28a5') in 0.013864 seconds 
Number of asset objects unloaded after import = 3
Editor requested this worker to shutdown with reason: Scaling down because of idle timeout
AssetImportWorker is now disconnected from the server
Process exiting
Exiting without the bug reporter. Application will terminate with return code 0