Using pre-set license
Built from '2021.3/staging' branch; Version is '2021.3.32f1 (3b9dae9532f5) revision 3906990'; Using compiler version '192829333'; Build Type 'Release'
OS: 'Windows 11  (10.0.26200) 64bit Core' Language: 'cs' Physical Memory: 16219 MB
BatchMode: 1, IsHumanControllingUs: 0, StartBugReporterOnCrash: 0, Is64bit: 1, IsPro: 1

COMMAND LINE ARGUMENTS:
C:\Program Files\Unity\Hub\Editor\2021.3.32f1\Editor\Unity.exe
-adb2
-batchMode
-noUpm
-name
AssetImportWorker8
-projectPath
C:/Users/simon/OneDrive/Dokumenty/GitHub/The-Last-Bounty/Wanted-Dead or alive
-logFile
Logs/AssetImportWorker8.log
-srvPort
62012
Successfully changed project path to: C:/Users/simon/OneDrive/Dokumenty/GitHub/The-Last-Bounty/Wanted-Dead or alive
C:/Users/simon/OneDrive/Dokumenty/GitHub/The-Last-Bounty/Wanted-Dead or alive
[UnityMemory] Configuration Parameters - Can be set up in boot.config
    "memorysetup-bucket-allocator-granularity=16"
    "memorysetup-bucket-allocator-bucket-count=8"
    "memorysetup-bucket-allocator-block-size=33554432"
    "memorysetup-bucket-allocator-block-count=8"
    "memorysetup-main-allocator-block-size=16777216"
    "memorysetup-thread-allocator-block-size=16777216"
    "memorysetup-gfx-main-allocator-block-size=16777216"
    "memorysetup-gfx-thread-allocator-block-size=16777216"
    "memorysetup-cache-allocator-block-size=4194304"
    "memorysetup-typetree-allocator-block-size=2097152"
    "memorysetup-profiler-bucket-allocator-granularity=16"
    "memorysetup-profiler-bucket-allocator-bucket-count=8"
    "memorysetup-profiler-bucket-allocator-block-size=33554432"
    "memorysetup-profiler-bucket-allocator-block-count=8"
    "memorysetup-profiler-allocator-block-size=16777216"
    "memorysetup-profiler-editor-allocator-block-size=1048576"
    "memorysetup-temp-allocator-size-main=16777216"
    "memorysetup-job-temp-allocator-block-size=2097152"
    "memorysetup-job-temp-allocator-block-size-background=1048576"
    "memorysetup-job-temp-allocator-reduction-small-platforms=262144"
    "memorysetup-temp-allocator-size-background-worker=32768"
    "memorysetup-temp-allocator-size-job-worker=262144"
    "memorysetup-temp-allocator-size-preload-manager=33554432"
    "memorysetup-temp-allocator-size-nav-mesh-worker=65536"
    "memorysetup-temp-allocator-size-audio-worker=65536"
    "memorysetup-temp-allocator-size-cloud-worker=32768"
    "memorysetup-temp-allocator-size-gi-baking-worker=262144"
    "memorysetup-temp-allocator-size-gfx=262144"
Player connection [23560] Host "[IP] 192.168.56.1 [Port] 0 [Flags] 2 [Guid] 2742799371 [EditorId] 2742799371 [Version] 1048832 [Id] WindowsEditor(7,SimonRuza) [Debug] 1 [PackageName] WindowsEditor [ProjectName] Editor" joined multi-casting on [225.0.0.222:54997]...

Player connection [23560] Host "[IP] 192.168.56.1 [Port] 0 [Flags] 2 [Guid] 2742799371 [EditorId] 2742799371 [Version] 1048832 [Id] WindowsEditor(7,SimonRuza) [Debug] 1 [PackageName] WindowsEditor [ProjectName] Editor" joined alternative multi-casting on [225.0.0.222:34997]...

[Physics::Module] Initialized MultithreadedJobDispatcher with {0} workers.
Refreshing native plugins compatible for Editor in 134.96 ms, found 3 plugins.
Preloading 0 native plugins for Editor in 0.00 ms.
Initialize engine version: 2021.3.32f1 (3b9dae9532f5)
[Subsystems] Discovering subsystems at path C:/Program Files/Unity/Hub/Editor/2021.3.32f1/Editor/Data/Resources/UnitySubsystems
[Subsystems] Discovering subsystems at path C:/Users/simon/OneDrive/Dokumenty/GitHub/The-Last-Bounty/Wanted-Dead or alive/Assets
GfxDevice: creating device client; threaded=0; jobified=0
Direct3D:
    Version:  Direct3D 11.0 [level 11.1]
    Renderer: NVIDIA GeForce RTX 3060 Laptop GPU (ID=0x2560)
    Vendor:   NVIDIA
    VRAM:     5994 MB
    Driver:   32.0.15.9186
Initialize mono
Mono path[0] = 'C:/Program Files/Unity/Hub/Editor/2021.3.32f1/Editor/Data/Managed'
Mono path[1] = 'C:/Program Files/Unity/Hub/Editor/2021.3.32f1/Editor/Data/MonoBleedingEdge/lib/mono/unityjit-win32'
Mono config path = 'C:/Program Files/Unity/Hub/Editor/2021.3.32f1/Editor/Data/MonoBleedingEdge/etc'
Using monoOptions --debugger-agent=transport=dt_socket,embedding=1,server=y,suspend=n,address=127.0.0.1:56204
Begin MonoManager ReloadAssembly
Registering precompiled unity dll's ...
Register platform support module: C:/Program Files/Unity/Hub/Editor/2021.3.32f1/Editor/Data/PlaybackEngines/WindowsStandaloneSupport/UnityEditor.WindowsStandalone.Extensions.dll
Registered in 0.006115 seconds.
Native extension for WindowsStandalone target not found
Refreshing native plugins compatible for Editor in 93.03 ms, found 3 plugins.
Preloading 0 native plugins for Editor in 0.00 ms.
Mono: successfully reloaded assembly
- Completed reload, in  0.592 seconds
Domain Reload Profiling:
	ReloadAssembly (592ms)
		BeginReloadAssembly (82ms)
			ExecutionOrderSort (0ms)
			DisableScriptedObjects (0ms)
			BackupInstance (0ms)
			ReleaseScriptingObjects (0ms)
			CreateAndSetChildDomain (1ms)
		EndReloadAssembly (419ms)
			LoadAssemblies (80ms)
			RebuildTransferFunctionScriptingTraits (0ms)
			SetupTypeCache (94ms)
			ReleaseScriptCaches (0ms)
			RebuildScriptCaches (24ms)
			SetupLoadedEditorAssemblies (262ms)
				LogAssemblyErrors (0ms)
				InitializePlatformSupportModulesInManaged (7ms)
				SetLoadedEditorAssemblies (0ms)
				RefreshPlugins (93ms)
				BeforeProcessingInitializeOnLoad (1ms)
				ProcessInitializeOnLoadAttributes (115ms)
				ProcessInitializeOnLoadMethodAttributes (45ms)
				AfterProcessingInitializeOnLoad (0ms)
				EditorAssembliesLoaded (0ms)
			ExecutionOrderSort2 (0ms)
			AwakeInstancesAfterBackupRestoration (0ms)
Platform modules already initialized, skipping
Registering precompiled user dll's ...
Registered in 0.007391 seconds.
Begin MonoManager ReloadAssembly
Native extension for WindowsStandalone target not found
Refreshing native plugins compatible for Editor in 87.08 ms, found 3 plugins.
Preloading 0 native plugins for Editor in 0.00 ms.
Mono: successfully reloaded assembly
- Completed reload, in  1.159 seconds
Domain Reload Profiling:
	ReloadAssembly (1159ms)
		BeginReloadAssembly (130ms)
			ExecutionOrderSort (0ms)
			DisableScriptedObjects (5ms)
			BackupInstance (0ms)
			ReleaseScriptingObjects (0ms)
			CreateAndSetChildDomain (21ms)
		EndReloadAssembly (929ms)
			LoadAssemblies (105ms)
			RebuildTransferFunctionScriptingTraits (0ms)
			SetupTypeCache (250ms)
			ReleaseScriptCaches (1ms)
			RebuildScriptCaches (56ms)
			SetupLoadedEditorAssemblies (510ms)
				LogAssemblyErrors (0ms)
				InitializePlatformSupportModulesInManaged (4ms)
				SetLoadedEditorAssemblies (0ms)
				RefreshPlugins (87ms)
				BeforeProcessingInitializeOnLoad (72ms)
				ProcessInitializeOnLoadAttributes (327ms)
				ProcessInitializeOnLoadMethodAttributes (14ms)
				AfterProcessingInitializeOnLoad (6ms)
				EditorAssembliesLoaded (0ms)
			ExecutionOrderSort2 (0ms)
			AwakeInstancesAfterBackupRestoration (5ms)
Platform modules already initialized, skipping
========================================================================
Worker process is ready to serve import requests
Launched and connected shader compiler UnityShaderCompiler.exe after 0.05 seconds
Refreshing native plugins compatible for Editor in 0.80 ms, found 3 plugins.
Preloading 0 native plugins for Editor in 0.00 ms.
Unloading 3932 Unused Serialized files (Serialized files now loaded: 0)
Unloading 48 unused Assets / (1.5 MB). Loaded Objects now: 4410.
Memory consumption went from 171.3 MB to 169.8 MB.
Total: 2.783200 ms (FindLiveObjects: 0.269700 ms CreateObjectMapping: 0.104200 ms MarkObjects: 2.134300 ms  DeleteObjects: 0.274100 ms)

AssetImportParameters requested are different than current active one (requested -> active):
  custom:video-decoder-ogg-theora: a1e56fd34408186e4bbccfd4996cb3dc -> 
  custom:container-muxer-webm: aa71ff27fc2769a1b78a27578f13a17b -> 
  custom:container-demuxer-webm: 4f35f7cbe854078d1ac9338744f61a02 -> 
  custom:video-encoder-webm-vp8: eb34c28f22e8b96e1ab97ce403110664 -> 
  custom:video-codec-MediaFoundation-h265: 746d11721c4dcdbdad8f713fa42b33f4 -> 
  custom:CustomObjectIndexerAttribute: bc11b3a6c3213fcdd17b65e7da85e133 -> 
  custom:audio-encoder-webm-vorbis: bf7c407c2cedff20999df2af8eb42d56 -> 
  custom:framework-win-MediaFoundation: 216162199b28c13a410421893ffa2e32 -> 
  custom:SearchIndexIgnoredProperties: e643bd26f0fe6173181afceb89e7c659 -> 
  custom:container-demuxer-ogg: 62fdf1f143b41e24485cea50d1cbac27 -> 
  custom:video-decoder-webm-vp8: 9c59270c3fd7afecdb556c50c9e8de78 -> 
  custom:audio-decoder-ogg-vorbis: bf7c407c2cedff20999df2af8eb42d56 -> 
========================================================================
Received Import Request.
  Time since last request: 3408.805917 seconds.
  path: Assets/PolygonPirates/Prefabs/FX/FX_Rain.prefab
  artifactKey: Guid(5e364fe3add3a6e479be9d171722b424) Importer(815301076,1909f56bfc062723c751e8b465ee728b)
Number of updated assets reloaded before import = 0
Start importing Assets/PolygonPirates/Prefabs/FX/FX_Rain.prefab using Guid(5e364fe3add3a6e479be9d171722b424) Importer(815301076,1909f56bfc062723c751e8b465ee728b)  -> (artifact id: '7638ad34411252e7395294f9208735eb') in 0.120897 seconds 
Number of asset objects unloaded after import = 11
========================================================================
Received Import Request.
  Time since last request: 0.000046 seconds.
  path: Assets/PolygonPirates/Models/SM_Bld_Cuba_Hall_Room_01.fbx
  artifactKey: Guid(be6ae2b1d64eebc47ab9e0e8877c3997) Importer(815301076,1909f56bfc062723c751e8b465ee728b)
Number of updated assets reloaded before import = 0
Start importing Assets/PolygonPirates/Models/SM_Bld_Cuba_Hall_Room_01.fbx using Guid(be6ae2b1d64eebc47ab9e0e8877c3997) Importer(815301076,1909f56bfc062723c751e8b465ee728b)  -> (artifact id: '2f9494f8214e5d22bb8a9b25a1e8ece4') in 0.039182 seconds 
Number of asset objects unloaded after import = 7
========================================================================
Received Import Request.
  Time since last request: 0.000044 seconds.
  path: Assets/PolygonPirates/Models/SM_Bld_Cuba_Roof_01.fbx
  artifactKey: Guid(69a9cf64fc126ef4eb41524cd2212e3c) Importer(815301076,1909f56bfc062723c751e8b465ee728b)
Number of updated assets reloaded before import = 0
Start importing Assets/PolygonPirates/Models/SM_Bld_Cuba_Roof_01.fbx using Guid(69a9cf64fc126ef4eb41524cd2212e3c) Importer(815301076,1909f56bfc062723c751e8b465ee728b)  -> (artifact id: '2c4a33c645b8d3aa592268c0d67645f6') in 0.011684 seconds 
Number of asset objects unloaded after import = 7
========================================================================
Received Import Request.
  Time since last request: 0.000024 seconds.
  path: Assets/PolygonPirates/Prefabs/Buildings/SM_Bld_Cuba_Hall_Tower_01.prefab
  artifactKey: Guid(14da64593db4ed6499b78711c2695f89) Importer(815301076,1909f56bfc062723c751e8b465ee728b)
Number of updated assets reloaded before import = 0
Start importing Assets/PolygonPirates/Prefabs/Buildings/SM_Bld_Cuba_Hall_Tower_01.prefab using Guid(14da64593db4ed6499b78711c2695f89) Importer(815301076,1909f56bfc062723c751e8b465ee728b)  -> (artifact id: '00be2101f3ea0f3414bb717fb1cc3d9a') in 0.014501 seconds 
Number of asset objects unloaded after import = 12
========================================================================
Received Import Request.
  Time since last request: 0.000024 seconds.
  path: Assets/PolygonPirates/Models/SM_Bld_Cuba_Roof_04.fbx
  artifactKey: Guid(a391cdbbbca5a5244b724a6fe19769fe) Importer(815301076,1909f56bfc062723c751e8b465ee728b)
Number of updated assets reloaded before import = 0
Start importing Assets/PolygonPirates/Models/SM_Bld_Cuba_Roof_04.fbx using Guid(a391cdbbbca5a5244b724a6fe19769fe) Importer(815301076,1909f56bfc062723c751e8b465ee728b)  -> (artifact id: '0ba40c718939ae294dccba144baf0843') in 0.017083 seconds 
Number of asset objects unloaded after import = 7
========================================================================
Received Import Request.
  Time since last request: 0.000041 seconds.
  path: Assets/PolygonPirates/Prefabs/Buildings/SM_Bld_Cuba_Balcony_01.prefab
  artifactKey: Guid(8ab359974e5a5e34da4da3c9734e1e51) Importer(815301076,1909f56bfc062723c751e8b465ee728b)
Number of updated assets reloaded before import = 0
Start importing Assets/PolygonPirates/Prefabs/Buildings/SM_Bld_Cuba_Balcony_01.prefab using Guid(8ab359974e5a5e34da4da3c9734e1e51) Importer(815301076,1909f56bfc062723c751e8b465ee728b)  -> (artifact id: 'bfa1834544ff699e60d8d56c42535928') in 0.011544 seconds 
Number of asset objects unloaded after import = 12
========================================================================
Received Import Request.
  Time since last request: 0.000019 seconds.
  path: Assets/PolygonPirates/Prefabs/Buildings/SM_Bld_Cuba_Arch_01.prefab
  artifactKey: Guid(e10330cd20753a243bc0950bdfe1921c) Importer(815301076,1909f56bfc062723c751e8b465ee728b)
Number of updated assets reloaded before import = 0
Start importing Assets/PolygonPirates/Prefabs/Buildings/SM_Bld_Cuba_Arch_01.prefab using Guid(e10330cd20753a243bc0950bdfe1921c) Importer(815301076,1909f56bfc062723c751e8b465ee728b)  -> (artifact id: '6230a3b691d4c109263613f33542f2fc') in 0.012831 seconds 
Number of asset objects unloaded after import = 20
========================================================================
Received Import Request.
  Time since last request: 0.000022 seconds.
  path: Assets/PolygonPirates/Prefabs/Buildings/SM_Bld_Cuba_Roof_02.prefab
  artifactKey: Guid(c64710ec183cb53439b5bd642a6dfb1d) Importer(815301076,1909f56bfc062723c751e8b465ee728b)
Number of updated assets reloaded before import = 0
Start importing Assets/PolygonPirates/Prefabs/Buildings/SM_Bld_Cuba_Roof_02.prefab using Guid(c64710ec183cb53439b5bd642a6dfb1d) Importer(815301076,1909f56bfc062723c751e8b465ee728b)  -> (artifact id: '22ed3177a6b52d5e63484b0a77a16f5c') in 0.011760 seconds 
Number of asset objects unloaded after import = 12
========================================================================
Received Import Request.
  Time since last request: 0.000021 seconds.
  path: Assets/PolygonPirates/Models/SM_Bld_Cuba_Balcony_Corner_01.fbx
  artifactKey: Guid(898d7e65cf0317245bf40d5218799cb5) Importer(815301076,1909f56bfc062723c751e8b465ee728b)
Number of updated assets reloaded before import = 0
Start importing Assets/PolygonPirates/Models/SM_Bld_Cuba_Balcony_Corner_01.fbx using Guid(898d7e65cf0317245bf40d5218799cb5) Importer(815301076,1909f56bfc062723c751e8b465ee728b)  -> (artifact id: '1d455540a085fe8fbb5acf6bd907d280') in 0.011935 seconds 
Number of asset objects unloaded after import = 7
========================================================================
Received Import Request.
  Time since last request: 0.000021 seconds.
  path: Assets/PolygonPirates/Models/SM_Bld_Cuba_Hall_Room_03.fbx
  artifactKey: Guid(9b50f4188ca0d8b44b0adf5a014d9600) Importer(815301076,1909f56bfc062723c751e8b465ee728b)
Number of updated assets reloaded before import = 0
Start importing Assets/PolygonPirates/Models/SM_Bld_Cuba_Hall_Room_03.fbx using Guid(9b50f4188ca0d8b44b0adf5a014d9600) Importer(815301076,1909f56bfc062723c751e8b465ee728b)  -> (artifact id: '89b654d5ce471a58f8e654c982635244') in 0.011591 seconds 
Number of asset objects unloaded after import = 7
========================================================================
Received Import Request.
  Time since last request: 0.000028 seconds.
  path: Assets/PolygonPirates/Models/SM_Bld_Cuba_Arch_01.fbx
  artifactKey: Guid(14f8e704236ebb547a187b5bec27b3a9) Importer(815301076,1909f56bfc062723c751e8b465ee728b)
Number of updated assets reloaded before import = 0
Start importing Assets/PolygonPirates/Models/SM_Bld_Cuba_Arch_01.fbx using Guid(14f8e704236ebb547a187b5bec27b3a9) Importer(815301076,1909f56bfc062723c751e8b465ee728b)  -> (artifact id: '4a1d2e1949291041b93f55ca4a0dfaf0') in 0.011207 seconds 
Number of asset objects unloaded after import = 7
========================================================================
Received Import Request.
  Time since last request: 0.075914 seconds.
  path: Assets/PolygonPirates/Prefabs/Buildings/SM_Bld_Cuba_Roof_04.prefab
  artifactKey: Guid(28e727f1d76e56047917be00484f474f) Importer(815301076,1909f56bfc062723c751e8b465ee728b)
Number of updated assets reloaded before import = 0
Start importing Assets/PolygonPirates/Prefabs/Buildings/SM_Bld_Cuba_Roof_04.prefab using Guid(28e727f1d76e56047917be00484f474f) Importer(815301076,1909f56bfc062723c751e8b465ee728b)  -> (artifact id: '1b5db0fe2f532312ac20dc094d836345') in 0.012440 seconds 
Number of asset objects unloaded after import = 12
========================================================================
Received Import Request.
  Time since last request: 0.000017 seconds.
  path: Assets/PolygonPirates/Models/SM_Bld_Cuba_Room_06.fbx
  artifactKey: Guid(fcf508237712e024b856ded9647528f0) Importer(815301076,1909f56bfc062723c751e8b465ee728b)
Number of updated assets reloaded before import = 0
Start importing Assets/PolygonPirates/Models/SM_Bld_Cuba_Room_06.fbx using Guid(fcf508237712e024b856ded9647528f0) Importer(815301076,1909f56bfc062723c751e8b465ee728b)  -> (artifact id: '5b3556dccc73065be027b7b1cbf69ef0') in 0.013204 seconds 
Number of asset objects unloaded after import = 7
========================================================================
Received Import Request.
  Time since last request: 0.000019 seconds.
  path: Assets/PolygonPirates/Prefabs/Buildings/SM_Bld_Cuba_Room_03.prefab
  artifactKey: Guid(b8a4b4e03a5b66e4fb89066aaa4d2d18) Importer(815301076,1909f56bfc062723c751e8b465ee728b)
Number of updated assets reloaded before import = 0
Start importing Assets/PolygonPirates/Prefabs/Buildings/SM_Bld_Cuba_Room_03.prefab using Guid(b8a4b4e03a5b66e4fb89066aaa4d2d18) Importer(815301076,1909f56bfc062723c751e8b465ee728b)  -> (artifact id: 'c7a9484797d885b5ca2e23c283d24622') in 0.012623 seconds 
Number of asset objects unloaded after import = 12
========================================================================
Received Import Request.
  Time since last request: 0.000028 seconds.
  path: Assets/PolygonPirates/Models/SM_Bld_Cuba_Room_04.fbx
  artifactKey: Guid(33713272f2c78c04b8d53eda6ed270c3) Importer(815301076,1909f56bfc062723c751e8b465ee728b)
Number of updated assets reloaded before import = 0
Start importing Assets/PolygonPirates/Models/SM_Bld_Cuba_Room_04.fbx using Guid(33713272f2c78c04b8d53eda6ed270c3) Importer(815301076,1909f56bfc062723c751e8b465ee728b)  -> (artifact id: 'c6b54960539b66703e633f1ad2006937') in 0.013647 seconds 
Number of asset objects unloaded after import = 7
========================================================================
Received Import Request.
  Time since last request: 0.000030 seconds.
  path: Assets/PolygonPirates/Models/SM_Bld_Cuba_Room_05.fbx
  artifactKey: Guid(0f0ea9de7b0bd3c4e881ab380e27ed8b) Importer(815301076,1909f56bfc062723c751e8b465ee728b)
Number of updated assets reloaded before import = 0
Start importing Assets/PolygonPirates/Models/SM_Bld_Cuba_Room_05.fbx using Guid(0f0ea9de7b0bd3c4e881ab380e27ed8b) Importer(815301076,1909f56bfc062723c751e8b465ee728b)  -> (artifact id: 'ee2caa57cae04f0f63913406a81217a8') in 0.012842 seconds 
Number of asset objects unloaded after import = 7
========================================================================
Received Import Request.
  Time since last request: 0.000022 seconds.
  path: Assets/PolygonPirates/Prefabs/Buildings/SM_Bld_Cuba_Sunshade_01.prefab
  artifactKey: Guid(b2453526e1e03d744b6844d092c0a05b) Importer(815301076,1909f56bfc062723c751e8b465ee728b)
Number of updated assets reloaded before import = 0
Start importing Assets/PolygonPirates/Prefabs/Buildings/SM_Bld_Cuba_Sunshade_01.prefab using Guid(b2453526e1e03d744b6844d092c0a05b) Importer(815301076,1909f56bfc062723c751e8b465ee728b)  -> (artifact id: '265582979b081e05a744e34ce747e784') in 0.011772 seconds 
Number of asset objects unloaded after import = 12
========================================================================
Received Import Request.
  Time since last request: 0.000029 seconds.
  path: Assets/PolygonPirates/Models/SM_Bld_Cuba_Room_Long_04.fbx
  artifactKey: Guid(e178356e61bc86d4aaf6c9dec40ad5bf) Importer(815301076,1909f56bfc062723c751e8b465ee728b)
Number of updated assets reloaded before import = 0
Start importing Assets/PolygonPirates/Models/SM_Bld_Cuba_Room_Long_04.fbx using Guid(e178356e61bc86d4aaf6c9dec40ad5bf) Importer(815301076,1909f56bfc062723c751e8b465ee728b)  -> (artifact id: '79d0a9f9051abd8935eba6cf96840a54') in 0.013292 seconds 
Number of asset objects unloaded after import = 7
========================================================================
Received Import Request.
  Time since last request: 0.000028 seconds.
  path: Assets/PolygonPirates/Models/SM_Bld_Cuba_Room_Long_02.fbx
  artifactKey: Guid(6c1c210683e90a84590d202eb90786e0) Importer(815301076,1909f56bfc062723c751e8b465ee728b)
Number of updated assets reloaded before import = 0
Start importing Assets/PolygonPirates/Models/SM_Bld_Cuba_Room_Long_02.fbx using Guid(6c1c210683e90a84590d202eb90786e0) Importer(815301076,1909f56bfc062723c751e8b465ee728b)  -> (artifact id: 'afdc3e71de95f9263b32447cb6d1c230') in 0.013782 seconds 
Number of asset objects unloaded after import = 7
========================================================================
Received Import Request.
  Time since last request: 0.000016 seconds.
  path: Assets/PolygonPirates/Models/SM_Bld_Cuba_Room_Short_01.fbx
  artifactKey: Guid(0a69eac314c1a3e4881de17daea7e2e4) Importer(815301076,1909f56bfc062723c751e8b465ee728b)
Number of updated assets reloaded before import = 0
Start importing Assets/PolygonPirates/Models/SM_Bld_Cuba_Room_Short_01.fbx using Guid(0a69eac314c1a3e4881de17daea7e2e4) Importer(815301076,1909f56bfc062723c751e8b465ee728b)  -> (artifact id: '61365729b6240c1f3399a17cdd7c6c76') in 0.011619 seconds 
Number of asset objects unloaded after import = 7
========================================================================
Received Import Request.
  Time since last request: 0.000024 seconds.
  path: Assets/PolygonPirates/Models/SM_Bld_Cuba_Room_Long_03.fbx
  artifactKey: Guid(57baa8ccfc235614e86400f458b24799) Importer(815301076,1909f56bfc062723c751e8b465ee728b)
Number of updated assets reloaded before import = 0
Start importing Assets/PolygonPirates/Models/SM_Bld_Cuba_Room_Long_03.fbx using Guid(57baa8ccfc235614e86400f458b24799) Importer(815301076,1909f56bfc062723c751e8b465ee728b)  -> (artifact id: 'f6880bf97554c321edc560a55dd772e9') in 0.014340 seconds 
Number of asset objects unloaded after import = 7
========================================================================
Received Import Request.
  Time since last request: 0.000030 seconds.
  path: Assets/PolygonPirates/Prefabs/Buildings/SM_Bld_Cuba_Room_Long_03.prefab
  artifactKey: Guid(221583981c85951478a5a80ca08b9a6d) Importer(815301076,1909f56bfc062723c751e8b465ee728b)
Number of updated assets reloaded before import = 0
Start importing Assets/PolygonPirates/Prefabs/Buildings/SM_Bld_Cuba_Room_Long_03.prefab using Guid(221583981c85951478a5a80ca08b9a6d) Importer(815301076,1909f56bfc062723c751e8b465ee728b)  -> (artifact id: '045d8424b9f8dd21522650744afd6d46') in 0.011295 seconds 
Number of asset objects unloaded after import = 12
========================================================================
Received Import Request.
  Time since last request: 12.740405 seconds.
  path: Assets/PolygonPirates/Models/SM_Bld_Cuba_Sunshade_02.fbx
  artifactKey: Guid(214dcddeeef467640b326677f73924ff) Importer(815301076,1909f56bfc062723c751e8b465ee728b)
Number of updated assets reloaded before import = 0
Start importing Assets/PolygonPirates/Models/SM_Bld_Cuba_Sunshade_02.fbx using Guid(214dcddeeef467640b326677f73924ff) Importer(815301076,1909f56bfc062723c751e8b465ee728b)  -> (artifact id: 'a084ed894ffe262da690cf3a16007c2b') in 0.085711 seconds 
Number of asset objects unloaded after import = 7
========================================================================
Received Import Request.
  Time since last request: 0.000018 seconds.
  path: Assets/PolygonPirates/Models/SM_Bld_Cuba_VineWall_01.fbx
  artifactKey: Guid(f874a2e0ed5ffc1459c09225ce445415) Importer(815301076,1909f56bfc062723c751e8b465ee728b)
Number of updated assets reloaded before import = 0
Start importing Assets/PolygonPirates/Models/SM_Bld_Cuba_VineWall_01.fbx using Guid(f874a2e0ed5ffc1459c09225ce445415) Importer(815301076,1909f56bfc062723c751e8b465ee728b)  -> (artifact id: '4c9e30cdd5a23f14f8ce459d3466506a') in 0.082451 seconds 
Number of asset objects unloaded after import = 7
========================================================================
Received Import Request.
  Time since last request: 0.000025 seconds.
  path: Assets/PolygonPirates/Models/CollisionCustom/SM_Bld_Dock_01_Collision.fbx
  artifactKey: Guid(b8c4289215bda9b4693f960cec305bce) Importer(815301076,1909f56bfc062723c751e8b465ee728b)
Number of updated assets reloaded before import = 0
Start importing Assets/PolygonPirates/Models/CollisionCustom/SM_Bld_Dock_01_Collision.fbx using Guid(b8c4289215bda9b4693f960cec305bce) Importer(815301076,1909f56bfc062723c751e8b465ee728b)  -> (artifact id: '52e456e4abe5b2d387838f12aaf1e64b') in 0.140654 seconds 
Number of asset objects unloaded after import = 7
========================================================================
Received Import Request.
  Time since last request: 0.000037 seconds.
  path: Assets/PolygonPirates/Prefabs/Buildings/SM_Bld_Dock_02.prefab
  artifactKey: Guid(ee6021d650a48d34eb24f35b6c268a04) Importer(815301076,1909f56bfc062723c751e8b465ee728b)
Number of updated assets reloaded before import = 0
Start importing Assets/PolygonPirates/Prefabs/Buildings/SM_Bld_Dock_02.prefab using Guid(ee6021d650a48d34eb24f35b6c268a04) Importer(815301076,1909f56bfc062723c751e8b465ee728b)  -> (artifact id: '29d24a9b8dd85e1755f5f27edfc034c4') in 0.012053 seconds 
Number of asset objects unloaded after import = 12
========================================================================
Received Import Request.
  Time since last request: 0.073177 seconds.
  path: Assets/PolygonPirates/Models/CollisionCustom/SM_Bld_Dock_03_Collision.fbx
  artifactKey: Guid(74ac5c019b96e104b923dfa27c5386e4) Importer(815301076,1909f56bfc062723c751e8b465ee728b)
Number of updated assets reloaded before import = 0
Start importing Assets/PolygonPirates/Models/CollisionCustom/SM_Bld_Dock_03_Collision.fbx using Guid(74ac5c019b96e104b923dfa27c5386e4) Importer(815301076,1909f56bfc062723c751e8b465ee728b)  -> (artifact id: '7c46765161e3d436987b8fecb27bfb5a') in 0.012951 seconds 
Number of asset objects unloaded after import = 7
========================================================================
Received Import Request.
  Time since last request: 0.000027 seconds.
  path: Assets/PolygonWestern/Models/SM_Bld_Double_Balcony_02.fbx
  artifactKey: Guid(925579801f8722642b87c43253609994) Importer(815301076,1909f56bfc062723c751e8b465ee728b)
Number of updated assets reloaded before import = 0
Start importing Assets/PolygonWestern/Models/SM_Bld_Double_Balcony_02.fbx using Guid(925579801f8722642b87c43253609994) Importer(815301076,1909f56bfc062723c751e8b465ee728b)  -> (artifact id: 'e83eca28b5926ed38fa37a1d5dbbbb42') in 0.015532 seconds 
Number of asset objects unloaded after import = 7
========================================================================
Received Import Request.
  Time since last request: 0.021844 seconds.
  path: Assets/PolygonWestern/Models/Colliders/SM_Bld_Double_Balcony_02_Collision.fbx
  artifactKey: Guid(6e6bc0064d0b12e4a8cf4ed9c8318319) Importer(815301076,1909f56bfc062723c751e8b465ee728b)
Number of updated assets reloaded before import = 0
Start importing Assets/PolygonWestern/Models/Colliders/SM_Bld_Double_Balcony_02_Collision.fbx using Guid(6e6bc0064d0b12e4a8cf4ed9c8318319) Importer(815301076,1909f56bfc062723c751e8b465ee728b)  -> (artifact id: '3716127f21f3e52b983dea31982ca943') in 0.013268 seconds 
Number of asset objects unloaded after import = 7
========================================================================
Received Import Request.
  Time since last request: 0.000015 seconds.
  path: Assets/PolygonWestern/Models/Colliders/SM_Bld_Double_Deck_01_Collision.fbx
  artifactKey: Guid(5ec40d3c9f5549c4db1faac968f0f14c) Importer(815301076,1909f56bfc062723c751e8b465ee728b)
Number of updated assets reloaded before import = 0
Start importing Assets/PolygonWestern/Models/Colliders/SM_Bld_Double_Deck_01_Collision.fbx using Guid(5ec40d3c9f5549c4db1faac968f0f14c) Importer(815301076,1909f56bfc062723c751e8b465ee728b)  -> (artifact id: '38afb40af22ebb3504af32a509870061') in 0.013568 seconds 
Number of asset objects unloaded after import = 7
========================================================================
Received Import Request.
  Time since last request: 0.000023 seconds.
  path: Assets/PolygonWestern/Models/SM_Bld_Double_Deck_01.fbx
  artifactKey: Guid(8f0755bcb71619c40bc7a77871719b22) Importer(815301076,1909f56bfc062723c751e8b465ee728b)
Number of updated assets reloaded before import = 0
Start importing Assets/PolygonWestern/Models/SM_Bld_Double_Deck_01.fbx using Guid(8f0755bcb71619c40bc7a77871719b22) Importer(815301076,1909f56bfc062723c751e8b465ee728b)  -> (artifact id: 'f2860ec00848ebeb6de7a4483b8b48ee') in 0.012519 seconds 
Number of asset objects unloaded after import = 7
========================================================================
Received Import Request.
  Time since last request: 0.631173 seconds.
  path: Assets/PolygonWestern/Models/SM_Bld_Double_Deck_03.fbx
  artifactKey: Guid(45933ab3d4745204fbe038252e8a1a28) Importer(815301076,1909f56bfc062723c751e8b465ee728b)
Number of updated assets reloaded before import = 0
Start importing Assets/PolygonWestern/Models/SM_Bld_Double_Deck_03.fbx using Guid(45933ab3d4745204fbe038252e8a1a28) Importer(815301076,1909f56bfc062723c751e8b465ee728b)  -> (artifact id: '876499b63e789d60f96dac5eb0c14f4f') in 0.029446 seconds 
Number of asset objects unloaded after import = 7
========================================================================
Received Import Request.
  Time since last request: 0.000033 seconds.
  path: Assets/PolygonWestern/Models/Colliders/SM_Bld_Double_Deck_04_Collision.fbx
  artifactKey: Guid(64bf82c76407e1048bbffcbb40794791) Importer(815301076,1909f56bfc062723c751e8b465ee728b)
Number of updated assets reloaded before import = 0
Start importing Assets/PolygonWestern/Models/Colliders/SM_Bld_Double_Deck_04_Collision.fbx using Guid(64bf82c76407e1048bbffcbb40794791) Importer(815301076,1909f56bfc062723c751e8b465ee728b)  -> (artifact id: '4ab3e61f3dd59411482e7fafee39bdb9') in 0.014358 seconds 
Number of asset objects unloaded after import = 7
========================================================================
Received Import Request.
  Time since last request: 0.458440 seconds.
  path: Assets/PolygonWestern/Models/SM_Bld_Double_Facade_02.fbx
  artifactKey: Guid(02bac5218001a974393ff25db14c30fc) Importer(815301076,1909f56bfc062723c751e8b465ee728b)
Number of updated assets reloaded before import = 0
Start importing Assets/PolygonWestern/Models/SM_Bld_Double_Facade_02.fbx using Guid(02bac5218001a974393ff25db14c30fc) Importer(815301076,1909f56bfc062723c751e8b465ee728b)  -> (artifact id: '089e8df72026670c385f912449671cac') in 0.015324 seconds 
Number of asset objects unloaded after import = 7
========================================================================
Received Import Request.
  Time since last request: 0.000019 seconds.
  path: Assets/PolygonWestern/Models/SM_Bld_Double_Facade_04.fbx
  artifactKey: Guid(20d8d859818b884438ad5b7b95b53c0b) Importer(815301076,1909f56bfc062723c751e8b465ee728b)
Number of updated assets reloaded before import = 0
Start importing Assets/PolygonWestern/Models/SM_Bld_Double_Facade_04.fbx using Guid(20d8d859818b884438ad5b7b95b53c0b) Importer(815301076,1909f56bfc062723c751e8b465ee728b)  -> (artifact id: 'e38d22c9acec9d0652c66b568cc6551b') in 0.015141 seconds 
Number of asset objects unloaded after import = 7
========================================================================
Received Import Request.
  Time since last request: 0.398518 seconds.
  path: Assets/PolygonWestern/Models/SM_Bld_Double_Roof_01.fbx
  artifactKey: Guid(0d9ee32ccc3a24a43b875089ecefc490) Importer(815301076,1909f56bfc062723c751e8b465ee728b)
Number of updated assets reloaded before import = 0
Start importing Assets/PolygonWestern/Models/SM_Bld_Double_Roof_01.fbx using Guid(0d9ee32ccc3a24a43b875089ecefc490) Importer(815301076,1909f56bfc062723c751e8b465ee728b)  -> (artifact id: '7a934506432bf564961031512973a2c0') in 0.015129 seconds 
Number of asset objects unloaded after import = 7
========================================================================
Received Import Request.
  Time since last request: 0.000016 seconds.
  path: Assets/PolygonPirates/Models/SM_Bld_Fort_Base_01.fbx
  artifactKey: Guid(761e04c2db78b024a8fdf49740f81918) Importer(815301076,1909f56bfc062723c751e8b465ee728b)
Number of updated assets reloaded before import = 0
Start importing Assets/PolygonPirates/Models/SM_Bld_Fort_Base_01.fbx using Guid(761e04c2db78b024a8fdf49740f81918) Importer(815301076,1909f56bfc062723c751e8b465ee728b)  -> (artifact id: '5738d83075aa5712daaee26d6a889320') in 0.023507 seconds 
Number of asset objects unloaded after import = 7
========================================================================
Received Import Request.
  Time since last request: 0.316567 seconds.
  path: Assets/PolygonPirates/Prefabs/Buildings/SM_Bld_Fort_Base_01.prefab
  artifactKey: Guid(1e81b0fc9bf0b9b4392e5125f7914471) Importer(815301076,1909f56bfc062723c751e8b465ee728b)
Number of updated assets reloaded before import = 0
Start importing Assets/PolygonPirates/Prefabs/Buildings/SM_Bld_Fort_Base_01.prefab using Guid(1e81b0fc9bf0b9b4392e5125f7914471) Importer(815301076,1909f56bfc062723c751e8b465ee728b)  -> (artifact id: 'cda877b363426a7892f5c812b7c4696b') in 0.020291 seconds 
Number of asset objects unloaded after import = 11
========================================================================
Received Import Request.
  Time since last request: 0.000021 seconds.
  path: Assets/PolygonPirates/Prefabs/Buildings/SM_Bld_Fort_Door_01.prefab
  artifactKey: Guid(190d4f5956778ad4187f87bab391090c) Importer(815301076,1909f56bfc062723c751e8b465ee728b)
Number of updated assets reloaded before import = 0
Start importing Assets/PolygonPirates/Prefabs/Buildings/SM_Bld_Fort_Door_01.prefab using Guid(190d4f5956778ad4187f87bab391090c) Importer(815301076,1909f56bfc062723c751e8b465ee728b)  -> (artifact id: '01bb2ae389b551e58cf0bf3790a91e1c') in 0.014775 seconds 
Number of asset objects unloaded after import = 14
========================================================================
Received Import Request.
  Time since last request: 0.000033 seconds.
  path: Assets/PolygonPirates/Models/SM_Bld_Fort_Door_01.fbx
  artifactKey: Guid(6d3f680b986332d40a809c1e51cbeff3) Importer(815301076,1909f56bfc062723c751e8b465ee728b)
Number of updated assets reloaded before import = 0
Start importing Assets/PolygonPirates/Models/SM_Bld_Fort_Door_01.fbx using Guid(6d3f680b986332d40a809c1e51cbeff3) Importer(815301076,1909f56bfc062723c751e8b465ee728b)  -> (artifact id: '2d97f0c47de7adbaf160c901d5097419') in 0.017156 seconds 
Number of asset objects unloaded after import = 7
========================================================================
Received Import Request.
  Time since last request: 0.000017 seconds.
  path: Assets/PolygonPirates/Prefabs/Buildings/SM_Bld_Fort_Door_03.prefab
  artifactKey: Guid(05a5ccf2524700d478ec12ced4d3ab30) Importer(815301076,1909f56bfc062723c751e8b465ee728b)
Number of updated assets reloaded before import = 0
Start importing Assets/PolygonPirates/Prefabs/Buildings/SM_Bld_Fort_Door_03.prefab using Guid(05a5ccf2524700d478ec12ced4d3ab30) Importer(815301076,1909f56bfc062723c751e8b465ee728b)  -> (artifact id: 'c3ef764c7d9aece0ae62687e73b153d5') in 0.011199 seconds 
Number of asset objects unloaded after import = 12
========================================================================
Received Import Request.
  Time since last request: 0.000017 seconds.
  path: Assets/PolygonPirates/Prefabs/Buildings/SM_Bld_Fort_Room_02.prefab
  artifactKey: Guid(8424e2c2036a4e54395b40e7678ff74e) Importer(815301076,1909f56bfc062723c751e8b465ee728b)
Number of updated assets reloaded before import = 0
Start importing Assets/PolygonPirates/Prefabs/Buildings/SM_Bld_Fort_Room_02.prefab using Guid(8424e2c2036a4e54395b40e7678ff74e) Importer(815301076,1909f56bfc062723c751e8b465ee728b)  -> (artifact id: 'b24446740f0f122101928c471d400269') in 0.011016 seconds 
Number of asset objects unloaded after import = 12
========================================================================
Received Import Request.
  Time since last request: 0.000023 seconds.
  path: Assets/PolygonPirates/Prefabs/Buildings/SM_Bld_Fort_Room_01.prefab
  artifactKey: Guid(4ccb1c3bf907ef74b92d63c996c095f6) Importer(815301076,1909f56bfc062723c751e8b465ee728b)
Number of updated assets reloaded before import = 0
Start importing Assets/PolygonPirates/Prefabs/Buildings/SM_Bld_Fort_Room_01.prefab using Guid(4ccb1c3bf907ef74b92d63c996c095f6) Importer(815301076,1909f56bfc062723c751e8b465ee728b)  -> (artifact id: '05f473d6b4272b8f172dac56596bc270') in 0.012576 seconds 
Number of asset objects unloaded after import = 12
========================================================================
Received Import Request.
  Time since last request: 0.000024 seconds.
  path: Assets/PolygonPirates/Models/SM_Bld_Fort_Tower_01.fbx
  artifactKey: Guid(5804cf0f174515547ad8da67277843ee) Importer(815301076,1909f56bfc062723c751e8b465ee728b)
Number of updated assets reloaded before import = 0
Start importing Assets/PolygonPirates/Models/SM_Bld_Fort_Tower_01.fbx using Guid(5804cf0f174515547ad8da67277843ee) Importer(815301076,1909f56bfc062723c751e8b465ee728b)  -> (artifact id: '4fb62040c024f1021a7c85949b354670') in 0.017795 seconds 
Number of asset objects unloaded after import = 7
========================================================================
Received Import Request.
  Time since last request: 0.000020 seconds.
  path: Assets/PolygonPirates/Prefabs/Buildings/SM_Bld_Fort_Room_03.prefab
  artifactKey: Guid(566275d114eb34149971a6d85a5e7bee) Importer(815301076,1909f56bfc062723c751e8b465ee728b)
Number of updated assets reloaded before import = 0
Start importing Assets/PolygonPirates/Prefabs/Buildings/SM_Bld_Fort_Room_03.prefab using Guid(566275d114eb34149971a6d85a5e7bee) Importer(815301076,1909f56bfc062723c751e8b465ee728b)  -> (artifact id: '361e145af85abb3a948da45cd490c4c3') in 0.013335 seconds 
Number of asset objects unloaded after import = 12
========================================================================
Received Import Request.
  Time since last request: 0.000022 seconds.
  path: Assets/PolygonPirates/Models/SM_Bld_Fort_Room_02.fbx
  artifactKey: Guid(8fd12456c7c28ae44b9c517b814a6707) Importer(815301076,1909f56bfc062723c751e8b465ee728b)
Number of updated assets reloaded before import = 0
Start importing Assets/PolygonPirates/Models/SM_Bld_Fort_Room_02.fbx using Guid(8fd12456c7c28ae44b9c517b814a6707) Importer(815301076,1909f56bfc062723c751e8b465ee728b)  -> (artifact id: '46fa5598f58f8028f266a21783b3b23c') in 0.012191 seconds 
Number of asset objects unloaded after import = 7
========================================================================
Received Import Request.
  Time since last request: 0.326237 seconds.
  path: Assets/PolygonPirates/Models/SM_Bld_Fort_Wall_01.fbx
  artifactKey: Guid(0a36c9892e61d2e4c9767168fdf6a274) Importer(815301076,1909f56bfc062723c751e8b465ee728b)
Number of updated assets reloaded before import = 0
Start importing Assets/PolygonPirates/Models/SM_Bld_Fort_Wall_01.fbx using Guid(0a36c9892e61d2e4c9767168fdf6a274) Importer(815301076,1909f56bfc062723c751e8b465ee728b)  -> (artifact id: '56b8c54034d9d2041d5ae22665c62fa1') in 0.016932 seconds 
Number of asset objects unloaded after import = 7
========================================================================
Received Import Request.
  Time since last request: 0.000022 seconds.
  path: Assets/PolygonNatureBiomes/PNB_Tropical_Jungle/Prefabs/SM_Bld_Giant_Column_01.prefab
  artifactKey: Guid(13af250cd6da53143ba0a206013b9326) Importer(815301076,1909f56bfc062723c751e8b465ee728b)
Number of updated assets reloaded before import = 0
Start importing Assets/PolygonNatureBiomes/PNB_Tropical_Jungle/Prefabs/SM_Bld_Giant_Column_01.prefab using Guid(13af250cd6da53143ba0a206013b9326) Importer(815301076,1909f56bfc062723c751e8b465ee728b)  -> (artifact id: '9850afd85fcb3cb10be8b42135b66e9c') in 0.047397 seconds 
Number of asset objects unloaded after import = 12
========================================================================
Received Import Request.
  Time since last request: 0.000027 seconds.
  path: Assets/PolygonWestern/Models/Colliders/SM_Bld_Jail_01_Collision.fbx
  artifactKey: Guid(e1bd2c75000b28d459ff7be0a2d31c1e) Importer(815301076,1909f56bfc062723c751e8b465ee728b)
Number of updated assets reloaded before import = 0
Start importing Assets/PolygonWestern/Models/Colliders/SM_Bld_Jail_01_Collision.fbx using Guid(e1bd2c75000b28d459ff7be0a2d31c1e) Importer(815301076,1909f56bfc062723c751e8b465ee728b)  -> (artifact id: 'a76d1bfb7b7a7b2362c50452cdb2eccc') in 0.012165 seconds 
Number of asset objects unloaded after import = 7
========================================================================
Received Import Request.
  Time since last request: 0.509076 seconds.
  path: Assets/PolygonPirates/Prefabs/Buildings/SM_Bld_Mansion_Corner_01.prefab
  artifactKey: Guid(89d5dac5ecfacbd449d71b28997a6481) Importer(815301076,1909f56bfc062723c751e8b465ee728b)
Number of updated assets reloaded before import = 0
Start importing Assets/PolygonPirates/Prefabs/Buildings/SM_Bld_Mansion_Corner_01.prefab using Guid(89d5dac5ecfacbd449d71b28997a6481) Importer(815301076,1909f56bfc062723c751e8b465ee728b)  -> (artifact id: 'd40f6af559a58eedbb3968af3f754a0d') in 0.012745 seconds 
Number of asset objects unloaded after import = 12
========================================================================
Received Import Request.
  Time since last request: 0.000016 seconds.
  path: Assets/PolygonPirates/Prefabs/Buildings/SM_Bld_Mansion_End_Flat_01.prefab
  artifactKey: Guid(fed377962f4538d40aaec6e81efc28f1) Importer(815301076,1909f56bfc062723c751e8b465ee728b)
Number of updated assets reloaded before import = 0
Start importing Assets/PolygonPirates/Prefabs/Buildings/SM_Bld_Mansion_End_Flat_01.prefab using Guid(fed377962f4538d40aaec6e81efc28f1) Importer(815301076,1909f56bfc062723c751e8b465ee728b)  -> (artifact id: 'd37b6b0b768aed1fdb9722d8c498d7e8') in 0.013550 seconds 
Number of asset objects unloaded after import = 12
========================================================================
Received Import Request.
  Time since last request: 0.000029 seconds.
  path: Assets/PolygonPirates/Models/SM_Bld_Mansion_End_02.fbx
  artifactKey: Guid(f6a87e3e9aa8258428dc646238713ddb) Importer(815301076,1909f56bfc062723c751e8b465ee728b)
Number of updated assets reloaded before import = 0
Start importing Assets/PolygonPirates/Models/SM_Bld_Mansion_End_02.fbx using Guid(f6a87e3e9aa8258428dc646238713ddb) Importer(815301076,1909f56bfc062723c751e8b465ee728b)  -> (artifact id: '494eead172e0d1851456ed4ba98e4cc6') in 0.014039 seconds 
Number of asset objects unloaded after import = 7
========================================================================
Received Import Request.
  Time since last request: 0.000023 seconds.
  path: Assets/PolygonPirates/Models/SM_Bld_Mansion_Middle_02.fbx
  artifactKey: Guid(6596c04514cdc0a4cac6669d97afaa28) Importer(815301076,1909f56bfc062723c751e8b465ee728b)
Number of updated assets reloaded before import = 0
Start importing Assets/PolygonPirates/Models/SM_Bld_Mansion_Middle_02.fbx using Guid(6596c04514cdc0a4cac6669d97afaa28) Importer(815301076,1909f56bfc062723c751e8b465ee728b)  -> (artifact id: '135fc88eb970ccc4e7ec10492b8394e4') in 0.013403 seconds 
Number of asset objects unloaded after import = 7
========================================================================
Received Import Request.
  Time since last request: 0.000024 seconds.
  path: Assets/PolygonPirates/Prefabs/Buildings/SM_Bld_Mansion_Middle_02.prefab
  artifactKey: Guid(47b0d5afbeb67794a8e0957784d688f0) Importer(815301076,1909f56bfc062723c751e8b465ee728b)
Number of updated assets reloaded before import = 0
Start importing Assets/PolygonPirates/Prefabs/Buildings/SM_Bld_Mansion_Middle_02.prefab using Guid(47b0d5afbeb67794a8e0957784d688f0) Importer(815301076,1909f56bfc062723c751e8b465ee728b)  -> (artifact id: '3c96c76867111feb9f8c5ae9385311e7') in 0.014138 seconds 
Number of asset objects unloaded after import = 12
========================================================================
Received Import Request.
  Time since last request: 0.000021 seconds.
  path: Assets/PolygonPirates/Models/SM_Bld_Mansion_End_Flat_01.fbx
  artifactKey: Guid(8314e5d7a45aad74e9126058c89f4713) Importer(815301076,1909f56bfc062723c751e8b465ee728b)
Number of updated assets reloaded before import = 0
Start importing Assets/PolygonPirates/Models/SM_Bld_Mansion_End_Flat_01.fbx using Guid(8314e5d7a45aad74e9126058c89f4713) Importer(815301076,1909f56bfc062723c751e8b465ee728b)  -> (artifact id: '48e9cea0406f31abddc93b6fa639630e') in 0.010635 seconds 
Number of asset objects unloaded after import = 7
========================================================================
Received Import Request.
  Time since last request: 0.286673 seconds.
  path: Assets/PolygonPirates/Models/SM_Bld_Mansion_Pole_01.fbx
  artifactKey: Guid(1c5d0cdffb4957a4d9b0e248c7bb6afa) Importer(815301076,1909f56bfc062723c751e8b465ee728b)
Number of updated assets reloaded before import = 0
Start importing Assets/PolygonPirates/Models/SM_Bld_Mansion_Pole_01.fbx using Guid(1c5d0cdffb4957a4d9b0e248c7bb6afa) Importer(815301076,1909f56bfc062723c751e8b465ee728b)  -> (artifact id: '4ee3099c0112a34be4d404e691583184') in 0.012770 seconds 
Number of asset objects unloaded after import = 7
========================================================================
Received Import Request.
  Time since last request: 0.000014 seconds.
  path: Assets/PolygonPirates/Prefabs/Buildings/SM_Bld_Mansion_Roof_Corner_01.prefab
  artifactKey: Guid(128dd699d075b5b429ec8e28d6f5b072) Importer(815301076,1909f56bfc062723c751e8b465ee728b)
Number of updated assets reloaded before import = 0
Start importing Assets/PolygonPirates/Prefabs/Buildings/SM_Bld_Mansion_Roof_Corner_01.prefab using Guid(128dd699d075b5b429ec8e28d6f5b072) Importer(815301076,1909f56bfc062723c751e8b465ee728b)  -> (artifact id: '50b4421e65721555f0c9548723da1618') in 0.011376 seconds 
Number of asset objects unloaded after import = 12
========================================================================
Received Import Request.
  Time since last request: 0.000022 seconds.
  path: Assets/PolygonPirates/Prefabs/Buildings/SM_Bld_Mansion_Roof_Single_01.prefab
  artifactKey: Guid(ef3943b1b0f5dc842b1b63b6c37b8713) Importer(815301076,1909f56bfc062723c751e8b465ee728b)
Number of updated assets reloaded before import = 0
Start importing Assets/PolygonPirates/Prefabs/Buildings/SM_Bld_Mansion_Roof_Single_01.prefab using Guid(ef3943b1b0f5dc842b1b63b6c37b8713) Importer(815301076,1909f56bfc062723c751e8b465ee728b)  -> (artifact id: 'a088481788296eb10ba2d8590ad6b19b') in 0.012318 seconds 
Number of asset objects unloaded after import = 12
========================================================================
Received Import Request.
  Time since last request: 0.000019 seconds.
  path: Assets/PolygonPirates/Models/SM_Bld_Mansion_Roof_End_01.fbx
  artifactKey: Guid(4623d88ce07a41f45843e4861a6173b2) Importer(815301076,1909f56bfc062723c751e8b465ee728b)
Number of updated assets reloaded before import = 0
Start importing Assets/PolygonPirates/Models/SM_Bld_Mansion_Roof_End_01.fbx using Guid(4623d88ce07a41f45843e4861a6173b2) Importer(815301076,1909f56bfc062723c751e8b465ee728b)  -> (artifact id: '2cc89292997b3518b44159535c7d3087') in 0.015154 seconds 
Number of asset objects unloaded after import = 7
========================================================================
Received Import Request.
  Time since last request: 0.000021 seconds.
  path: Assets/PolygonPirates/Models/SM_Bld_Mansion_Roof_Single_01.fbx
  artifactKey: Guid(fb7156805165c774bb74c2acb83955ba) Importer(815301076,1909f56bfc062723c751e8b465ee728b)
Number of updated assets reloaded before import = 0
Start importing Assets/PolygonPirates/Models/SM_Bld_Mansion_Roof_Single_01.fbx using Guid(fb7156805165c774bb74c2acb83955ba) Importer(815301076,1909f56bfc062723c751e8b465ee728b)  -> (artifact id: 'bbadd0272ac7b2e5ff5bf4fec623cd31') in 0.015399 seconds 
Number of asset objects unloaded after import = 7
========================================================================
Received Import Request.
  Time since last request: 0.426524 seconds.
  path: Assets/PolygonPirates/Models/SM_Bld_Mansion_Tower_01.fbx
  artifactKey: Guid(d50524bd15d611749b162ee41810320c) Importer(815301076,1909f56bfc062723c751e8b465ee728b)
Number of updated assets reloaded before import = 0
Start importing Assets/PolygonPirates/Models/SM_Bld_Mansion_Tower_01.fbx using Guid(d50524bd15d611749b162ee41810320c) Importer(815301076,1909f56bfc062723c751e8b465ee728b)  -> (artifact id: '17825d01f3a61e885bbc9deb42599ca7') in 0.018854 seconds 
Number of asset objects unloaded after import = 7
========================================================================
Received Import Request.
  Time since last request: 0.000020 seconds.
  path: Assets/PolygonPirates/Prefabs/Buildings/SM_Bld_Rickety_Dock_02.prefab
  artifactKey: Guid(9e382901883a3a7489d7004431ebdffe) Importer(815301076,1909f56bfc062723c751e8b465ee728b)
Number of updated assets reloaded before import = 0
Start importing Assets/PolygonPirates/Prefabs/Buildings/SM_Bld_Rickety_Dock_02.prefab using Guid(9e382901883a3a7489d7004431ebdffe) Importer(815301076,1909f56bfc062723c751e8b465ee728b)  -> (artifact id: '951fa3ba65f937fe0759c1b15b07ba2b') in 0.012101 seconds 
Number of asset objects unloaded after import = 12
========================================================================
Received Import Request.
  Time since last request: 0.000017 seconds.
  path: Assets/PolygonPirates/Prefabs/Buildings/SM_Bld_Rickety_Dock_01.prefab
  artifactKey: Guid(dd6ae2241e5f82b479acab0797792f48) Importer(815301076,1909f56bfc062723c751e8b465ee728b)
Number of updated assets reloaded before import = 0
Start importing Assets/PolygonPirates/Prefabs/Buildings/SM_Bld_Rickety_Dock_01.prefab using Guid(dd6ae2241e5f82b479acab0797792f48) Importer(815301076,1909f56bfc062723c751e8b465ee728b)  -> (artifact id: '39b84709ea9674b43c4e4cbcbf71f764') in 0.010088 seconds 
Number of asset objects unloaded after import = 12
========================================================================
Received Import Request.
  Time since last request: 0.000019 seconds.
  path: Assets/PolygonPirates/Models/CollisionCustom/SM_Bld_Rickety_Dock_03_Collision.fbx
  artifactKey: Guid(2859326823a06864b90cd84eb8dd0c08) Importer(815301076,1909f56bfc062723c751e8b465ee728b)
Number of updated assets reloaded before import = 0
Start importing Assets/PolygonPirates/Models/CollisionCustom/SM_Bld_Rickety_Dock_03_Collision.fbx using Guid(2859326823a06864b90cd84eb8dd0c08) Importer(815301076,1909f56bfc062723c751e8b465ee728b)  -> (artifact id: '68788d5365198e69fab9e9c06294bec0') in 0.009960 seconds 
Number of asset objects unloaded after import = 7
========================================================================
Received Import Request.
  Time since last request: 0.000031 seconds.
  path: Assets/PolygonPirates/Models/SM_Bld_Rickety_Dock_02.fbx
  artifactKey: Guid(7d67876375ed30f48884fe0f6df0bdab) Importer(815301076,1909f56bfc062723c751e8b465ee728b)
Number of updated assets reloaded before import = 0
Start importing Assets/PolygonPirates/Models/SM_Bld_Rickety_Dock_02.fbx using Guid(7d67876375ed30f48884fe0f6df0bdab) Importer(815301076,1909f56bfc062723c751e8b465ee728b)  -> (artifact id: '41bad339c2bde6faf78691a6d4304a9d') in 0.012382 seconds 
Number of asset objects unloaded after import = 7
========================================================================
Received Import Request.
  Time since last request: 0.150733 seconds.
  path: Assets/PolygonPirates/Prefabs/Buildings/SM_Bld_Rickety_Dock_Platform_01.prefab
  artifactKey: Guid(5ef5077abd1dc804f91fc7053f7d7fc5) Importer(815301076,1909f56bfc062723c751e8b465ee728b)
Number of updated assets reloaded before import = 0
Start importing Assets/PolygonPirates/Prefabs/Buildings/SM_Bld_Rickety_Dock_Platform_01.prefab using Guid(5ef5077abd1dc804f91fc7053f7d7fc5) Importer(815301076,1909f56bfc062723c751e8b465ee728b)  -> (artifact id: '01c4cfb6bc736bc81b611155ed5f8ce7') in 0.017232 seconds 
Number of asset objects unloaded after import = 12
========================================================================
Received Import Request.
  Time since last request: 0.000036 seconds.
  path: Assets/PolygonPirates/Models/CollisionCustom/SM_Bld_Rickety_Dock_Stairs_Curved_01_Collision.fbx
  artifactKey: Guid(68cd2d1dc856f934ca436f7562b84c06) Importer(815301076,1909f56bfc062723c751e8b465ee728b)
Number of updated assets reloaded before import = 0
Start importing Assets/PolygonPirates/Models/CollisionCustom/SM_Bld_Rickety_Dock_Stairs_Curved_01_Collision.fbx using Guid(68cd2d1dc856f934ca436f7562b84c06) Importer(815301076,1909f56bfc062723c751e8b465ee728b)  -> (artifact id: '277a91807c5c0a3de5ab741ebbc3a1c3') in 0.035297 seconds 
Number of asset objects unloaded after import = 7
========================================================================
Received Import Request.
  Time since last request: 0.000054 seconds.
  path: Assets/PolygonPirates/Models/SM_Bld_Rickety_Dock_Stairs_02.fbx
  artifactKey: Guid(63afb61876f81104ca2183e7be598c36) Importer(815301076,1909f56bfc062723c751e8b465ee728b)
Number of updated assets reloaded before import = 0
Start importing Assets/PolygonPirates/Models/SM_Bld_Rickety_Dock_Stairs_02.fbx using Guid(63afb61876f81104ca2183e7be598c36) Importer(815301076,1909f56bfc062723c751e8b465ee728b)  -> (artifact id: 'ec86b93dd85e6ad9715e820367cf99f0') in 0.015453 seconds 
Number of asset objects unloaded after import = 7
========================================================================
Received Import Request.
  Time since last request: 0.000039 seconds.
  path: Assets/PolygonPirates/Models/SM_Bld_Rickety_Dock_Stairs_01.fbx
  artifactKey: Guid(fa2a1fdb02595d94cb37e8514b5b1caa) Importer(815301076,1909f56bfc062723c751e8b465ee728b)
Number of updated assets reloaded before import = 0
Start importing Assets/PolygonPirates/Models/SM_Bld_Rickety_Dock_Stairs_01.fbx using Guid(fa2a1fdb02595d94cb37e8514b5b1caa) Importer(815301076,1909f56bfc062723c751e8b465ee728b)  -> (artifact id: 'ad6eafea29ab918754ab69f357b68696') in 0.018295 seconds 
Number of asset objects unloaded after import = 7
========================================================================
Received Import Request.
  Time since last request: 0.000020 seconds.
  path: Assets/PolygonPirates/Models/CollisionCustom/SM_Bld_Rickety_House_03_Collision.fbx
  artifactKey: Guid(6fcc22615f21e82418a125bfbdc139bc) Importer(815301076,1909f56bfc062723c751e8b465ee728b)
Number of updated assets reloaded before import = 0
Start importing Assets/PolygonPirates/Models/CollisionCustom/SM_Bld_Rickety_House_03_Collision.fbx using Guid(6fcc22615f21e82418a125bfbdc139bc) Importer(815301076,1909f56bfc062723c751e8b465ee728b)  -> (artifact id: '85609e13cd5d002e8ca17a62a3c412d9') in 0.021686 seconds 
Number of asset objects unloaded after import = 7
========================================================================
Received Import Request.
  Time since last request: 0.000027 seconds.
  path: Assets/PolygonPirates/Models/SM_Bld_Rickety_Dock_Stairs_Curved_01.fbx
  artifactKey: Guid(8bb36aca67ae0d041b401536ed15375c) Importer(815301076,1909f56bfc062723c751e8b465ee728b)
Number of updated assets reloaded before import = 0
Start importing Assets/PolygonPirates/Models/SM_Bld_Rickety_Dock_Stairs_Curved_01.fbx using Guid(8bb36aca67ae0d041b401536ed15375c) Importer(815301076,1909f56bfc062723c751e8b465ee728b)  -> (artifact id: '09c8f2a7e7d5624637c6c7887cbc722c') in 0.014549 seconds 
Number of asset objects unloaded after import = 7
========================================================================
Received Import Request.
  Time since last request: 0.000022 seconds.
  path: Assets/PolygonPirates/Prefabs/Buildings/SM_Bld_Rickety_House_01.prefab
  artifactKey: Guid(a928226c2e7c18a48b29bd9f6ce48b3a) Importer(815301076,1909f56bfc062723c751e8b465ee728b)
Number of updated assets reloaded before import = 0
Start importing Assets/PolygonPirates/Prefabs/Buildings/SM_Bld_Rickety_House_01.prefab using Guid(a928226c2e7c18a48b29bd9f6ce48b3a) Importer(815301076,1909f56bfc062723c751e8b465ee728b)  -> (artifact id: '876c8697d30c076b7fd4dbfb55117bad') in 0.021091 seconds 
Number of asset objects unloaded after import = 12
========================================================================
Received Import Request.
  Time since last request: 0.000026 seconds.
  path: Assets/PolygonPirates/Models/SM_Bld_Rickety_House_03.fbx
  artifactKey: Guid(dd51b3ab4a1eefe4e88c0147e08a21de) Importer(815301076,1909f56bfc062723c751e8b465ee728b)
Number of updated assets reloaded before import = 0
Start importing Assets/PolygonPirates/Models/SM_Bld_Rickety_House_03.fbx using Guid(dd51b3ab4a1eefe4e88c0147e08a21de) Importer(815301076,1909f56bfc062723c751e8b465ee728b)  -> (artifact id: 'e8151ecfcbf76a3aa2601b0bdbdfeb4b') in 0.018638 seconds 
Number of asset objects unloaded after import = 7
========================================================================
Received Import Request.
  Time since last request: 0.025398 seconds.
  path: Assets/PolygonNatureBiomes/PNB_Tropical_Jungle/Prefabs/SM_Bld_Shack_Pirate_01.prefab
  artifactKey: Guid(e95e061153a79cb4195a0e822885f9f8) Importer(815301076,1909f56bfc062723c751e8b465ee728b)
Number of updated assets reloaded before import = 0
Start importing Assets/PolygonNatureBiomes/PNB_Tropical_Jungle/Prefabs/SM_Bld_Shack_Pirate_01.prefab using Guid(e95e061153a79cb4195a0e822885f9f8) Importer(815301076,1909f56bfc062723c751e8b465ee728b)  -> (artifact id: 'd31c13f8e7871cc5608714b7d6e53137') in 0.020408 seconds 
Number of asset objects unloaded after import = 12
========================================================================
Received Import Request.
  Time since last request: 0.000016 seconds.
  path: Assets/PolygonPirates/Prefabs/Buildings/SM_Bld_Shanty_Base_Stilts_02.prefab
  artifactKey: Guid(31d4aed1e3fa69f48916a476ab5cebdf) Importer(815301076,1909f56bfc062723c751e8b465ee728b)
Number of updated assets reloaded before import = 0
Start importing Assets/PolygonPirates/Prefabs/Buildings/SM_Bld_Shanty_Base_Stilts_02.prefab using Guid(31d4aed1e3fa69f48916a476ab5cebdf) Importer(815301076,1909f56bfc062723c751e8b465ee728b)  -> (artifact id: '2dcaccfd87223161e320afc3644c3620') in 0.016168 seconds 
Number of asset objects unloaded after import = 12
========================================================================
Received Import Request.
  Time since last request: 0.000027 seconds.
  path: Assets/PolygonPirates/Models/SM_Bld_Shanty_Preset_01.fbx
  artifactKey: Guid(c6c014d2050267b44b5f1f53274ec549) Importer(815301076,1909f56bfc062723c751e8b465ee728b)
Number of updated assets reloaded before import = 0
Start importing Assets/PolygonPirates/Models/SM_Bld_Shanty_Preset_01.fbx using Guid(c6c014d2050267b44b5f1f53274ec549) Importer(815301076,1909f56bfc062723c751e8b465ee728b)  -> (artifact id: '7b956ca00e6b5aa14706417e049387dc') in 0.050776 seconds 
Number of asset objects unloaded after import = 7
========================================================================
Received Import Request.
  Time since last request: 0.616775 seconds.
  path: Assets/PolygonPirates/Models/CollisionCustom/SM_Bld_Shanty_Preset_01_Collision.fbx
  artifactKey: Guid(0b7181212dbfb394f8d00e0ace4e7a54) Importer(815301076,1909f56bfc062723c751e8b465ee728b)
Number of updated assets reloaded before import = 0
Start importing Assets/PolygonPirates/Models/CollisionCustom/SM_Bld_Shanty_Preset_01_Collision.fbx using Guid(0b7181212dbfb394f8d00e0ace4e7a54) Importer(815301076,1909f56bfc062723c751e8b465ee728b)  -> (artifact id: '533b6b6e5ca70cf8179e0de10e99adc5') in 0.012559 seconds 
Number of asset objects unloaded after import = 7
========================================================================
Received Import Request.
  Time since last request: 0.000017 seconds.
  path: Assets/PolygonPirates/Models/CollisionCustom/SM_Bld_Shanty_Preset_04_Collision.fbx
  artifactKey: Guid(ebb6c2766e99d444da43f7725ebe4268) Importer(815301076,1909f56bfc062723c751e8b465ee728b)
Number of updated assets reloaded before import = 0
Start importing Assets/PolygonPirates/Models/CollisionCustom/SM_Bld_Shanty_Preset_04_Collision.fbx using Guid(ebb6c2766e99d444da43f7725ebe4268) Importer(815301076,1909f56bfc062723c751e8b465ee728b)  -> (artifact id: 'c1b9d56a635ea0c55ecacd4c5eeda01a') in 0.025161 seconds 
Number of asset objects unloaded after import = 7
========================================================================
Received Import Request.
  Time since last request: 0.000026 seconds.
  path: Assets/PolygonPirates/Models/CollisionCustom/SM_Bld_Shanty_Preset_06_Collision.fbx
  artifactKey: Guid(d1779be56f3d4b942b6188888f581da7) Importer(815301076,1909f56bfc062723c751e8b465ee728b)
Number of updated assets reloaded before import = 0
Start importing Assets/PolygonPirates/Models/CollisionCustom/SM_Bld_Shanty_Preset_06_Collision.fbx using Guid(d1779be56f3d4b942b6188888f581da7) Importer(815301076,1909f56bfc062723c751e8b465ee728b)  -> (artifact id: '79bd7f91737e8a91fdc675f3451105a4') in 0.016350 seconds 
Number of asset objects unloaded after import = 7
========================================================================
Received Import Request.
  Time since last request: 0.000023 seconds.
  path: Assets/PolygonPirates/Models/CollisionCustom/SM_Bld_Shanty_Preset_03_Collision.fbx
  artifactKey: Guid(25742c4b5568032438695129cc91172f) Importer(815301076,1909f56bfc062723c751e8b465ee728b)
Number of updated assets reloaded before import = 0
Start importing Assets/PolygonPirates/Models/CollisionCustom/SM_Bld_Shanty_Preset_03_Collision.fbx using Guid(25742c4b5568032438695129cc91172f) Importer(815301076,1909f56bfc062723c751e8b465ee728b)  -> (artifact id: '162f8f42c5db899936317796ea38d1d7') in 0.013700 seconds 
Number of asset objects unloaded after import = 7
========================================================================
Received Import Request.
  Time since last request: 0.000019 seconds.
  path: Assets/PolygonPirates/Models/SM_Bld_Shanty_Preset_06.fbx
  artifactKey: Guid(5082041f33d1f9047b0d43c48f8fd553) Importer(815301076,1909f56bfc062723c751e8b465ee728b)
Number of updated assets reloaded before import = 0
Start importing Assets/PolygonPirates/Models/SM_Bld_Shanty_Preset_06.fbx using Guid(5082041f33d1f9047b0d43c48f8fd553) Importer(815301076,1909f56bfc062723c751e8b465ee728b)  -> (artifact id: '411b05ac732901eaaf0bfc42eb5d3b4e') in 0.014695 seconds 
Number of asset objects unloaded after import = 7
========================================================================
Received Import Request.
  Time since last request: 0.013841 seconds.
  path: Assets/PolygonPirates/Models/SM_Bld_Shanty_Preset_07.fbx
  artifactKey: Guid(1f142fde068643744af28f68720d5c0f) Importer(815301076,1909f56bfc062723c751e8b465ee728b)
Number of updated assets reloaded before import = 0
Start importing Assets/PolygonPirates/Models/SM_Bld_Shanty_Preset_07.fbx using Guid(1f142fde068643744af28f68720d5c0f) Importer(815301076,1909f56bfc062723c751e8b465ee728b)  -> (artifact id: '43d9eba823df42bf6bd0b0b7f8031fe0') in 0.014843 seconds 
Number of asset objects unloaded after import = 7
========================================================================
Received Import Request.
  Time since last request: 0.000038 seconds.
  path: Assets/PolygonPirates/Prefabs/Buildings/SM_Bld_Shanty_Roof_01.prefab
  artifactKey: Guid(96ce4acc3080e1348967186e2d818799) Importer(815301076,1909f56bfc062723c751e8b465ee728b)
Number of updated assets reloaded before import = 0
Start importing Assets/PolygonPirates/Prefabs/Buildings/SM_Bld_Shanty_Roof_01.prefab using Guid(96ce4acc3080e1348967186e2d818799) Importer(815301076,1909f56bfc062723c751e8b465ee728b)  -> (artifact id: 'e1dbf1b250129c5a529614c6374713b3') in 0.012433 seconds 
Number of asset objects unloaded after import = 12
========================================================================
Received Import Request.
  Time since last request: 0.000023 seconds.
  path: Assets/PolygonPirates/Prefabs/Buildings/SM_Bld_Shanty_Roof_05.prefab
  artifactKey: Guid(3872f26edfc83e3418fe2ca5124f6f20) Importer(815301076,1909f56bfc062723c751e8b465ee728b)
Number of updated assets reloaded before import = 0
Start importing Assets/PolygonPirates/Prefabs/Buildings/SM_Bld_Shanty_Roof_05.prefab using Guid(3872f26edfc83e3418fe2ca5124f6f20) Importer(815301076,1909f56bfc062723c751e8b465ee728b)  -> (artifact id: '6774e53c174583113a6481059523a804') in 0.012250 seconds 
Number of asset objects unloaded after import = 12
========================================================================
Received Import Request.
  Time since last request: 0.000019 seconds.
  path: Assets/PolygonPirates/Models/SM_Bld_Shanty_Roof_02.fbx
  artifactKey: Guid(7be5da51567f6a044913051f3fd6ac69) Importer(815301076,1909f56bfc062723c751e8b465ee728b)
Number of updated assets reloaded before import = 0
Start importing Assets/PolygonPirates/Models/SM_Bld_Shanty_Roof_02.fbx using Guid(7be5da51567f6a044913051f3fd6ac69) Importer(815301076,1909f56bfc062723c751e8b465ee728b)  -> (artifact id: '3625a69a1562dd1a8c529df393484002') in 0.013617 seconds 
Number of asset objects unloaded after import = 7
========================================================================
Received Import Request.
  Time since last request: 0.000024 seconds.
  path: Assets/PolygonPirates/Prefabs/Buildings/SM_Bld_Shanty_Roof_02.prefab
  artifactKey: Guid(c835be41de331d04181ccfa2d7011df7) Importer(815301076,1909f56bfc062723c751e8b465ee728b)
Number of updated assets reloaded before import = 0
Start importing Assets/PolygonPirates/Prefabs/Buildings/SM_Bld_Shanty_Roof_02.prefab using Guid(c835be41de331d04181ccfa2d7011df7) Importer(815301076,1909f56bfc062723c751e8b465ee728b)  -> (artifact id: '3851639b7972f47edac53af726bcc7f8') in 0.012403 seconds 
Number of asset objects unloaded after import = 12
========================================================================
Received Import Request.
  Time since last request: 0.000025 seconds.
  path: Assets/PolygonPirates/Prefabs/Buildings/SM_Bld_Shanty_Roof_03.prefab
  artifactKey: Guid(fe292b498a5ec8b46bbbf3338e342667) Importer(815301076,1909f56bfc062723c751e8b465ee728b)
Number of updated assets reloaded before import = 0
Start importing Assets/PolygonPirates/Prefabs/Buildings/SM_Bld_Shanty_Roof_03.prefab using Guid(fe292b498a5ec8b46bbbf3338e342667) Importer(815301076,1909f56bfc062723c751e8b465ee728b)  -> (artifact id: '550ea523efe3bea427d4c10e87a4dcd5') in 0.010188 seconds 
Number of asset objects unloaded after import = 12
========================================================================
Received Import Request.
  Time since last request: 0.298485 seconds.
  path: Assets/PolygonPirates/Prefabs/Buildings/SM_Bld_Shanty_Room_01.prefab
  artifactKey: Guid(4201997824bd90744b5393bad6f063d9) Importer(815301076,1909f56bfc062723c751e8b465ee728b)
Number of updated assets reloaded before import = 0
Start importing Assets/PolygonPirates/Prefabs/Buildings/SM_Bld_Shanty_Room_01.prefab using Guid(4201997824bd90744b5393bad6f063d9) Importer(815301076,1909f56bfc062723c751e8b465ee728b)  -> (artifact id: '5b9ba3417d2b20a9a30ec9f57ffc4cf8') in 0.013967 seconds 
Number of asset objects unloaded after import = 12
========================================================================
Received Import Request.
  Time since last request: 0.000026 seconds.
  path: Assets/PolygonPirates/Prefabs/Buildings/SM_Bld_Shanty_SideAttachment_04.prefab
  artifactKey: Guid(7024c6f0d04c2334283b2280b9e01b5b) Importer(815301076,1909f56bfc062723c751e8b465ee728b)
Number of updated assets reloaded before import = 0
Start importing Assets/PolygonPirates/Prefabs/Buildings/SM_Bld_Shanty_SideAttachment_04.prefab using Guid(7024c6f0d04c2334283b2280b9e01b5b) Importer(815301076,1909f56bfc062723c751e8b465ee728b)  -> (artifact id: 'ee83df8fd51e1cab84ab1daaf7b3805f') in 0.015641 seconds 
Number of asset objects unloaded after import = 24
========================================================================
Received Import Request.
  Time since last request: 0.000024 seconds.
  path: Assets/PolygonPirates/Models/SM_Bld_Shanty_Stairs_01.fbx
  artifactKey: Guid(4708626ea157d3a41ad0083ae08287ea) Importer(815301076,1909f56bfc062723c751e8b465ee728b)
Number of updated assets reloaded before import = 0
Start importing Assets/PolygonPirates/Models/SM_Bld_Shanty_Stairs_01.fbx using Guid(4708626ea157d3a41ad0083ae08287ea) Importer(815301076,1909f56bfc062723c751e8b465ee728b)  -> (artifact id: '94e4cfb185146df706afa40eb35bc42f') in 0.015444 seconds 
Number of asset objects unloaded after import = 7
========================================================================
Received Import Request.
  Time since last request: 0.000024 seconds.
  path: Assets/PolygonPirates/Models/SM_Bld_Shanty_SideAttachment_02.fbx
  artifactKey: Guid(37957d11d1a22d94aa23e35a2a6bab55) Importer(815301076,1909f56bfc062723c751e8b465ee728b)
Number of updated assets reloaded before import = 0
Start importing Assets/PolygonPirates/Models/SM_Bld_Shanty_SideAttachment_02.fbx using Guid(37957d11d1a22d94aa23e35a2a6bab55) Importer(815301076,1909f56bfc062723c751e8b465ee728b)  -> (artifact id: '14824f7db165ee3cfae61d0a0d9c1aea') in 0.014524 seconds 
Number of asset objects unloaded after import = 7
========================================================================
Received Import Request.
  Time since last request: 0.000021 seconds.
  path: Assets/PolygonPirates/Models/SM_Bld_Shanty_Room_03.fbx
  artifactKey: Guid(8e5c85a892ef3324587fae297bc38f50) Importer(815301076,1909f56bfc062723c751e8b465ee728b)
Number of updated assets reloaded before import = 0
Start importing Assets/PolygonPirates/Models/SM_Bld_Shanty_Room_03.fbx using Guid(8e5c85a892ef3324587fae297bc38f50) Importer(815301076,1909f56bfc062723c751e8b465ee728b)  -> (artifact id: '00499e1901ffc0a4f12969c1fec17d2e') in 0.014418 seconds 
Number of asset objects unloaded after import = 7
========================================================================
Received Import Request.
  Time since last request: 0.167022 seconds.
  path: Assets/PolygonWestern/Models/SM_Bld_Shed_01.fbx
  artifactKey: Guid(d884cddc73a4ac240b3a4f281c11a219) Importer(815301076,1909f56bfc062723c751e8b465ee728b)
Number of updated assets reloaded before import = 0
Start importing Assets/PolygonWestern/Models/SM_Bld_Shed_01.fbx using Guid(d884cddc73a4ac240b3a4f281c11a219) Importer(815301076,1909f56bfc062723c751e8b465ee728b)  -> (artifact id: '083bbf37f7635995be8410142d2fc517') in 0.017592 seconds 
Number of asset objects unloaded after import = 7
========================================================================
Received Import Request.
  Time since last request: 0.000025 seconds.
  path: Assets/PolygonPirates/Models/CollisionCustom/SM_Bld_Shop_01_Collision.fbx
  artifactKey: Guid(ee39caa630cee904b94933a14b460473) Importer(815301076,1909f56bfc062723c751e8b465ee728b)
Number of updated assets reloaded before import = 0
Start importing Assets/PolygonPirates/Models/CollisionCustom/SM_Bld_Shop_01_Collision.fbx using Guid(ee39caa630cee904b94933a14b460473) Importer(815301076,1909f56bfc062723c751e8b465ee728b)  -> (artifact id: 'fdb8b0435b269e100ee5b18d43af7359') in 0.013302 seconds 
Number of asset objects unloaded after import = 7
========================================================================
Received Import Request.
  Time since last request: 0.000022 seconds.
  path: Assets/PolygonPirates/Models/CollisionCustom/SM_Bld_Shop_02_Collision.fbx
  artifactKey: Guid(87afb0a7fb23c1c4fa565fa0ec4d3921) Importer(815301076,1909f56bfc062723c751e8b465ee728b)
Number of updated assets reloaded before import = 0
Start importing Assets/PolygonPirates/Models/CollisionCustom/SM_Bld_Shop_02_Collision.fbx using Guid(87afb0a7fb23c1c4fa565fa0ec4d3921) Importer(815301076,1909f56bfc062723c751e8b465ee728b)  -> (artifact id: '3bc885e6615484b413ce45f4b82f94d1') in 0.014640 seconds 
Number of asset objects unloaded after import = 7
========================================================================
Received Import Request.
  Time since last request: 0.000025 seconds.
  path: Assets/PolygonWestern/Models/SM_Bld_Sign_02.fbx
  artifactKey: Guid(f7f3e34164890ca42ba5e5a1dfae9137) Importer(815301076,1909f56bfc062723c751e8b465ee728b)
Number of updated assets reloaded before import = 0
Start importing Assets/PolygonWestern/Models/SM_Bld_Sign_02.fbx using Guid(f7f3e34164890ca42ba5e5a1dfae9137) Importer(815301076,1909f56bfc062723c751e8b465ee728b)  -> (artifact id: '4ab8b6dbcc7a799740401d3e2efd61de') in 0.016129 seconds 
Number of asset objects unloaded after import = 7
========================================================================
Received Import Request.
  Time since last request: 0.002591 seconds.
  path: Assets/PolygonWestern/Models/SM_Bld_Sign_03.fbx
  artifactKey: Guid(8033cc6dddc010b4f82ed073b7bd5834) Importer(815301076,1909f56bfc062723c751e8b465ee728b)
Number of updated assets reloaded before import = 0
Start importing Assets/PolygonWestern/Models/SM_Bld_Sign_03.fbx using Guid(8033cc6dddc010b4f82ed073b7bd5834) Importer(815301076,1909f56bfc062723c751e8b465ee728b)  -> (artifact id: '2bac4e680652c611b8b85c1f8fdfc11e') in 0.014135 seconds 
Number of asset objects unloaded after import = 7
========================================================================
Received Import Request.
  Time since last request: 0.000021 seconds.
  path: Assets/PolygonWestern/Models/SM_Bld_Sign_09.fbx
  artifactKey: Guid(23b3dfe69b2cf824fb49b84fdb87f2df) Importer(815301076,1909f56bfc062723c751e8b465ee728b)
Number of updated assets reloaded before import = 0
Start importing Assets/PolygonWestern/Models/SM_Bld_Sign_09.fbx using Guid(23b3dfe69b2cf824fb49b84fdb87f2df) Importer(815301076,1909f56bfc062723c751e8b465ee728b)  -> (artifact id: '2610724c931ada29873e67df65883887') in 0.013202 seconds 
Number of asset objects unloaded after import = 7
========================================================================
Received Import Request.
  Time since last request: 0.000021 seconds.
  path: Assets/PolygonWestern/Models/SM_Bld_Sign_07.fbx
  artifactKey: Guid(bfd7df5ea9fd17d4aae216aaba645bea) Importer(815301076,1909f56bfc062723c751e8b465ee728b)
Number of updated assets reloaded before import = 0
Start importing Assets/PolygonWestern/Models/SM_Bld_Sign_07.fbx using Guid(bfd7df5ea9fd17d4aae216aaba645bea) Importer(815301076,1909f56bfc062723c751e8b465ee728b)  -> (artifact id: 'e63a80110aca8d593e811b6b3dd7dc77') in 0.011420 seconds 
Number of asset objects unloaded after import = 7
========================================================================
Received Import Request.
  Time since last request: 0.274286 seconds.
  path: Assets/PolygonWestern/Models/SM_Bld_Sign_12.fbx
  artifactKey: Guid(94a5ff6a8316dbf498df2dd97e5c4745) Importer(815301076,1909f56bfc062723c751e8b465ee728b)
Number of updated assets reloaded before import = 0
Start importing Assets/PolygonWestern/Models/SM_Bld_Sign_12.fbx using Guid(94a5ff6a8316dbf498df2dd97e5c4745) Importer(815301076,1909f56bfc062723c751e8b465ee728b)  -> (artifact id: '02d8e86858c71eedbb7fe21b7e21196a') in 0.020001 seconds 
Number of asset objects unloaded after import = 7
========================================================================
Received Import Request.
  Time since last request: 0.000013 seconds.
  path: Assets/PolygonWestern/Models/SM_Bld_Sign_16.fbx
  artifactKey: Guid(5651f54ee67da9f4eb280b5b6de24e62) Importer(815301076,1909f56bfc062723c751e8b465ee728b)
Number of updated assets reloaded before import = 0
Start importing Assets/PolygonWestern/Models/SM_Bld_Sign_16.fbx using Guid(5651f54ee67da9f4eb280b5b6de24e62) Importer(815301076,1909f56bfc062723c751e8b465ee728b)  -> (artifact id: 'b9ca4533db1e26862ece8314eff12bac') in 0.011608 seconds 
Number of asset objects unloaded after import = 7
========================================================================
Received Import Request.
  Time since last request: 0.000021 seconds.
  path: Assets/PolygonWestern/Models/SM_Bld_Sign_18.fbx
  artifactKey: Guid(e2eb7000714607b4d8d3662adab68e48) Importer(815301076,1909f56bfc062723c751e8b465ee728b)
Number of updated assets reloaded before import = 0
Start importing Assets/PolygonWestern/Models/SM_Bld_Sign_18.fbx using Guid(e2eb7000714607b4d8d3662adab68e48) Importer(815301076,1909f56bfc062723c751e8b465ee728b)  -> (artifact id: '456ca3b00ed40f9330170db4f5c8630f') in 0.011455 seconds 
Number of asset objects unloaded after import = 7
========================================================================
Received Import Request.
  Time since last request: 0.030160 seconds.
  path: Assets/PolygonWestern/Models/SM_Bld_Sign_20.fbx
  artifactKey: Guid(578cdeea9d1dbc148bc966b0a7216b7e) Importer(815301076,1909f56bfc062723c751e8b465ee728b)
Number of updated assets reloaded before import = 0
Start importing Assets/PolygonWestern/Models/SM_Bld_Sign_20.fbx using Guid(578cdeea9d1dbc148bc966b0a7216b7e) Importer(815301076,1909f56bfc062723c751e8b465ee728b)  -> (artifact id: 'ac5ef5c5aa046e1522ee7e7339adfa8c') in 0.014360 seconds 
Number of asset objects unloaded after import = 7
========================================================================
Received Import Request.
  Time since last request: 0.000022 seconds.
  path: Assets/PolygonWestern/Models/SM_Bld_Single_Deck_01.fbx
  artifactKey: Guid(037e1116f9272434e885bfbe6ba3f192) Importer(815301076,1909f56bfc062723c751e8b465ee728b)
Number of updated assets reloaded before import = 0
Start importing Assets/PolygonWestern/Models/SM_Bld_Single_Deck_01.fbx using Guid(037e1116f9272434e885bfbe6ba3f192) Importer(815301076,1909f56bfc062723c751e8b465ee728b)  -> (artifact id: 'f8622504bf882127bc3a9b99827e376f') in 0.010063 seconds 
Number of asset objects unloaded after import = 7
========================================================================
Received Import Request.
  Time since last request: 0.329425 seconds.
  path: Assets/PolygonWestern/Models/Colliders/SM_Bld_Single_Deck_01_Collision.fbx
  artifactKey: Guid(ad0cfe7b3d9105c438da575ec86a34b0) Importer(815301076,1909f56bfc062723c751e8b465ee728b)
Number of updated assets reloaded before import = 0
Start importing Assets/PolygonWestern/Models/Colliders/SM_Bld_Single_Deck_01_Collision.fbx using Guid(ad0cfe7b3d9105c438da575ec86a34b0) Importer(815301076,1909f56bfc062723c751e8b465ee728b)  -> (artifact id: 'f09ac2469cf15be01f4c88b08ec21b31') in 0.013276 seconds 
Number of asset objects unloaded after import = 7
========================================================================
Received Import Request.
  Time since last request: 0.000019 seconds.
  path: Assets/PolygonWestern/Models/SM_Bld_Single_Deck_03.fbx
  artifactKey: Guid(1b868f597c435d145bbb662e0cc2a5bd) Importer(815301076,1909f56bfc062723c751e8b465ee728b)
Number of updated assets reloaded before import = 0
Start importing Assets/PolygonWestern/Models/SM_Bld_Single_Deck_03.fbx using Guid(1b868f597c435d145bbb662e0cc2a5bd) Importer(815301076,1909f56bfc062723c751e8b465ee728b)  -> (artifact id: '925fc31e163b99b128682352c85cc577') in 0.012427 seconds 
Number of asset objects unloaded after import = 7
========================================================================
Received Import Request.
  Time since last request: 0.093587 seconds.
  path: Assets/PolygonWestern/Models/SM_Bld_Single_DeckCover_01.fbx
  artifactKey: Guid(a91fbe7de8e685944a7ef29bbd5d1739) Importer(815301076,1909f56bfc062723c751e8b465ee728b)
Number of updated assets reloaded before import = 0
Start importing Assets/PolygonWestern/Models/SM_Bld_Single_DeckCover_01.fbx using Guid(a91fbe7de8e685944a7ef29bbd5d1739) Importer(815301076,1909f56bfc062723c751e8b465ee728b)  -> (artifact id: '69ee0a2ced9c326d8e724bad4d2983ab') in 0.012725 seconds 
Number of asset objects unloaded after import = 7
========================================================================
Received Import Request.
  Time since last request: 0.000019 seconds.
  path: Assets/PolygonWestern/Models/SM_Bld_Single_Facade_03.fbx
  artifactKey: Guid(e07a5021f97ce3943bee8642075e2e53) Importer(815301076,1909f56bfc062723c751e8b465ee728b)
Number of updated assets reloaded before import = 0
Start importing Assets/PolygonWestern/Models/SM_Bld_Single_Facade_03.fbx using Guid(e07a5021f97ce3943bee8642075e2e53) Importer(815301076,1909f56bfc062723c751e8b465ee728b)  -> (artifact id: 'cfc369749d43dbf44e378228f09b27cf') in 0.011125 seconds 
Number of asset objects unloaded after import = 7
========================================================================
Received Import Request.
  Time since last request: 0.000023 seconds.
  path: Assets/PolygonWestern/Models/Colliders/SM_Bld_Single_Facade_04_Collision.fbx
  artifactKey: Guid(092268276b5c4fb4d992950e700396c7) Importer(815301076,1909f56bfc062723c751e8b465ee728b)
Number of updated assets reloaded before import = 0
Start importing Assets/PolygonWestern/Models/Colliders/SM_Bld_Single_Facade_04_Collision.fbx using Guid(092268276b5c4fb4d992950e700396c7) Importer(815301076,1909f56bfc062723c751e8b465ee728b)  -> (artifact id: 'adf5bd6d93803616e9638919f6f74e69') in 0.012057 seconds 
Number of asset objects unloaded after import = 7
========================================================================
Received Import Request.
  Time since last request: 0.930609 seconds.
  path: Assets/PolygonWestern/Models/SM_Bld_Single_Front_01.fbx
  artifactKey: Guid(7f87cd548156e204baf471c1abc0c545) Importer(815301076,1909f56bfc062723c751e8b465ee728b)
Number of updated assets reloaded before import = 0
Start importing Assets/PolygonWestern/Models/SM_Bld_Single_Front_01.fbx using Guid(7f87cd548156e204baf471c1abc0c545) Importer(815301076,1909f56bfc062723c751e8b465ee728b)  -> (artifact id: 'cd9a8f86afa267c05e799cc119962b11') in 0.035411 seconds 
Number of asset objects unloaded after import = 22
========================================================================
Received Import Request.
  Time since last request: 0.308286 seconds.
  path: Assets/PolygonWestern/Models/SM_Bld_Single_Roof_01.fbx
  artifactKey: Guid(0f0632be3fd976c4aa1753167c18983c) Importer(815301076,1909f56bfc062723c751e8b465ee728b)
Number of updated assets reloaded before import = 0
Start importing Assets/PolygonWestern/Models/SM_Bld_Single_Roof_01.fbx using Guid(0f0632be3fd976c4aa1753167c18983c) Importer(815301076,1909f56bfc062723c751e8b465ee728b)  -> (artifact id: 'c2dae863a9acc56a10aadbc254d801eb') in 0.012051 seconds 
Number of asset objects unloaded after import = 7
========================================================================
Received Import Request.
  Time since last request: 0.000022 seconds.
  path: Assets/PolygonWestern/Models/Colliders/SM_Bld_Stairs_01_Collision.fbx
  artifactKey: Guid(aaf263aa28514ae429e1418bb01e1f10) Importer(815301076,1909f56bfc062723c751e8b465ee728b)
Number of updated assets reloaded before import = 0
Start importing Assets/PolygonWestern/Models/Colliders/SM_Bld_Stairs_01_Collision.fbx using Guid(aaf263aa28514ae429e1418bb01e1f10) Importer(815301076,1909f56bfc062723c751e8b465ee728b)  -> (artifact id: '5ddf817cb2882b72f933b2838cd37a9a') in 0.012730 seconds 
Number of asset objects unloaded after import = 7
========================================================================
Received Import Request.
  Time since last request: 0.000022 seconds.
  path: Assets/PolygonPirates/Models/SM_Bld_Stone_Wall_01.fbx
  artifactKey: Guid(1e24daf0826a1d446ad404e686651729) Importer(815301076,1909f56bfc062723c751e8b465ee728b)
Number of updated assets reloaded before import = 0
Start importing Assets/PolygonPirates/Models/SM_Bld_Stone_Wall_01.fbx using Guid(1e24daf0826a1d446ad404e686651729) Importer(815301076,1909f56bfc062723c751e8b465ee728b)  -> (artifact id: '15cc624d01b0a6bfd243104b99def89e') in 0.012067 seconds 
Number of asset objects unloaded after import = 7
========================================================================
Received Import Request.
  Time since last request: 0.000020 seconds.
  path: Assets/PolygonWestern/Models/Colliders/SM_Bld_Stairs_03_Collision.fbx
  artifactKey: Guid(a031b1aedf2e34e4c8039dc4db457aff) Importer(815301076,1909f56bfc062723c751e8b465ee728b)
Number of updated assets reloaded before import = 0
Start importing Assets/PolygonWestern/Models/Colliders/SM_Bld_Stairs_03_Collision.fbx using Guid(a031b1aedf2e34e4c8039dc4db457aff) Importer(815301076,1909f56bfc062723c751e8b465ee728b)  -> (artifact id: '4b96f77388a80fb9e9af85172be61738') in 0.015399 seconds 
Number of asset objects unloaded after import = 7
========================================================================
Received Import Request.
  Time since last request: 0.004045 seconds.
  path: Assets/PolygonPirates/Prefabs/Buildings/SM_Bld_Stone_Wall_01.prefab
  artifactKey: Guid(53b57c9c19bb3254a9203de7747d2727) Importer(815301076,1909f56bfc062723c751e8b465ee728b)
Number of updated assets reloaded before import = 0
Start importing Assets/PolygonPirates/Prefabs/Buildings/SM_Bld_Stone_Wall_01.prefab using Guid(53b57c9c19bb3254a9203de7747d2727) Importer(815301076,1909f56bfc062723c751e8b465ee728b)  -> (artifact id: 'c9d2541e84051285d2954422f14637da') in 0.013076 seconds 
Number of asset objects unloaded after import = 12
========================================================================
Received Import Request.
  Time since last request: 0.000023 seconds.
  path: Assets/PolygonPirates/Models/SM_Bld_Stone_Wall_Large_01.fbx
  artifactKey: Guid(e9280df5e92c52c49a5e399da4c0c9b1) Importer(815301076,1909f56bfc062723c751e8b465ee728b)
Number of updated assets reloaded before import = 0
Start importing Assets/PolygonPirates/Models/SM_Bld_Stone_Wall_Large_01.fbx using Guid(e9280df5e92c52c49a5e399da4c0c9b1) Importer(815301076,1909f56bfc062723c751e8b465ee728b)  -> (artifact id: '16c849b47af60c62d80c29f05d2442c7') in 0.011335 seconds 
Number of asset objects unloaded after import = 7
========================================================================
Received Import Request.
  Time since last request: 0.000021 seconds.
  path: Assets/PolygonPirates/Models/SM_Bld_Tent_03.fbx
  artifactKey: Guid(4ee73ce0664febb4f8220c68e9a867c7) Importer(815301076,1909f56bfc062723c751e8b465ee728b)
Number of updated assets reloaded before import = 0
Start importing Assets/PolygonPirates/Models/SM_Bld_Tent_03.fbx using Guid(4ee73ce0664febb4f8220c68e9a867c7) Importer(815301076,1909f56bfc062723c751e8b465ee728b)  -> (artifact id: '5bca36b435f4aee773cebc5fb298361e') in 0.024938 seconds 
Number of asset objects unloaded after import = 7
========================================================================
Received Import Request.
  Time since last request: 0.000022 seconds.
  path: Assets/PolygonPirates/Prefabs/Buildings/SM_Bld_Tent_03.prefab
  artifactKey: Guid(73da55b834d738743b2038e14d9c31cd) Importer(815301076,1909f56bfc062723c751e8b465ee728b)
Number of updated assets reloaded before import = 0
Start importing Assets/PolygonPirates/Prefabs/Buildings/SM_Bld_Tent_03.prefab using Guid(73da55b834d738743b2038e14d9c31cd) Importer(815301076,1909f56bfc062723c751e8b465ee728b)  -> (artifact id: '1bf0b448371fd6b7504fa655d73f0d52') in 0.019540 seconds 
Number of asset objects unloaded after import = 12
========================================================================
Received Import Request.
  Time since last request: 0.000033 seconds.
  path: Assets/PolygonPirates/Models/SM_Bld_Tent_02.fbx
  artifactKey: Guid(37e7377be6671c5458b93ccb1a25d4db) Importer(815301076,1909f56bfc062723c751e8b465ee728b)
Number of updated assets reloaded before import = 0
Start importing Assets/PolygonPirates/Models/SM_Bld_Tent_02.fbx using Guid(37e7377be6671c5458b93ccb1a25d4db) Importer(815301076,1909f56bfc062723c751e8b465ee728b)  -> (artifact id: 'ef495911188fc429368acc7689ec4a86') in 0.023763 seconds 
Number of asset objects unloaded after import = 7
========================================================================
Received Import Request.
  Time since last request: 0.188210 seconds.
  path: Assets/PolygonPirates/Models/SM_Bld_Tent_04.fbx
  artifactKey: Guid(7b8356887e8c6304fa58f26c746707e1) Importer(815301076,1909f56bfc062723c751e8b465ee728b)
Number of updated assets reloaded before import = 0
Start importing Assets/PolygonPirates/Models/SM_Bld_Tent_04.fbx using Guid(7b8356887e8c6304fa58f26c746707e1) Importer(815301076,1909f56bfc062723c751e8b465ee728b)  -> (artifact id: '38dde2afe925314685fd5dc55c3609e0') in 0.014153 seconds 
Number of asset objects unloaded after import = 7
========================================================================
Received Import Request.
  Time since last request: 0.000139 seconds.
  path: Assets/PolygonPirates/Models/SM_Bld_Tent_06.fbx
  artifactKey: Guid(8cce2b1b80afea541958eba061e6f1cd) Importer(815301076,1909f56bfc062723c751e8b465ee728b)
Number of updated assets reloaded before import = 0
Start importing Assets/PolygonPirates/Models/SM_Bld_Tent_06.fbx using Guid(8cce2b1b80afea541958eba061e6f1cd) Importer(815301076,1909f56bfc062723c751e8b465ee728b)  -> (artifact id: 'f91077fb83a5166f39e8deae838a334f') in 0.012247 seconds 
Number of asset objects unloaded after import = 7
========================================================================
Received Import Request.
  Time since last request: 0.000023 seconds.
  path: Assets/PolygonPirates/Models/SM_Bld_Tent_Pole_01.fbx
  artifactKey: Guid(2522e285e3a17694886dc227070b972b) Importer(815301076,1909f56bfc062723c751e8b465ee728b)
Number of updated assets reloaded before import = 0
Start importing Assets/PolygonPirates/Models/SM_Bld_Tent_Pole_01.fbx using Guid(2522e285e3a17694886dc227070b972b) Importer(815301076,1909f56bfc062723c751e8b465ee728b)  -> (artifact id: '792912d60f803a0be10301076364871f') in 0.011260 seconds 
Number of asset objects unloaded after import = 7
========================================================================
Received Import Request.
  Time since last request: 0.527873 seconds.
  path: Assets/PolygonPirates/Prefabs/Environments/SM_Env_Background_Hills_01.prefab
  artifactKey: Guid(db926916daadf5647aa23f6c671db7e4) Importer(815301076,1909f56bfc062723c751e8b465ee728b)
Number of updated assets reloaded before import = 0
Start importing Assets/PolygonPirates/Prefabs/Environments/SM_Env_Background_Hills_01.prefab using Guid(db926916daadf5647aa23f6c671db7e4) Importer(815301076,1909f56bfc062723c751e8b465ee728b)  -> (artifact id: '426af8ae251dd1302be15a6586ec5d1e') in 0.015136 seconds 
Number of asset objects unloaded after import = 10
========================================================================
Received Import Request.
  Time since last request: 0.000023 seconds.
  path: Assets/PolygonPirates/Models/SM_Env_Background_Island_06.fbx
  artifactKey: Guid(6dc80ca655feb484989170e1b08fd582) Importer(815301076,1909f56bfc062723c751e8b465ee728b)
Number of updated assets reloaded before import = 0
Start importing Assets/PolygonPirates/Models/SM_Env_Background_Island_06.fbx using Guid(6dc80ca655feb484989170e1b08fd582) Importer(815301076,1909f56bfc062723c751e8b465ee728b)  -> (artifact id: 'db6c293e0a32e5566863959582458101') in 0.015552 seconds 
Number of asset objects unloaded after import = 7
========================================================================
Received Import Request.
  Time since last request: 0.000028 seconds.
  path: Assets/PolygonPirates/Prefabs/Environments/SM_Env_Background_Island_05.prefab
  artifactKey: Guid(2652382bdf3b0a74aba8d9c681fb9a5b) Importer(815301076,1909f56bfc062723c751e8b465ee728b)
Number of updated assets reloaded before import = 0
Start importing Assets/PolygonPirates/Prefabs/Environments/SM_Env_Background_Island_05.prefab using Guid(2652382bdf3b0a74aba8d9c681fb9a5b) Importer(815301076,1909f56bfc062723c751e8b465ee728b)  -> (artifact id: '9669a381ddd605ef8901fa3984adbded') in 0.010324 seconds 
Number of asset objects unloaded after import = 10
========================================================================
Received Import Request.
  Time since last request: 0.000036 seconds.
  path: Assets/PolygonPirates/Models/SM_Env_Background_Island_02.fbx
  artifactKey: Guid(1a4ff200497d56841bf9e0e83599b84c) Importer(815301076,1909f56bfc062723c751e8b465ee728b)
Number of updated assets reloaded before import = 0
Start importing Assets/PolygonPirates/Models/SM_Env_Background_Island_02.fbx using Guid(1a4ff200497d56841bf9e0e83599b84c) Importer(815301076,1909f56bfc062723c751e8b465ee728b)  -> (artifact id: 'fa6709a544d2cb0a7c2d7e6b4f23e997') in 0.051218 seconds 
Number of asset objects unloaded after import = 7
========================================================================
Received Import Request.
  Time since last request: 0.242542 seconds.
  path: Assets/PolygonPirates/Models/SM_Env_Beach_01.fbx
  artifactKey: Guid(32432834558468e4f83584fa67f9f599) Importer(815301076,1909f56bfc062723c751e8b465ee728b)
Number of updated assets reloaded before import = 0
Start importing Assets/PolygonPirates/Models/SM_Env_Beach_01.fbx using Guid(32432834558468e4f83584fa67f9f599) Importer(815301076,1909f56bfc062723c751e8b465ee728b)  -> (artifact id: '6c63c433971ef005ec8c65aabdab7edc') in 0.012922 seconds 
Number of asset objects unloaded after import = 7
========================================================================
Received Import Request.
  Time since last request: 0.000021 seconds.
  path: Assets/PolygonPirates/Prefabs/Environments/SM_Env_Beach_03.prefab
  artifactKey: Guid(f8ca1af5413cfec47ab975dd7f75ee74) Importer(815301076,1909f56bfc062723c751e8b465ee728b)
Number of updated assets reloaded before import = 0
Start importing Assets/PolygonPirates/Prefabs/Environments/SM_Env_Beach_03.prefab using Guid(f8ca1af5413cfec47ab975dd7f75ee74) Importer(815301076,1909f56bfc062723c751e8b465ee728b)  -> (artifact id: '7ce52168110fd27d56497b90f795cdb1') in 0.011655 seconds 
Number of asset objects unloaded after import = 11
========================================================================
Received Import Request.
  Time since last request: 0.000018 seconds.
  path: Assets/PolygonPirates/Models/SM_Env_Beach_02.fbx
  artifactKey: Guid(3b48edcd0d9efbf46aa90437fefc2fab) Importer(815301076,1909f56bfc062723c751e8b465ee728b)
Number of updated assets reloaded before import = 0
Start importing Assets/PolygonPirates/Models/SM_Env_Beach_02.fbx using Guid(3b48edcd0d9efbf46aa90437fefc2fab) Importer(815301076,1909f56bfc062723c751e8b465ee728b)  -> (artifact id: '4fc784a5ecc7fb0bd0150c9ab11d85c6') in 0.011265 seconds 
Number of asset objects unloaded after import = 7
========================================================================
Received Import Request.
  Time since last request: 0.537630 seconds.
  path: Assets/PolygonPirates/Models/SM_Env_Beach_06.fbx
  artifactKey: Guid(37fb5d7dd83b4c548899e3dffd7cfc31) Importer(815301076,1909f56bfc062723c751e8b465ee728b)
Number of updated assets reloaded before import = 0
Start importing Assets/PolygonPirates/Models/SM_Env_Beach_06.fbx using Guid(37fb5d7dd83b4c548899e3dffd7cfc31) Importer(815301076,1909f56bfc062723c751e8b465ee728b)  -> (artifact id: 'e19d72a85e831edc6b443749f959bc2f') in 0.013871 seconds 
Number of asset objects unloaded after import = 7
========================================================================
Received Import Request.
  Time since last request: 0.000025 seconds.
  path: Assets/PolygonPirates/Models/SM_Env_Beach_Pile_03.fbx
  artifactKey: Guid(19e3832743bf5f949abbc2dd714a508d) Importer(815301076,1909f56bfc062723c751e8b465ee728b)
Number of updated assets reloaded before import = 0
Start importing Assets/PolygonPirates/Models/SM_Env_Beach_Pile_03.fbx using Guid(19e3832743bf5f949abbc2dd714a508d) Importer(815301076,1909f56bfc062723c751e8b465ee728b)  -> (artifact id: '2ee6f28802124c5c79cc858e4c66c929') in 0.011914 seconds 
Number of asset objects unloaded after import = 7
========================================================================
Received Import Request.
  Time since last request: 0.000020 seconds.
  path: Assets/PolygonPirates/Prefabs/Environments/SM_Env_Bush_01.prefab
  artifactKey: Guid(80d8a0a4c08d03e4182949075206e069) Importer(815301076,1909f56bfc062723c751e8b465ee728b)
Number of updated assets reloaded before import = 0
Start importing Assets/PolygonPirates/Prefabs/Environments/SM_Env_Bush_01.prefab using Guid(80d8a0a4c08d03e4182949075206e069) Importer(815301076,1909f56bfc062723c751e8b465ee728b)  -> (artifact id: '906ac63bf429a4e3941f2d5e9d6cc001') in 0.010910 seconds 
Number of asset objects unloaded after import = 12
========================================================================
Received Import Request.
  Time since last request: 0.000021 seconds.
  path: Assets/PolygonPirates/Prefabs/Environments/SM_Env_Beach_Pile_03.prefab
  artifactKey: Guid(6482045c6f766334ebb03caa90228968) Importer(815301076,1909f56bfc062723c751e8b465ee728b)
Number of updated assets reloaded before import = 0
Start importing Assets/PolygonPirates/Prefabs/Environments/SM_Env_Beach_Pile_03.prefab using Guid(6482045c6f766334ebb03caa90228968) Importer(815301076,1909f56bfc062723c751e8b465ee728b)  -> (artifact id: 'e585351a69e41bf88fff33e5ac5852ba') in 0.013699 seconds 
Number of asset objects unloaded after import = 11
========================================================================
Received Import Request.
  Time since last request: 0.750835 seconds.
  path: Assets/PolygonPirates/Prefabs/Environments/SM_Env_Bush_02.prefab
  artifactKey: Guid(4db48eea64d7e7e45a3cb199ee70e23f) Importer(815301076,1909f56bfc062723c751e8b465ee728b)
Number of updated assets reloaded before import = 0
Start importing Assets/PolygonPirates/Prefabs/Environments/SM_Env_Bush_02.prefab using Guid(4db48eea64d7e7e45a3cb199ee70e23f) Importer(815301076,1909f56bfc062723c751e8b465ee728b)  -> (artifact id: '946a07a2e546bfcf1da1ff23adb50bb9') in 0.009983 seconds 
Number of asset objects unloaded after import = 12
========================================================================
Received Import Request.
  Time since last request: 1.481427 seconds.
  path: Assets/PolygonWestern/Models/SM_Env_Butte_01.fbx
  artifactKey: Guid(ff9a2bd9da6a5314f8b47d87d4f8f935) Importer(815301076,1909f56bfc062723c751e8b465ee728b)
Number of updated assets reloaded before import = 0
Start importing Assets/PolygonWestern/Models/SM_Env_Butte_01.fbx using Guid(ff9a2bd9da6a5314f8b47d87d4f8f935) Importer(815301076,1909f56bfc062723c751e8b465ee728b)  -> (artifact id: '0e05c6be27ae4b9f91133ea323ab8d76') in 0.015554 seconds 
Number of asset objects unloaded after import = 7
========================================================================
Received Import Request.
  Time since last request: 0.953209 seconds.
  path: Assets/PolygonWestern/Models/SM_Env_Butte_04.fbx
  artifactKey: Guid(d36b1838f61877b42b4d7b6abfb63baa) Importer(815301076,1909f56bfc062723c751e8b465ee728b)
Number of updated assets reloaded before import = 0
Start importing Assets/PolygonWestern/Models/SM_Env_Butte_04.fbx using Guid(d36b1838f61877b42b4d7b6abfb63baa) Importer(815301076,1909f56bfc062723c751e8b465ee728b)  -> (artifact id: '822f643ed6bc408706cdbec03a7d091c') in 0.014966 seconds 
Number of asset objects unloaded after import = 7
========================================================================
Received Import Request.
  Time since last request: 2.561193 seconds.
  path: Assets/PolygonPirates/Prefabs/Environments/SM_Env_Cloud_01.prefab
  artifactKey: Guid(b8b36e4f2ff31af4183050ce0e686696) Importer(815301076,1909f56bfc062723c751e8b465ee728b)
Number of updated assets reloaded before import = 0
Start importing Assets/PolygonPirates/Prefabs/Environments/SM_Env_Cloud_01.prefab using Guid(b8b36e4f2ff31af4183050ce0e686696) Importer(815301076,1909f56bfc062723c751e8b465ee728b)  -> (artifact id: '83c4e1c4f5b3673cb0338541182e6155') in 0.010984 seconds 
Number of asset objects unloaded after import = 8
========================================================================
Received Import Request.
  Time since last request: 2.805523 seconds.
  path: Assets/PolygonPirates/Models/SM_Env_Cloud_02.fbx
  artifactKey: Guid(791f425fb8073644ca518750dfae46c9) Importer(815301076,1909f56bfc062723c751e8b465ee728b)
Number of updated assets reloaded before import = 0
Start importing Assets/PolygonPirates/Models/SM_Env_Cloud_02.fbx using Guid(791f425fb8073644ca518750dfae46c9) Importer(815301076,1909f56bfc062723c751e8b465ee728b)  -> (artifact id: 'cb50ebfd61637a0b11534e0e6dbfdbb2') in 0.016463 seconds 
Number of asset objects unloaded after import = 7
========================================================================
Received Import Request.
  Time since last request: 0.000021 seconds.
  path: Assets/PolygonNatureBiomes/PNB_Core/Models/SM_Env_Cloud_Ring_01.fbx
  artifactKey: Guid(65b3037c0d89ade49a643720e46ea2f1) Importer(815301076,1909f56bfc062723c751e8b465ee728b)
Number of updated assets reloaded before import = 0
Start importing Assets/PolygonNatureBiomes/PNB_Core/Models/SM_Env_Cloud_Ring_01.fbx using Guid(65b3037c0d89ade49a643720e46ea2f1) Importer(815301076,1909f56bfc062723c751e8b465ee728b)  -> (artifact id: 'e58882315132f89d87214a2dabc6f694') in 0.067631 seconds 
Number of asset objects unloaded after import = 7
========================================================================
Received Import Request.
  Time since last request: 0.000026 seconds.
  path: Assets/PolygonNatureBiomes/PNB_Core/Prefabs/SM_Env_Cloud_Ring_01.prefab
  artifactKey: Guid(095869ae7a3059e4bacccc852cb82962) Importer(815301076,1909f56bfc062723c751e8b465ee728b)
Number of updated assets reloaded before import = 0
Start importing Assets/PolygonNatureBiomes/PNB_Core/Prefabs/SM_Env_Cloud_Ring_01.prefab using Guid(095869ae7a3059e4bacccc852cb82962) Importer(815301076,1909f56bfc062723c751e8b465ee728b)  -> (artifact id: 'a65c2561454795a48a569e7fc742e4d6') in 0.030968 seconds 
Number of asset objects unloaded after import = 10
========================================================================
Received Import Request.
  Time since last request: 0.390972 seconds.
  path: Assets/PolygonNatureBiomes/PNB_Tropical_Jungle/Models/SM_Env_Dock_01.fbx
  artifactKey: Guid(46182fab25e72e74b8532bb12c7fe2b8) Importer(815301076,1909f56bfc062723c751e8b465ee728b)
Number of updated assets reloaded before import = 0
Start importing Assets/PolygonNatureBiomes/PNB_Tropical_Jungle/Models/SM_Env_Dock_01.fbx using Guid(46182fab25e72e74b8532bb12c7fe2b8) Importer(815301076,1909f56bfc062723c751e8b465ee728b)  -> (artifact id: '62e400d357f290093d405c9e3a96e6e2') in 0.015348 seconds 
Number of asset objects unloaded after import = 7
========================================================================
Received Import Request.
  Time since last request: 0.000018 seconds.
  path: Assets/PolygonNatureBiomes/PNB_Tropical_Jungle/Prefabs/SM_Env_Dock_Stairs_01.prefab
  artifactKey: Guid(bd82272f12752c9449cfb13b9c9ee1a2) Importer(815301076,1909f56bfc062723c751e8b465ee728b)
Number of updated assets reloaded before import = 0
Start importing Assets/PolygonNatureBiomes/PNB_Tropical_Jungle/Prefabs/SM_Env_Dock_Stairs_01.prefab using Guid(bd82272f12752c9449cfb13b9c9ee1a2) Importer(815301076,1909f56bfc062723c751e8b465ee728b)  -> (artifact id: '7b30966b8adc64dfc32fee442e58b0a7') in 0.019871 seconds 
Number of asset objects unloaded after import = 12
========================================================================
Received Import Request.
  Time since last request: 0.000032 seconds.
  path: Assets/PolygonNatureBiomes/PNB_Tropical_Jungle/Prefabs/SM_Env_DriftWood_02.prefab
  artifactKey: Guid(c633b483710951c40b1ff50ca90ce5aa) Importer(815301076,1909f56bfc062723c751e8b465ee728b)
Number of updated assets reloaded before import = 0
Start importing Assets/PolygonNatureBiomes/PNB_Tropical_Jungle/Prefabs/SM_Env_DriftWood_02.prefab using Guid(c633b483710951c40b1ff50ca90ce5aa) Importer(815301076,1909f56bfc062723c751e8b465ee728b)  -> (artifact id: '96a2eb7083af30ca038d924dda9aa994') in 0.019995 seconds 
Number of asset objects unloaded after import = 14
========================================================================
Received Import Request.
  Time since last request: 0.000036 seconds.
  path: Assets/PolygonNatureBiomes/PNB_Tropical_Jungle/Prefabs/SM_Env_DriftWood_03.prefab
  artifactKey: Guid(a2d120b0c52bbfd438c5d30a7aafe312) Importer(815301076,1909f56bfc062723c751e8b465ee728b)
Number of updated assets reloaded before import = 0
Start importing Assets/PolygonNatureBiomes/PNB_Tropical_Jungle/Prefabs/SM_Env_DriftWood_03.prefab using Guid(a2d120b0c52bbfd438c5d30a7aafe312) Importer(815301076,1909f56bfc062723c751e8b465ee728b)  -> (artifact id: '177eefd796f1dc33d2ba8248a97a01a0') in 0.019193 seconds 
Number of asset objects unloaded after import = 20
========================================================================
Received Import Request.
  Time since last request: 0.292887 seconds.
  path: Assets/PolygonNatureBiomes/PNB_Tropical_Jungle/Prefabs/SM_Env_DriftWood_04.prefab
  artifactKey: Guid(6e82461fe89e0674eab2eed545b0f913) Importer(815301076,1909f56bfc062723c751e8b465ee728b)
Number of updated assets reloaded before import = 0
Start importing Assets/PolygonNatureBiomes/PNB_Tropical_Jungle/Prefabs/SM_Env_DriftWood_04.prefab using Guid(6e82461fe89e0674eab2eed545b0f913) Importer(815301076,1909f56bfc062723c751e8b465ee728b)  -> (artifact id: 'fe74e61ad3ce00a5c790fe1dfe735f33') in 0.017670 seconds 
Number of asset objects unloaded after import = 14
========================================================================
Received Import Request.
  Time since last request: 0.000023 seconds.
  path: Assets/PolygonWestern/Models/SM_Env_DustPile_Long_02.fbx
  artifactKey: Guid(9fef79d94945c9749bba6bc9e348ca1b) Importer(815301076,1909f56bfc062723c751e8b465ee728b)
Number of updated assets reloaded before import = 0
Start importing Assets/PolygonWestern/Models/SM_Env_DustPile_Long_02.fbx using Guid(9fef79d94945c9749bba6bc9e348ca1b) Importer(815301076,1909f56bfc062723c751e8b465ee728b)  -> (artifact id: '6f8d0ccd7ddb9ffb39efffd68108b5a3') in 0.011923 seconds 
Number of asset objects unloaded after import = 7
========================================================================
Received Import Request.
  Time since last request: 0.000026 seconds.
  path: Assets/PolygonWestern/Models/SM_Env_DustPile_Long_01.fbx
  artifactKey: Guid(912f5608a169edf40b1fe2344d1bc40f) Importer(815301076,1909f56bfc062723c751e8b465ee728b)
Number of updated assets reloaded before import = 0
Start importing Assets/PolygonWestern/Models/SM_Env_DustPile_Long_01.fbx using Guid(912f5608a169edf40b1fe2344d1bc40f) Importer(815301076,1909f56bfc062723c751e8b465ee728b)  -> (artifact id: 'f3bdf2bf37213f8d74092420bac47653') in 0.013622 seconds 
Number of asset objects unloaded after import = 7
========================================================================
Received Import Request.
  Time since last request: 0.332768 seconds.
  path: Assets/PolygonWestern/Models/SM_Env_DustPile_Small_03.fbx
  artifactKey: Guid(72a4df55b7be9824fa801b383a311d4e) Importer(815301076,1909f56bfc062723c751e8b465ee728b)
Number of updated assets reloaded before import = 0
Start importing Assets/PolygonWestern/Models/SM_Env_DustPile_Small_03.fbx using Guid(72a4df55b7be9824fa801b383a311d4e) Importer(815301076,1909f56bfc062723c751e8b465ee728b)  -> (artifact id: 'fb8f51296c26cbfa8aff5fcf0433a840') in 0.010438 seconds 
Number of asset objects unloaded after import = 7
========================================================================
Received Import Request.
  Time since last request: 0.000017 seconds.
  path: Assets/PolygonNatureBiomes/PNB_Tropical_Jungle/Models/SM_Env_Fern_01.fbx
  artifactKey: Guid(5082371b26483ea4eb694bf6d6245ba6) Importer(815301076,1909f56bfc062723c751e8b465ee728b)
Number of updated assets reloaded before import = 0
Start importing Assets/PolygonNatureBiomes/PNB_Tropical_Jungle/Models/SM_Env_Fern_01.fbx using Guid(5082371b26483ea4eb694bf6d6245ba6) Importer(815301076,1909f56bfc062723c751e8b465ee728b)  -> (artifact id: 'e0432daaa18e9187fdbfec07cad0d576') in 0.036488 seconds 
Number of asset objects unloaded after import = 20
========================================================================
Received Import Request.
  Time since last request: 0.000023 seconds.
  path: Assets/PolygonNatureBiomes/PNB_Tropical_Jungle/Prefabs/SM_Env_Fern_03.prefab
  artifactKey: Guid(04f4eddfd83dce14b86600a005a57813) Importer(815301076,1909f56bfc062723c751e8b465ee728b)
Number of updated assets reloaded before import = 0
Start importing Assets/PolygonNatureBiomes/PNB_Tropical_Jungle/Prefabs/SM_Env_Fern_03.prefab using Guid(04f4eddfd83dce14b86600a005a57813) Importer(815301076,1909f56bfc062723c751e8b465ee728b)  -> (artifact id: 'eea95fd74e2b923efce10e7a3227bb79') in 0.047117 seconds 
Number of asset objects unloaded after import = 32
========================================================================
Received Import Request.
  Time since last request: 0.000021 seconds.
  path: Assets/PolygonPirates/Prefabs/Environments/SM_Env_Fern_01.prefab
  artifactKey: Guid(3fe3c9e8783966a4f8125576f7cfe7a8) Importer(815301076,1909f56bfc062723c751e8b465ee728b)
Number of updated assets reloaded before import = 0
Start importing Assets/PolygonPirates/Prefabs/Environments/SM_Env_Fern_01.prefab using Guid(3fe3c9e8783966a4f8125576f7cfe7a8) Importer(815301076,1909f56bfc062723c751e8b465ee728b)  -> (artifact id: 'e8499a0dab9403bb4180c9564106fb38') in 0.011593 seconds 
Number of asset objects unloaded after import = 10
========================================================================
Received Import Request.
  Time since last request: 0.000022 seconds.
  path: Assets/PolygonNatureBiomes/PNB_Tropical_Jungle/Prefabs/SM_Env_Fern_02.prefab
  artifactKey: Guid(e494ab93792141d409998a2806e99ef4) Importer(815301076,1909f56bfc062723c751e8b465ee728b)
Number of updated assets reloaded before import = 0
Start importing Assets/PolygonNatureBiomes/PNB_Tropical_Jungle/Prefabs/SM_Env_Fern_02.prefab using Guid(e494ab93792141d409998a2806e99ef4) Importer(815301076,1909f56bfc062723c751e8b465ee728b)  -> (artifact id: '42b0d92f76f99f00b79ed03df9d8c722') in 0.025988 seconds 
Number of asset objects unloaded after import = 32
========================================================================
Received Import Request.
  Time since last request: 0.761032 seconds.
  path: Assets/PolygonNatureBiomes/PNB_Tropical_Jungle/Prefabs/SM_Env_Fern_Part_01.prefab
  artifactKey: Guid(0cff0eb218240964ea948bf64e28b7fb) Importer(815301076,1909f56bfc062723c751e8b465ee728b)
Number of updated assets reloaded before import = 0
Start importing Assets/PolygonNatureBiomes/PNB_Tropical_Jungle/Prefabs/SM_Env_Fern_Part_01.prefab using Guid(0cff0eb218240964ea948bf64e28b7fb) Importer(815301076,1909f56bfc062723c751e8b465ee728b)  -> (artifact id: 'ca9a127bbfd9c72b1af83164c2d048a1') in 0.042733 seconds 
Number of asset objects unloaded after import = 27
========================================================================
Received Import Request.
  Time since last request: 0.000024 seconds.
  path: Assets/PolygonNatureBiomes/PNB_Tropical_Jungle/Prefabs/SM_Env_Fern_Part_03.prefab
  artifactKey: Guid(b2b27aa9181a11641ad116524b066a94) Importer(815301076,1909f56bfc062723c751e8b465ee728b)
Number of updated assets reloaded before import = 0
Start importing Assets/PolygonNatureBiomes/PNB_Tropical_Jungle/Prefabs/SM_Env_Fern_Part_03.prefab using Guid(b2b27aa9181a11641ad116524b066a94) Importer(815301076,1909f56bfc062723c751e8b465ee728b)  -> (artifact id: 'f5e39d3cdc50e21d962b7ca029648468') in 0.034603 seconds 
Number of asset objects unloaded after import = 27
========================================================================
Received Import Request.
  Time since last request: 0.000032 seconds.
  path: Assets/PolygonNatureBiomes/PNB_Tropical_Jungle/Models/SM_Env_Fern_Part_03.fbx
  artifactKey: Guid(58cf5e526f2df964e943b73d382e3b52) Importer(815301076,1909f56bfc062723c751e8b465ee728b)
Number of updated assets reloaded before import = 0
Start importing Assets/PolygonNatureBiomes/PNB_Tropical_Jungle/Models/SM_Env_Fern_Part_03.fbx using Guid(58cf5e526f2df964e943b73d382e3b52) Importer(815301076,1909f56bfc062723c751e8b465ee728b)  -> (artifact id: 'bbd4d2cd0334a2a9ea90e52c75bb3bd4') in 0.026551 seconds 
Number of asset objects unloaded after import = 15
========================================================================
Received Import Request.
  Time since last request: 0.511103 seconds.
  path: Assets/PolygonPirates/Models/SM_Env_Flowers_01.fbx
  artifactKey: Guid(e69bb0448af58804fb538f165182603d) Importer(815301076,1909f56bfc062723c751e8b465ee728b)
Number of updated assets reloaded before import = 0
Start importing Assets/PolygonPirates/Models/SM_Env_Flowers_01.fbx using Guid(e69bb0448af58804fb538f165182603d) Importer(815301076,1909f56bfc062723c751e8b465ee728b)  -> (artifact id: '3e4e3821e15508dcf634382e3b620326') in 0.013879 seconds 
Number of asset objects unloaded after import = 7
========================================================================
Received Import Request.
  Time since last request: 0.000025 seconds.
  path: Assets/PolygonNatureBiomes/PNB_Tropical_Jungle/Prefabs/SM_Env_Flowers_03.prefab
  artifactKey: Guid(b96ac4a5c87d0d7459b98dedad99cf52) Importer(815301076,1909f56bfc062723c751e8b465ee728b)
Number of updated assets reloaded before import = 0
Start importing Assets/PolygonNatureBiomes/PNB_Tropical_Jungle/Prefabs/SM_Env_Flowers_03.prefab using Guid(b96ac4a5c87d0d7459b98dedad99cf52) Importer(815301076,1909f56bfc062723c751e8b465ee728b)  -> (artifact id: '8d6798752bada2f41edfbf634d308515') in 0.020525 seconds 
Number of asset objects unloaded after import = 21
========================================================================
Received Import Request.
  Time since last request: 0.000024 seconds.
  path: Assets/PolygonNatureBiomes/PNB_Tropical_Jungle/Models/SM_Env_Flowers_02.fbx
  artifactKey: Guid(b9eba3859e0640b44b45a486e0d64069) Importer(815301076,1909f56bfc062723c751e8b465ee728b)
Number of updated assets reloaded before import = 0
Start importing Assets/PolygonNatureBiomes/PNB_Tropical_Jungle/Models/SM_Env_Flowers_02.fbx using Guid(b9eba3859e0640b44b45a486e0d64069) Importer(815301076,1909f56bfc062723c751e8b465ee728b)  -> (artifact id: 'd1144e86d2f6a3182733e696e2d5ae0c') in 0.035650 seconds 
Number of asset objects unloaded after import = 20
========================================================================
Received Import Request.
  Time since last request: 0.893150 seconds.
  path: Assets/PolygonNatureBiomes/PNB_Tropical_Jungle/Prefabs/SM_Env_Flowers_04.prefab
  artifactKey: Guid(745f567864e47194cb8a1e02878681ec) Importer(815301076,1909f56bfc062723c751e8b465ee728b)
Number of updated assets reloaded before import = 0
Start importing Assets/PolygonNatureBiomes/PNB_Tropical_Jungle/Prefabs/SM_Env_Flowers_04.prefab using Guid(745f567864e47194cb8a1e02878681ec) Importer(815301076,1909f56bfc062723c751e8b465ee728b)  -> (artifact id: '036ac02dcfbead9a50ea24777580d62a') in 0.019837 seconds 
Number of asset objects unloaded after import = 21
========================================================================
Received Import Request.
  Time since last request: 0.000020 seconds.
  path: Assets/PolygonNatureBiomes/PNB_Tropical_Jungle/Prefabs/SM_Env_Flowers_05.prefab
  artifactKey: Guid(bafd1445f32831e4d8a269ae843656ba) Importer(815301076,1909f56bfc062723c751e8b465ee728b)
Number of updated assets reloaded before import = 0
Start importing Assets/PolygonNatureBiomes/PNB_Tropical_Jungle/Prefabs/SM_Env_Flowers_05.prefab using Guid(bafd1445f32831e4d8a269ae843656ba) Importer(815301076,1909f56bfc062723c751e8b465ee728b)  -> (artifact id: '369c95099201dd3c3789915cbc997715') in 0.030894 seconds 
Number of asset objects unloaded after import = 26
========================================================================
Received Import Request.
  Time since last request: 0.000034 seconds.
  path: Assets/PolygonNatureBiomes/PNB_Tropical_Jungle/Models/SM_Env_Flowers_Flat_01.fbx
  artifactKey: Guid(036e8a60d42c22d46895e34fe18e9508) Importer(815301076,1909f56bfc062723c751e8b465ee728b)
Number of updated assets reloaded before import = 0
Start importing Assets/PolygonNatureBiomes/PNB_Tropical_Jungle/Models/SM_Env_Flowers_Flat_01.fbx using Guid(036e8a60d42c22d46895e34fe18e9508) Importer(815301076,1909f56bfc062723c751e8b465ee728b)  -> (artifact id: 'a6153993fdcc61750b7967c92d495a69') in 0.027477 seconds 
Number of asset objects unloaded after import = 7
========================================================================
Received Import Request.
  Time since last request: 0.000030 seconds.
  path: Assets/PolygonNatureBiomes/PNB_Tropical_Jungle/Models/SM_Env_Flowers_Flat_03.fbx
  artifactKey: Guid(806343e5c8b0bd947a858c7b2b0cd200) Importer(815301076,1909f56bfc062723c751e8b465ee728b)
Number of updated assets reloaded before import = 0
Start importing Assets/PolygonNatureBiomes/PNB_Tropical_Jungle/Models/SM_Env_Flowers_Flat_03.fbx using Guid(806343e5c8b0bd947a858c7b2b0cd200) Importer(815301076,1909f56bfc062723c751e8b465ee728b)  -> (artifact id: '8e22d8d4c025b9d54bf461ba14c54eb7') in 0.016443 seconds 
Number of asset objects unloaded after import = 7
========================================================================
Received Import Request.
  Time since last request: 0.000052 seconds.
  path: Assets/PolygonNatureBiomes/PNB_Core/Prefabs/SM_Env_Fog_Ring_01.prefab
  artifactKey: Guid(4ddb5313f19796442b505f8ba4d4378e) Importer(815301076,1909f56bfc062723c751e8b465ee728b)
Number of updated assets reloaded before import = 0
Start importing Assets/PolygonNatureBiomes/PNB_Core/Prefabs/SM_Env_Fog_Ring_01.prefab using Guid(4ddb5313f19796442b505f8ba4d4378e) Importer(815301076,1909f56bfc062723c751e8b465ee728b)  -> (artifact id: 'c94d158972d72eebcb6a450a2da55794') in 0.016952 seconds 
Number of asset objects unloaded after import = 9
========================================================================
Received Import Request.
  Time since last request: 0.000035 seconds.
  path: Assets/PolygonNatureBiomes/PNB_Tropical_Jungle/Prefabs/SM_Env_Flowers_Flat_03.prefab
  artifactKey: Guid(6084ba228920fa042b5ce5b9418aafc2) Importer(815301076,1909f56bfc062723c751e8b465ee728b)
Number of updated assets reloaded before import = 0
Start importing Assets/PolygonNatureBiomes/PNB_Tropical_Jungle/Prefabs/SM_Env_Flowers_Flat_03.prefab using Guid(6084ba228920fa042b5ce5b9418aafc2) Importer(815301076,1909f56bfc062723c751e8b465ee728b)  -> (artifact id: '81a65b7e2e0036790dfc151560f63f97') in 0.018505 seconds 
Number of asset objects unloaded after import = 20
========================================================================
Received Import Request.
  Time since last request: 1.992649 seconds.
  path: Assets/PolygonNatureBiomes/PNB_Core/Models/SM_Env_Grass_01.fbx
  artifactKey: Guid(ee26c0ade75d838479550e035b35ee19) Importer(815301076,1909f56bfc062723c751e8b465ee728b)
Number of updated assets reloaded before import = 0
Start importing Assets/PolygonNatureBiomes/PNB_Core/Models/SM_Env_Grass_01.fbx using Guid(ee26c0ade75d838479550e035b35ee19) Importer(815301076,1909f56bfc062723c751e8b465ee728b)  -> (artifact id: '519ac8ab09287211abad1f6c8d6a3db4') in 0.061411 seconds 
Number of asset objects unloaded after import = 20
========================================================================
Received Import Request.
  Time since last request: 0.000029 seconds.
  path: Assets/PolygonWestern/Models/SM_Env_Grass_03.fbx
  artifactKey: Guid(d2661e78bfbc56f43a7666f62d7e67c6) Importer(815301076,1909f56bfc062723c751e8b465ee728b)
Number of updated assets reloaded before import = 0
Start importing Assets/PolygonWestern/Models/SM_Env_Grass_03.fbx using Guid(d2661e78bfbc56f43a7666f62d7e67c6) Importer(815301076,1909f56bfc062723c751e8b465ee728b)  -> (artifact id: '4e7d8afbf2adace3cd986fb435d9ee26') in 0.013718 seconds 
Number of asset objects unloaded after import = 7
========================================================================
Received Import Request.
  Time since last request: 3.410768 seconds.
  path: Assets/PolygonPirates/Models/SM_Env_GrassPatch_01.fbx
  artifactKey: Guid(a9397fa50f8e1874caaf013ce065e167) Importer(815301076,1909f56bfc062723c751e8b465ee728b)
Number of updated assets reloaded before import = 0
Start importing Assets/PolygonPirates/Models/SM_Env_GrassPatch_01.fbx using Guid(a9397fa50f8e1874caaf013ce065e167) Importer(815301076,1909f56bfc062723c751e8b465ee728b)  -> (artifact id: '053a8cf1efff6fea75299cb7d1159db5') in 0.012389 seconds 
Number of asset objects unloaded after import = 7
========================================================================
Received Import Request.
  Time since last request: 0.000021 seconds.
  path: Assets/PolygonPirates/Models/SM_Env_GrassPatch_02.fbx
  artifactKey: Guid(5fbb4cd2d95e90942bcff5016c5a78da) Importer(815301076,1909f56bfc062723c751e8b465ee728b)
Number of updated assets reloaded before import = 0
Start importing Assets/PolygonPirates/Models/SM_Env_GrassPatch_02.fbx using Guid(5fbb4cd2d95e90942bcff5016c5a78da) Importer(815301076,1909f56bfc062723c751e8b465ee728b)  -> (artifact id: '18956c1757be43acb8895a600fe816c1') in 0.012526 seconds 
Number of asset objects unloaded after import = 7
========================================================================
Received Import Request.
  Time since last request: 0.000016 seconds.
  path: Assets/PolygonPirates/Prefabs/Environments/SM_Env_GrassPatch_03.prefab
  artifactKey: Guid(a27053aba3f81f143a78052e420f2d16) Importer(815301076,1909f56bfc062723c751e8b465ee728b)
Number of updated assets reloaded before import = 0
Start importing Assets/PolygonPirates/Prefabs/Environments/SM_Env_GrassPatch_03.prefab using Guid(a27053aba3f81f143a78052e420f2d16) Importer(815301076,1909f56bfc062723c751e8b465ee728b)  -> (artifact id: '4c2289e270b7a57f9562430fa72f19ad') in 0.012250 seconds 
Number of asset objects unloaded after import = 12
========================================================================
Received Import Request.
  Time since last request: 0.000023 seconds.
  path: Assets/PolygonNatureBiomes/PNB_Tropical_Jungle/Models/SM_Env_Ground_Cover_02.fbx
  artifactKey: Guid(09e0df5f691d80844b893a4870ef1a07) Importer(815301076,1909f56bfc062723c751e8b465ee728b)
Number of updated assets reloaded before import = 0
Start importing Assets/PolygonNatureBiomes/PNB_Tropical_Jungle/Models/SM_Env_Ground_Cover_02.fbx using Guid(09e0df5f691d80844b893a4870ef1a07) Importer(815301076,1909f56bfc062723c751e8b465ee728b)  -> (artifact id: '1bb8bf4c1ab96a695f1c2eed2a472fdc') in 0.029745 seconds 
Number of asset objects unloaded after import = 20
========================================================================
Received Import Request.
  Time since last request: 51.627386 seconds.
  path: Assets/PolygonNatureBiomes/PNB_Tropical_Jungle/Models/SM_Env_Ground_Cover_03.fbx
  artifactKey: Guid(b847410196f819e449845b68ff756c12) Importer(815301076,1909f56bfc062723c751e8b465ee728b)
Number of updated assets reloaded before import = 0
Start importing Assets/PolygonNatureBiomes/PNB_Tropical_Jungle/Models/SM_Env_Ground_Cover_03.fbx using Guid(b847410196f819e449845b68ff756c12) Importer(815301076,1909f56bfc062723c751e8b465ee728b)  -> (artifact id: 'b7bd54e3430168c98bc0c9066a697e3a') in 0.043524 seconds 
Number of asset objects unloaded after import = 20
========================================================================
Received Import Request.
  Time since last request: 0.000026 seconds.
  path: Assets/PolygonPirates/Models/SM_Env_PalmBush_03.fbx
  artifactKey: Guid(b803ce070d212e94d8efb4485ced34ae) Importer(815301076,1909f56bfc062723c751e8b465ee728b)
Number of updated assets reloaded before import = 0
Start importing Assets/PolygonPirates/Models/SM_Env_PalmBush_03.fbx using Guid(b803ce070d212e94d8efb4485ced34ae) Importer(815301076,1909f56bfc062723c751e8b465ee728b)  -> (artifact id: '3dd1a1a70aae3867d50c75eaec4f4a4c') in 0.015042 seconds 
Number of asset objects unloaded after import = 7
========================================================================
Received Import Request.
  Time since last request: 0.000024 seconds.
  path: Assets/PolygonPirates/Models/CollisionCustom/SM_Env_PalmTree_Tall_01_Collision.fbx
  artifactKey: Guid(b50164063629fac449934e4caf843eb3) Importer(815301076,1909f56bfc062723c751e8b465ee728b)
Number of updated assets reloaded before import = 0
Start importing Assets/PolygonPirates/Models/CollisionCustom/SM_Env_PalmTree_Tall_01_Collision.fbx using Guid(b50164063629fac449934e4caf843eb3) Importer(815301076,1909f56bfc062723c751e8b465ee728b)  -> (artifact id: '10b4a129105c2a80d7bb49f2a3ac25f1') in 0.012812 seconds 
Number of asset objects unloaded after import = 7
========================================================================
Received Import Request.
  Time since last request: 0.000019 seconds.
  path: Assets/PolygonNatureBiomes/PNB_Tropical_Jungle/Prefabs/SM_Env_Vines_03.prefab
  artifactKey: Guid(627f23d4de298c94e9cb989e31b155ed) Importer(815301076,1909f56bfc062723c751e8b465ee728b)
Number of updated assets reloaded before import = 0
Start importing Assets/PolygonNatureBiomes/PNB_Tropical_Jungle/Prefabs/SM_Env_Vines_03.prefab using Guid(627f23d4de298c94e9cb989e31b155ed) Importer(815301076,1909f56bfc062723c751e8b465ee728b)  -> (artifact id: 'af70ddb386b59fb7a92e7cdcbdd6d7c6') in 0.015772 seconds 
Number of asset objects unloaded after import = 13
========================================================================
Received Import Request.
  Time since last request: 0.000033 seconds.
  path: Assets/PolygonPirates/Models/SM_Item_Bag_02.fbx
  artifactKey: Guid(3f6e0c70943975142893e2ca11c5435b) Importer(815301076,1909f56bfc062723c751e8b465ee728b)
Number of updated assets reloaded before import = 0
Start importing Assets/PolygonPirates/Models/SM_Item_Bag_02.fbx using Guid(3f6e0c70943975142893e2ca11c5435b) Importer(815301076,1909f56bfc062723c751e8b465ee728b)  -> (artifact id: 'ada62840ee5da756d6252e9451086f84') in 0.013638 seconds 
Number of asset objects unloaded after import = 7
========================================================================
Received Import Request.
  Time since last request: 0.000024 seconds.
  path: Assets/PolygonPirates/Models/CollisionCustom/SM_Env_PalmTree_Tall_02_Collision.fbx
  artifactKey: Guid(6e8799ac86679b749b4541ebc702263c) Importer(815301076,1909f56bfc062723c751e8b465ee728b)
Number of updated assets reloaded before import = 0
Start importing Assets/PolygonPirates/Models/CollisionCustom/SM_Env_PalmTree_Tall_02_Collision.fbx using Guid(6e8799ac86679b749b4541ebc702263c) Importer(815301076,1909f56bfc062723c751e8b465ee728b)  -> (artifact id: '8a81d1db432d25cf3ec5ade06f437995') in 0.014467 seconds 
Number of asset objects unloaded after import = 7
========================================================================
Received Import Request.
  Time since last request: 0.000018 seconds.
  path: Assets/PolygonPirates/Prefabs/Items/SM_Item_Bomb_01.prefab
  artifactKey: Guid(0c74bb863bb2ece4193dd15ae219eb9b) Importer(815301076,1909f56bfc062723c751e8b465ee728b)
Number of updated assets reloaded before import = 0
Start importing Assets/PolygonPirates/Prefabs/Items/SM_Item_Bomb_01.prefab using Guid(0c74bb863bb2ece4193dd15ae219eb9b) Importer(815301076,1909f56bfc062723c751e8b465ee728b)  -> (artifact id: 'ae1946b3ab988b500a818e8e24d730c7') in 0.013454 seconds 
Number of asset objects unloaded after import = 12
========================================================================
Received Import Request.
  Time since last request: 0.000026 seconds.
  path: Assets/PolygonPirates/Prefabs/Props/SM_Prop_Sack_02.prefab
  artifactKey: Guid(df4dd451b7c12e848b18d0de841899d1) Importer(815301076,1909f56bfc062723c751e8b465ee728b)
Number of updated assets reloaded before import = 0
Start importing Assets/PolygonPirates/Prefabs/Props/SM_Prop_Sack_02.prefab using Guid(df4dd451b7c12e848b18d0de841899d1) Importer(815301076,1909f56bfc062723c751e8b465ee728b)  -> (artifact id: '10ea831ac9ab7fbeeb382103fa99c838') in 0.012563 seconds 
Number of asset objects unloaded after import = 12
========================================================================
Received Import Request.
  Time since last request: 0.000026 seconds.
  path: Assets/PolygonPirates/Models/CollisionCustom/SM_Veh_Veh_Boat_Large_01_Hull_Collision.fbx
  artifactKey: Guid(34f1a28e97fa40b48845cac26b338e8c) Importer(815301076,1909f56bfc062723c751e8b465ee728b)
Number of updated assets reloaded before import = 0
Start importing Assets/PolygonPirates/Models/CollisionCustom/SM_Veh_Veh_Boat_Large_01_Hull_Collision.fbx using Guid(34f1a28e97fa40b48845cac26b338e8c) Importer(815301076,1909f56bfc062723c751e8b465ee728b)  -> (artifact id: '028c28fe20db8f4501a20b416db3a0d9') in 0.012179 seconds 
Number of asset objects unloaded after import = 7
========================================================================
Received Import Request.
  Time since last request: 0.000030 seconds.
  path: Assets/PolygonPirates/Prefabs/Weapons/SM_Wep_Cutlass_05.prefab
  artifactKey: Guid(4261eebf0440a6b489aa7d4ce834ca45) Importer(815301076,1909f56bfc062723c751e8b465ee728b)
Number of updated assets reloaded before import = 0
Start importing Assets/PolygonPirates/Prefabs/Weapons/SM_Wep_Cutlass_05.prefab using Guid(4261eebf0440a6b489aa7d4ce834ca45) Importer(815301076,1909f56bfc062723c751e8b465ee728b)  -> (artifact id: '10819ac5d2a75a2725d123a10f6677e8') in 0.010498 seconds 
Number of asset objects unloaded after import = 12
========================================================================
Received Import Request.
  Time since last request: 0.000022 seconds.
  path: Assets/PolygonPirates/Prefabs/Weapons/SM_Wep_Cutlass_01.prefab
  artifactKey: Guid(6e20f0d3eb67ca04c86f350bf30bc93b) Importer(815301076,1909f56bfc062723c751e8b465ee728b)
Number of updated assets reloaded before import = 0
Start importing Assets/PolygonPirates/Prefabs/Weapons/SM_Wep_Cutlass_01.prefab using Guid(6e20f0d3eb67ca04c86f350bf30bc93b) Importer(815301076,1909f56bfc062723c751e8b465ee728b)  -> (artifact id: '3cef8056ec1f7882c974c4248e32915f') in 0.012886 seconds 
Number of asset objects unloaded after import = 12
========================================================================
Received Import Request.
  Time since last request: 0.000026 seconds.
  path: Assets/PolygonPirates/Prefabs/Weapons/SM_Wep_MusketPistol_04.prefab
  artifactKey: Guid(29b9f54949a9953499c792913fbfa1e1) Importer(815301076,1909f56bfc062723c751e8b465ee728b)
Number of updated assets reloaded before import = 0
Start importing Assets/PolygonPirates/Prefabs/Weapons/SM_Wep_MusketPistol_04.prefab using Guid(29b9f54949a9953499c792913fbfa1e1) Importer(815301076,1909f56bfc062723c751e8b465ee728b)  -> (artifact id: '215a5efb4ea4378ef66b1f08ebbe0afe') in 0.010183 seconds 
Number of asset objects unloaded after import = 12
========================================================================
Received Import Request.
  Time since last request: 0.000023 seconds.
  path: Assets/PolygonPirates/Models/SM_Wep_Rapier_01_Sheath.fbx
  artifactKey: Guid(f681a51fb8a943e489145ef2fe0092bc) Importer(815301076,1909f56bfc062723c751e8b465ee728b)
Number of updated assets reloaded before import = 0
Start importing Assets/PolygonPirates/Models/SM_Wep_Rapier_01_Sheath.fbx using Guid(f681a51fb8a943e489145ef2fe0092bc) Importer(815301076,1909f56bfc062723c751e8b465ee728b)  -> (artifact id: 'c8906e9aa8a47895fcf8840be2635107') in 0.012496 seconds 
Number of asset objects unloaded after import = 7
========================================================================
Received Import Request.
  Time since last request: 0.000023 seconds.
  path: Assets/PolygonPirates/Models/SM_Wep_Axe_01.fbx
  artifactKey: Guid(7d97b88482e0b8f4fb150062e2313622) Importer(815301076,1909f56bfc062723c751e8b465ee728b)
Number of updated assets reloaded before import = 0
Start importing Assets/PolygonPirates/Models/SM_Wep_Axe_01.fbx using Guid(7d97b88482e0b8f4fb150062e2313622) Importer(815301076,1909f56bfc062723c751e8b465ee728b)  -> (artifact id: '73e26be271c31f62926c8c322b55e382') in 0.018254 seconds 
Number of asset objects unloaded after import = 7
========================================================================
Received Import Request.
  Time since last request: 0.000021 seconds.
  path: Assets/PolygonPirates/Prefabs/Items/SM_Item_Bottle_Candle_02.prefab
  artifactKey: Guid(cfdf9904baa544d47bbc141a59d04908) Importer(815301076,1909f56bfc062723c751e8b465ee728b)
Number of updated assets reloaded before import = 0
Start importing Assets/PolygonPirates/Prefabs/Items/SM_Item_Bottle_Candle_02.prefab using Guid(cfdf9904baa544d47bbc141a59d04908) Importer(815301076,1909f56bfc062723c751e8b465ee728b)  -> (artifact id: '70e6c201e294200812b9c67c6536ac54') in 0.013653 seconds 
Number of asset objects unloaded after import = 12
========================================================================
Received Import Request.
  Time since last request: 0.000026 seconds.
  path: Assets/PolygonNatureBiomes/PNB_Tropical_Jungle/Models/SM_Prop_Raft_Oar_01.fbx
  artifactKey: Guid(bc88ac6193e06e84da31beec9c8c6b69) Importer(815301076,1909f56bfc062723c751e8b465ee728b)
Number of updated assets reloaded before import = 0
Start importing Assets/PolygonNatureBiomes/PNB_Tropical_Jungle/Models/SM_Prop_Raft_Oar_01.fbx using Guid(bc88ac6193e06e84da31beec9c8c6b69) Importer(815301076,1909f56bfc062723c751e8b465ee728b)  -> (artifact id: '31fe2df7ea6b85878872a7c1898eb2da') in 0.012462 seconds 
Number of asset objects unloaded after import = 7
========================================================================
Received Import Request.
  Time since last request: 0.000023 seconds.
  path: Assets/PolygonPirates/Models/SM_Wep_MusketPistol_01.fbx
  artifactKey: Guid(1a45c811748705447ae844b82a6f07b7) Importer(815301076,1909f56bfc062723c751e8b465ee728b)
Number of updated assets reloaded before import = 0
Start importing Assets/PolygonPirates/Models/SM_Wep_MusketPistol_01.fbx using Guid(1a45c811748705447ae844b82a6f07b7) Importer(815301076,1909f56bfc062723c751e8b465ee728b)  -> (artifact id: '90c59e9988690c7f78344be08b997c17') in 0.011777 seconds 
Number of asset objects unloaded after import = 7
========================================================================
Received Import Request.
  Time since last request: 0.000032 seconds.
  path: Assets/PolygonPirates/Prefabs/Weapons/SM_Wep_Pistol_02.prefab
  artifactKey: Guid(33cbf006e792b9b479144b63005b8626) Importer(815301076,1909f56bfc062723c751e8b465ee728b)
Number of updated assets reloaded before import = 0
Start importing Assets/PolygonPirates/Prefabs/Weapons/SM_Wep_Pistol_02.prefab using Guid(33cbf006e792b9b479144b63005b8626) Importer(815301076,1909f56bfc062723c751e8b465ee728b)  -> (artifact id: '98f3f52edc89f1beef9d7bf7d7a9c520') in 0.010913 seconds 
Number of asset objects unloaded after import = 12
========================================================================
Received Import Request.
  Time since last request: 0.000020 seconds.
  path: Assets/PolygonPirates/Models/SM_Wep_Sabre_01.fbx
  artifactKey: Guid(605e43d2b34256b499ae5158fc54e065) Importer(815301076,1909f56bfc062723c751e8b465ee728b)
Number of updated assets reloaded before import = 0
Start importing Assets/PolygonPirates/Models/SM_Wep_Sabre_01.fbx using Guid(605e43d2b34256b499ae5158fc54e065) Importer(815301076,1909f56bfc062723c751e8b465ee728b)  -> (artifact id: 'e5ec7c7eaa92c80f1446ac55a4ec3c3f') in 0.011590 seconds 
Number of asset objects unloaded after import = 7
========================================================================
Received Import Request.
  Time since last request: 0.000023 seconds.
  path: Assets/PolygonPirates/Models/SM_Wep_Rifle_01.fbx
  artifactKey: Guid(39ae8618fdf0a544384e3b025d4fe826) Importer(815301076,1909f56bfc062723c751e8b465ee728b)
Number of updated assets reloaded before import = 0
Start importing Assets/PolygonPirates/Models/SM_Wep_Rifle_01.fbx using Guid(39ae8618fdf0a544384e3b025d4fe826) Importer(815301076,1909f56bfc062723c751e8b465ee728b)  -> (artifact id: '4b404df06ec4a9db55b8f122bec2a0c6') in 0.012062 seconds 
Number of asset objects unloaded after import = 7
========================================================================
Received Import Request.
  Time since last request: 0.000018 seconds.
  path: Assets/PolygonNatureBiomes/PNB_Tropical_Jungle/Prefabs/SM_Env_Volcano_01.prefab
  artifactKey: Guid(1b837cc600e88a5439111ce45e2ca0a8) Importer(815301076,1909f56bfc062723c751e8b465ee728b)
Number of updated assets reloaded before import = 0
Start importing Assets/PolygonNatureBiomes/PNB_Tropical_Jungle/Prefabs/SM_Env_Volcano_01.prefab using Guid(1b837cc600e88a5439111ce45e2ca0a8) Importer(815301076,1909f56bfc062723c751e8b465ee728b)  -> (artifact id: 'e476d7c3555d3fba3219cf42423fd719') in 0.015499 seconds 
Number of asset objects unloaded after import = 11
========================================================================
Received Import Request.
  Time since last request: 0.000016 seconds.
  path: Assets/PolygonPirates/Prefabs/Environments/SM_Env_PalmTree_Tall_02.prefab
  artifactKey: Guid(8176d927b34bcb748b33cf131c6f0600) Importer(815301076,1909f56bfc062723c751e8b465ee728b)
Number of updated assets reloaded before import = 0
Start importing Assets/PolygonPirates/Prefabs/Environments/SM_Env_PalmTree_Tall_02.prefab using Guid(8176d927b34bcb748b33cf131c6f0600) Importer(815301076,1909f56bfc062723c751e8b465ee728b)  -> (artifact id: '1886ca9276ea644c53c31ae4c090b461') in 0.011044 seconds 
Number of asset objects unloaded after import = 12
========================================================================
Received Import Request.
  Time since last request: 0.000034 seconds.
  path: Assets/PolygonPirates/Models/SM_Wep_Pistol_02_Separate.fbx
  artifactKey: Guid(db4e7a6b10cc8024baeb5e665f95cad0) Importer(815301076,1909f56bfc062723c751e8b465ee728b)
Number of updated assets reloaded before import = 0
Start importing Assets/PolygonPirates/Models/SM_Wep_Pistol_02_Separate.fbx using Guid(db4e7a6b10cc8024baeb5e665f95cad0) Importer(815301076,1909f56bfc062723c751e8b465ee728b)  -> (artifact id: '50a341d4736390bec076639a6a334b63') in 0.021593 seconds 
Number of asset objects unloaded after import = 14
========================================================================
Received Import Request.
  Time since last request: 0.000038 seconds.
  path: Assets/PolygonPirates/Prefabs/Environments/SM_Env_Tree_Vines_01.prefab
  artifactKey: Guid(509ce055e3e7b2e458b05260bdf87f7e) Importer(815301076,1909f56bfc062723c751e8b465ee728b)
Number of updated assets reloaded before import = 0
Start importing Assets/PolygonPirates/Prefabs/Environments/SM_Env_Tree_Vines_01.prefab using Guid(509ce055e3e7b2e458b05260bdf87f7e) Importer(815301076,1909f56bfc062723c751e8b465ee728b)  -> (artifact id: '0f065ebaf6bde6aa2d7b989c3212a6f9') in 0.011494 seconds 
Number of asset objects unloaded after import = 10
========================================================================
Received Import Request.
  Time since last request: 0.000037 seconds.
  path: Assets/PolygonPirates/Prefabs/Weapons/SM_Wep_BlunderBuss_01_Separate.prefab
  artifactKey: Guid(6d8e16f52dd03e24492e6f6e5435bd0c) Importer(815301076,1909f56bfc062723c751e8b465ee728b)
Number of updated assets reloaded before import = 0
Start importing Assets/PolygonPirates/Prefabs/Weapons/SM_Wep_BlunderBuss_01_Separate.prefab using Guid(6d8e16f52dd03e24492e6f6e5435bd0c) Importer(815301076,1909f56bfc062723c751e8b465ee728b)  -> (artifact id: '8e8b1f3195d8cb693fee235bf375d22b') in 0.014608 seconds 
Number of asset objects unloaded after import = 17
========================================================================
Received Import Request.
  Time since last request: 0.000028 seconds.
  path: Assets/PolygonPirates/Prefabs/Environments/SM_Env_PalmTree_03.prefab
  artifactKey: Guid(ff55c53b30dc5cc4a882b2c38c4bd8f2) Importer(815301076,1909f56bfc062723c751e8b465ee728b)
Number of updated assets reloaded before import = 0
Start importing Assets/PolygonPirates/Prefabs/Environments/SM_Env_PalmTree_03.prefab using Guid(ff55c53b30dc5cc4a882b2c38c4bd8f2) Importer(815301076,1909f56bfc062723c751e8b465ee728b)  -> (artifact id: 'a80beefabd9726c76126cb51924c3fbf') in 0.012383 seconds 
Number of asset objects unloaded after import = 12
========================================================================
Received Import Request.
  Time since last request: 0.000029 seconds.
  path: Assets/PolygonNatureBiomes/PNB_Tropical_Jungle/Models/SM_Env_Vines_04.fbx
  artifactKey: Guid(69e95f178c86e3f44af1c9fed9437102) Importer(815301076,1909f56bfc062723c751e8b465ee728b)
Number of updated assets reloaded before import = 0
Start importing Assets/PolygonNatureBiomes/PNB_Tropical_Jungle/Models/SM_Env_Vines_04.fbx using Guid(69e95f178c86e3f44af1c9fed9437102) Importer(815301076,1909f56bfc062723c751e8b465ee728b)  -> (artifact id: '4517a67c2aa8da6cd9bdef8299637049') in 0.012103 seconds 
Number of asset objects unloaded after import = 7
========================================================================
Received Import Request.
  Time since last request: 0.000025 seconds.
  path: Assets/PolygonPirates/Models/SM_Wep_MusketPistol_DoubleBarrel_02_Separate.fbx
  artifactKey: Guid(a38341e93be34e54e93427f2062b224c) Importer(815301076,1909f56bfc062723c751e8b465ee728b)
Number of updated assets reloaded before import = 0
Start importing Assets/PolygonPirates/Models/SM_Wep_MusketPistol_DoubleBarrel_02_Separate.fbx using Guid(a38341e93be34e54e93427f2062b224c) Importer(815301076,1909f56bfc062723c751e8b465ee728b)  -> (artifact id: 'd6f1aaf0d3b8c17c6801397426666bc8') in 0.029546 seconds 
Number of asset objects unloaded after import = 17
========================================================================
Received Import Request.
  Time since last request: 0.000021 seconds.
  path: Assets/PolygonPirates/Models/SM_Prop_Raft_01.fbx
  artifactKey: Guid(36d362d81a5c331409996f11e0d481a9) Importer(815301076,1909f56bfc062723c751e8b465ee728b)
Number of updated assets reloaded before import = 0
Start importing Assets/PolygonPirates/Models/SM_Prop_Raft_01.fbx using Guid(36d362d81a5c331409996f11e0d481a9) Importer(815301076,1909f56bfc062723c751e8b465ee728b)  -> (artifact id: '71bdd2d92343890f49037370a82dbd9a') in 0.012735 seconds 
Number of asset objects unloaded after import = 7
========================================================================
Received Import Request.
  Time since last request: 0.000019 seconds.
  path: Assets/PolygonPirates/Prefabs/Vehicles/SM_Veh_Veh_Boat_Large_01_Hull_Pirate.prefab
  artifactKey: Guid(98623ce8d34f75e4a9336156075cac17) Importer(815301076,1909f56bfc062723c751e8b465ee728b)
Number of updated assets reloaded before import = 0
Start importing Assets/PolygonPirates/Prefabs/Vehicles/SM_Veh_Veh_Boat_Large_01_Hull_Pirate.prefab using Guid(98623ce8d34f75e4a9336156075cac17) Importer(815301076,1909f56bfc062723c751e8b465ee728b)  -> (artifact id: '2ba470e0049093e5286c95a42e906452') in 0.016096 seconds 
Number of asset objects unloaded after import = 73
========================================================================
Received Import Request.
  Time since last request: 0.000022 seconds.
  path: Assets/PolygonPirates/Prefabs/Weapons/SM_Wep_Shortsword_01_Sheath.prefab
  artifactKey: Guid(d2799179d41b5244ea961abe78659f4e) Importer(815301076,1909f56bfc062723c751e8b465ee728b)
Number of updated assets reloaded before import = 0
Start importing Assets/PolygonPirates/Prefabs/Weapons/SM_Wep_Shortsword_01_Sheath.prefab using Guid(d2799179d41b5244ea961abe78659f4e) Importer(815301076,1909f56bfc062723c751e8b465ee728b)  -> (artifact id: 'd53e169f22654c5bd2f4d11f643b45ad') in 0.010717 seconds 
Number of asset objects unloaded after import = 12
========================================================================
Received Import Request.
  Time since last request: 0.000024 seconds.
  path: Assets/PolygonPirates/Prefabs/Items/SM_Item_Bottle_03.prefab
  artifactKey: Guid(eb2834de9304430498a4187bc75d9c2d) Importer(815301076,1909f56bfc062723c751e8b465ee728b)
Number of updated assets reloaded before import = 0
Start importing Assets/PolygonPirates/Prefabs/Items/SM_Item_Bottle_03.prefab using Guid(eb2834de9304430498a4187bc75d9c2d) Importer(815301076,1909f56bfc062723c751e8b465ee728b)  -> (artifact id: '255681a1336ac32d62e1e6eda30f953b') in 0.010796 seconds 
Number of asset objects unloaded after import = 12
========================================================================
Received Import Request.
  Time since last request: 0.000018 seconds.
  path: Assets/PolygonPirates/Prefabs/Environments/SM_Env_GroundLeaves_01.prefab
  artifactKey: Guid(731eb2202f8de58428448813aa7f1a75) Importer(815301076,1909f56bfc062723c751e8b465ee728b)
Number of updated assets reloaded before import = 0
Start importing Assets/PolygonPirates/Prefabs/Environments/SM_Env_GroundLeaves_01.prefab using Guid(731eb2202f8de58428448813aa7f1a75) Importer(815301076,1909f56bfc062723c751e8b465ee728b)  -> (artifact id: '736693e27d02293cf50b32b40c8e07ee') in 0.010397 seconds 
Number of asset objects unloaded after import = 10
========================================================================
Received Import Request.
  Time since last request: 0.000021 seconds.
  path: Assets/PolygonPirates/Prefabs/Weapons/SM_Wep_Dagger_01.prefab
  artifactKey: Guid(35eb5f7f35ca8e54889c663db5ee4520) Importer(815301076,1909f56bfc062723c751e8b465ee728b)
Number of updated assets reloaded before import = 0
Start importing Assets/PolygonPirates/Prefabs/Weapons/SM_Wep_Dagger_01.prefab using Guid(35eb5f7f35ca8e54889c663db5ee4520) Importer(815301076,1909f56bfc062723c751e8b465ee728b)  -> (artifact id: 'd891f34e277724173473a601bad2a972') in 0.010800 seconds 
Number of asset objects unloaded after import = 12
========================================================================
Received Import Request.
  Time since last request: 0.000023 seconds.
  path: Assets/PolygonNatureBiomes/PNB_Tropical_Jungle/Models/SM_Prop_Raft_01.fbx
  artifactKey: Guid(7dd82a7054871fc47bb9c3c65ab46e8d) Importer(815301076,1909f56bfc062723c751e8b465ee728b)
Number of updated assets reloaded before import = 0
Start importing Assets/PolygonNatureBiomes/PNB_Tropical_Jungle/Models/SM_Prop_Raft_01.fbx using Guid(7dd82a7054871fc47bb9c3c65ab46e8d) Importer(815301076,1909f56bfc062723c751e8b465ee728b)  -> (artifact id: '6ea6c1339172ad87e96433634fbb8913') in 0.014753 seconds 
Number of asset objects unloaded after import = 7
========================================================================
Received Import Request.
  Time since last request: 0.000021 seconds.
  path: Assets/PolygonPirates/Prefabs/Weapons/SM_Wep_Pistol_DoubleBarrel_01_Separate.prefab
  artifactKey: Guid(34fdda6b27540c4418aff07770b61717) Importer(815301076,1909f56bfc062723c751e8b465ee728b)
Number of updated assets reloaded before import = 0
Start importing Assets/PolygonPirates/Prefabs/Weapons/SM_Wep_Pistol_DoubleBarrel_01_Separate.prefab using Guid(34fdda6b27540c4418aff07770b61717) Importer(815301076,1909f56bfc062723c751e8b465ee728b)  -> (artifact id: '95cea7c94e2ae92a65b6f9032eb4ab88') in 0.011213 seconds 
Number of asset objects unloaded after import = 17
========================================================================
Received Import Request.
  Time since last request: 0.000022 seconds.
  path: Assets/PolygonPirates/Prefabs/Weapons/SM_Wep_MusketPistol_05_Separate.prefab
  artifactKey: Guid(fbf598fed60893d409ef4136fc805306) Importer(815301076,1909f56bfc062723c751e8b465ee728b)
Number of updated assets reloaded before import = 0
Start importing Assets/PolygonPirates/Prefabs/Weapons/SM_Wep_MusketPistol_05_Separate.prefab using Guid(fbf598fed60893d409ef4136fc805306) Importer(815301076,1909f56bfc062723c751e8b465ee728b)  -> (artifact id: 'fe8f35575f66ad1264d35005b6b74bfa') in 0.010304 seconds 
Number of asset objects unloaded after import = 17
========================================================================
Received Import Request.
  Time since last request: 0.000031 seconds.
  path: Assets/PolygonPirates/Prefabs/Props/SM_Prop_Rope_Fence_01.prefab
  artifactKey: Guid(911339a7f13acc54a9546d61196f8f4a) Importer(815301076,1909f56bfc062723c751e8b465ee728b)
Number of updated assets reloaded before import = 0
Start importing Assets/PolygonPirates/Prefabs/Props/SM_Prop_Rope_Fence_01.prefab using Guid(911339a7f13acc54a9546d61196f8f4a) Importer(815301076,1909f56bfc062723c751e8b465ee728b)  -> (artifact id: '06c55d514f26665e9e7b2d35578b9108') in 0.010809 seconds 
Number of asset objects unloaded after import = 12
========================================================================
Received Import Request.
  Time since last request: 0.000024 seconds.
  path: Assets/PolygonPirates/Models/SM_Item_Bomb_01.fbx
  artifactKey: Guid(dc4d54bc189b4fa409691c96af8e7ac2) Importer(815301076,1909f56bfc062723c751e8b465ee728b)
Number of updated assets reloaded before import = 0
Start importing Assets/PolygonPirates/Models/SM_Item_Bomb_01.fbx using Guid(dc4d54bc189b4fa409691c96af8e7ac2) Importer(815301076,1909f56bfc062723c751e8b465ee728b)  -> (artifact id: '3001338e92eb67ce13e6dba11dd78b3c') in 0.010898 seconds 
Number of asset objects unloaded after import = 7
========================================================================
Received Import Request.
  Time since last request: 0.000024 seconds.
  path: Assets/PolygonPirates/Prefabs/Items/SM_Item_Bottle_Candle_01.prefab
  artifactKey: Guid(20f2557ed4f8d9b4393e2dac74eead8a) Importer(815301076,1909f56bfc062723c751e8b465ee728b)
Number of updated assets reloaded before import = 0
Start importing Assets/PolygonPirates/Prefabs/Items/SM_Item_Bottle_Candle_01.prefab using Guid(20f2557ed4f8d9b4393e2dac74eead8a) Importer(815301076,1909f56bfc062723c751e8b465ee728b)  -> (artifact id: 'c5ca07830e3e55a31e5f047c651c34d8') in 0.011900 seconds 
Number of asset objects unloaded after import = 12
========================================================================
Received Import Request.
  Time since last request: 0.000018 seconds.
  path: Assets/PolygonPirates/Prefabs/Environments/SM_Env_PalmBush_03.prefab
  artifactKey: Guid(475b0e29ccc50924a851f3fc5b3eb659) Importer(815301076,1909f56bfc062723c751e8b465ee728b)
Number of updated assets reloaded before import = 0
Start importing Assets/PolygonPirates/Prefabs/Environments/SM_Env_PalmBush_03.prefab using Guid(475b0e29ccc50924a851f3fc5b3eb659) Importer(815301076,1909f56bfc062723c751e8b465ee728b)  -> (artifact id: 'f02a75b05c76fe2a18644a542afdac7c') in 0.011831 seconds 
Number of asset objects unloaded after import = 10
========================================================================
Received Import Request.
  Time since last request: 0.000022 seconds.
  path: Assets/PolygonPirates/Models/CollisionCustom/SM_Env_PalmTree_01_Collision.fbx
  artifactKey: Guid(35957bc9815ae244e9d3ce6087ab137a) Importer(815301076,1909f56bfc062723c751e8b465ee728b)
Number of updated assets reloaded before import = 0
Start importing Assets/PolygonPirates/Models/CollisionCustom/SM_Env_PalmTree_01_Collision.fbx using Guid(35957bc9815ae244e9d3ce6087ab137a) Importer(815301076,1909f56bfc062723c751e8b465ee728b)  -> (artifact id: 'a7a91376d024866f871f2d3c66fcc040') in 0.010761 seconds 
Number of asset objects unloaded after import = 7
========================================================================
Received Import Request.
  Time since last request: 0.000018 seconds.
  path: Assets/PolygonNatureBiomes/PNB_Tropical_Jungle/Models/SM_Prop_PirateFlag_01.fbx
  artifactKey: Guid(4361dcd3dbe46b0458fc9bc79ccc205b) Importer(815301076,1909f56bfc062723c751e8b465ee728b)
Number of updated assets reloaded before import = 0
Start importing Assets/PolygonNatureBiomes/PNB_Tropical_Jungle/Models/SM_Prop_PirateFlag_01.fbx using Guid(4361dcd3dbe46b0458fc9bc79ccc205b) Importer(815301076,1909f56bfc062723c751e8b465ee728b)  -> (artifact id: '3986fa1952e54ccc57ff605dfc04d8fd') in 0.014287 seconds 
Number of asset objects unloaded after import = 7
========================================================================
Received Import Request.
  Time since last request: 0.000027 seconds.
  path: Assets/PolygonPirates/Prefabs/Weapons/SM_Wep_Dagger_02.prefab
  artifactKey: Guid(d43f2bfa2a48a5c4286141c62a64a497) Importer(815301076,1909f56bfc062723c751e8b465ee728b)
Number of updated assets reloaded before import = 0
Start importing Assets/PolygonPirates/Prefabs/Weapons/SM_Wep_Dagger_02.prefab using Guid(d43f2bfa2a48a5c4286141c62a64a497) Importer(815301076,1909f56bfc062723c751e8b465ee728b)  -> (artifact id: 'bf4f24fc1e8d026d9eeced2f4cb701eb') in 0.011784 seconds 
Number of asset objects unloaded after import = 12
========================================================================
Received Import Request.
  Time since last request: 0.000020 seconds.
  path: Assets/PolygonPirates/Prefabs/Items/SM_Item_Bottle_01.prefab
  artifactKey: Guid(64ddb092e43004748953d504e21df76e) Importer(815301076,1909f56bfc062723c751e8b465ee728b)
Number of updated assets reloaded before import = 0
Start importing Assets/PolygonPirates/Prefabs/Items/SM_Item_Bottle_01.prefab using Guid(64ddb092e43004748953d504e21df76e) Importer(815301076,1909f56bfc062723c751e8b465ee728b)  -> (artifact id: 'b0aefd358e4da7aa47a1f7edadcb051c') in 0.010971 seconds 
Number of asset objects unloaded after import = 12
========================================================================
Received Import Request.
  Time since last request: 0.000020 seconds.
  path: Assets/PolygonPirates/Prefabs/Weapons/SM_Wep_Axe_01.prefab
  artifactKey: Guid(d5073af628fcad643916d0b42aefc3ca) Importer(815301076,1909f56bfc062723c751e8b465ee728b)
Number of updated assets reloaded before import = 0
Start importing Assets/PolygonPirates/Prefabs/Weapons/SM_Wep_Axe_01.prefab using Guid(d5073af628fcad643916d0b42aefc3ca) Importer(815301076,1909f56bfc062723c751e8b465ee728b)  -> (artifact id: '0cf6d1eff1a75735f923d3747cc0607c') in 0.010350 seconds 
Number of asset objects unloaded after import = 12
========================================================================
Received Import Request.
  Time since last request: 0.000031 seconds.
  path: Assets/PolygonPirates/Models/SM_Env_Ocean_Tile_01.fbx
  artifactKey: Guid(d729563dbdf9c654f8064db8129f2288) Importer(815301076,1909f56bfc062723c751e8b465ee728b)
Number of updated assets reloaded before import = 0
Start importing Assets/PolygonPirates/Models/SM_Env_Ocean_Tile_01.fbx using Guid(d729563dbdf9c654f8064db8129f2288) Importer(815301076,1909f56bfc062723c751e8b465ee728b)  -> (artifact id: '820839240c709cd28d1ae28a5e516014') in 0.011518 seconds 
Number of asset objects unloaded after import = 9
========================================================================
Received Import Request.
  Time since last request: 0.000030 seconds.
  path: Assets/PolygonPirates/Prefabs/Weapons/SM_Wep_Cutlass_02_Sheath.prefab
  artifactKey: Guid(eee0924d40d816742a527fee3153e493) Importer(815301076,1909f56bfc062723c751e8b465ee728b)
Number of updated assets reloaded before import = 0
Start importing Assets/PolygonPirates/Prefabs/Weapons/SM_Wep_Cutlass_02_Sheath.prefab using Guid(eee0924d40d816742a527fee3153e493) Importer(815301076,1909f56bfc062723c751e8b465ee728b)  -> (artifact id: 'f0b77d3181c6a061a7ad3a5bfe941574') in 0.012609 seconds 
Number of asset objects unloaded after import = 12
========================================================================
Received Import Request.
  Time since last request: 0.000033 seconds.
  path: Assets/PolygonPirates/Models/SM_Prop_RoofFence_02.fbx
  artifactKey: Guid(8d9c57f95a50fdf45aefaac4b75f6793) Importer(815301076,1909f56bfc062723c751e8b465ee728b)
Number of updated assets reloaded before import = 0
Start importing Assets/PolygonPirates/Models/SM_Prop_RoofFence_02.fbx using Guid(8d9c57f95a50fdf45aefaac4b75f6793) Importer(815301076,1909f56bfc062723c751e8b465ee728b)  -> (artifact id: '89e88baa5bc12039e347a535f418cadb') in 0.011116 seconds 
Number of asset objects unloaded after import = 7
========================================================================
Received Import Request.
  Time since last request: 0.000024 seconds.
  path: Assets/PolygonNatureBiomes/PNB_Tropical_Jungle/Models/SM_Env_Vines_02.fbx
  artifactKey: Guid(fac22dbb6c49bb647bdd013618ea6833) Importer(815301076,1909f56bfc062723c751e8b465ee728b)
Number of updated assets reloaded before import = 0
Start importing Assets/PolygonNatureBiomes/PNB_Tropical_Jungle/Models/SM_Env_Vines_02.fbx using Guid(fac22dbb6c49bb647bdd013618ea6833) Importer(815301076,1909f56bfc062723c751e8b465ee728b)  -> (artifact id: 'aac4403b36fd7b2216a9e25969bbdb28') in 0.012713 seconds 
Number of asset objects unloaded after import = 7
========================================================================
Received Import Request.
  Time since last request: 0.000039 seconds.
  path: Assets/PolygonPirates/Prefabs/Weapons/SM_Wep_MusketPistol_DoubleBarrel_02_Separate.prefab
  artifactKey: Guid(7b1a9f9665b66274f95bcd6a00537783) Importer(815301076,1909f56bfc062723c751e8b465ee728b)
Number of updated assets reloaded before import = 0
Start importing Assets/PolygonPirates/Prefabs/Weapons/SM_Wep_MusketPistol_DoubleBarrel_02_Separate.prefab using Guid(7b1a9f9665b66274f95bcd6a00537783) Importer(815301076,1909f56bfc062723c751e8b465ee728b)  -> (artifact id: '237070bb0bac742053f7ca9efabddec2') in 0.010653 seconds 
Number of asset objects unloaded after import = 22
========================================================================
Received Import Request.
  Time since last request: 0.000023 seconds.
  path: Assets/PolygonPirates/Models/SM_Wep_Dagger_02.fbx
  artifactKey: Guid(056ef8be3bd10fd47b743741c0e1d450) Importer(815301076,1909f56bfc062723c751e8b465ee728b)
Number of updated assets reloaded before import = 0
Start importing Assets/PolygonPirates/Models/SM_Wep_Dagger_02.fbx using Guid(056ef8be3bd10fd47b743741c0e1d450) Importer(815301076,1909f56bfc062723c751e8b465ee728b)  -> (artifact id: 'df8f24f5f49b962bfe8c035feb17be61') in 0.015217 seconds 
Number of asset objects unloaded after import = 7
========================================================================
Received Import Request.
  Time since last request: 0.000031 seconds.
  path: Assets/PolygonPirates/Models/SM_Wep_MusketPistol_DoubleBarrel_01_Separate.fbx
  artifactKey: Guid(764968765af18534988665c4d56e2e68) Importer(815301076,1909f56bfc062723c751e8b465ee728b)
Number of updated assets reloaded before import = 0
Start importing Assets/PolygonPirates/Models/SM_Wep_MusketPistol_DoubleBarrel_01_Separate.fbx using Guid(764968765af18534988665c4d56e2e68) Importer(815301076,1909f56bfc062723c751e8b465ee728b)  -> (artifact id: '15761eb1b214d599efd1b21961ea713a') in 0.031207 seconds 
Number of asset objects unloaded after import = 17
========================================================================
Received Import Request.
  Time since last request: 0.000038 seconds.
  path: Assets/PolygonPirates/Models/SM_Wep_MusketPistol_03_Separate.fbx
  artifactKey: Guid(0e85364ef7a0e7e4a8519110dd4736f7) Importer(815301076,1909f56bfc062723c751e8b465ee728b)
Number of updated assets reloaded before import = 0
Start importing Assets/PolygonPirates/Models/SM_Wep_MusketPistol_03_Separate.fbx using Guid(0e85364ef7a0e7e4a8519110dd4736f7) Importer(815301076,1909f56bfc062723c751e8b465ee728b)  -> (artifact id: '273ca173b7f4a63754abba03cc18d572') in 0.019215 seconds 
Number of asset objects unloaded after import = 12
========================================================================
Received Import Request.
  Time since last request: 0.000024 seconds.
  path: Assets/PolygonPirates/Prefabs/Weapons/SM_Wep_Rifle_DoubleBarrel_01.prefab
  artifactKey: Guid(b65854583d108d44bbe0fe305a769cf1) Importer(815301076,1909f56bfc062723c751e8b465ee728b)
Number of updated assets reloaded before import = 0
Start importing Assets/PolygonPirates/Prefabs/Weapons/SM_Wep_Rifle_DoubleBarrel_01.prefab using Guid(b65854583d108d44bbe0fe305a769cf1) Importer(815301076,1909f56bfc062723c751e8b465ee728b)  -> (artifact id: '9ee01aab83ca04194c7732705430d56f') in 0.011029 seconds 
Number of asset objects unloaded after import = 12
========================================================================
Received Import Request.
  Time since last request: 0.000027 seconds.
  path: Assets/PolygonPirates/Models/SM_Prop_Pot_01.fbx
  artifactKey: Guid(c357fde6b71b5804caf1fdb5e3bf72f4) Importer(815301076,1909f56bfc062723c751e8b465ee728b)
Number of updated assets reloaded before import = 0
Start importing Assets/PolygonPirates/Models/SM_Prop_Pot_01.fbx using Guid(c357fde6b71b5804caf1fdb5e3bf72f4) Importer(815301076,1909f56bfc062723c751e8b465ee728b)  -> (artifact id: 'f358b06594c278b7010994d8a60710a5') in 0.013693 seconds 
Number of asset objects unloaded after import = 7
========================================================================
Received Import Request.
  Time since last request: 0.000025 seconds.
  path: Assets/PolygonPirates/Models/SM_Env_GroundLeaves_03.fbx
  artifactKey: Guid(b823554a67fbb774789f83ea109e5c0e) Importer(815301076,1909f56bfc062723c751e8b465ee728b)
Number of updated assets reloaded before import = 0
Start importing Assets/PolygonPirates/Models/SM_Env_GroundLeaves_03.fbx using Guid(b823554a67fbb774789f83ea109e5c0e) Importer(815301076,1909f56bfc062723c751e8b465ee728b)  -> (artifact id: 'cd6ea975fbe6e9fb78a159f1d7ffc4a8') in 0.016164 seconds 
Number of asset objects unloaded after import = 7
========================================================================
Received Import Request.
  Time since last request: 0.000022 seconds.
  path: Assets/PolygonPirates/Models/SM_Wep_Shortsword_01.fbx
  artifactKey: Guid(95b13b9bee895594893d5f1055c5c745) Importer(815301076,1909f56bfc062723c751e8b465ee728b)
Number of updated assets reloaded before import = 0
Start importing Assets/PolygonPirates/Models/SM_Wep_Shortsword_01.fbx using Guid(95b13b9bee895594893d5f1055c5c745) Importer(815301076,1909f56bfc062723c751e8b465ee728b)  -> (artifact id: 'df73920428cd0db0d58a0461e8d2ce8d') in 0.012067 seconds 
Number of asset objects unloaded after import = 7
========================================================================
Received Import Request.
  Time since last request: 0.000020 seconds.
  path: Assets/PolygonPirates/Prefabs/Props/SM_Prop_Planter_01.prefab
  artifactKey: Guid(5aca5137f02c6a24384afa5606a76365) Importer(815301076,1909f56bfc062723c751e8b465ee728b)
Number of updated assets reloaded before import = 0
Start importing Assets/PolygonPirates/Prefabs/Props/SM_Prop_Planter_01.prefab using Guid(5aca5137f02c6a24384afa5606a76365) Importer(815301076,1909f56bfc062723c751e8b465ee728b)  -> (artifact id: 'cfe3ab2e2c5f48994739cf98222f33d6') in 0.012534 seconds 
Number of asset objects unloaded after import = 12
========================================================================
Received Import Request.
  Time since last request: 0.000018 seconds.
  path: Assets/PolygonPirates/Models/SM_Wep_BlunderBuss_01_Separate.fbx
  artifactKey: Guid(43098dcaee86da24980bdbeaf8af1978) Importer(815301076,1909f56bfc062723c751e8b465ee728b)
Number of updated assets reloaded before import = 0
Start importing Assets/PolygonPirates/Models/SM_Wep_BlunderBuss_01_Separate.fbx using Guid(43098dcaee86da24980bdbeaf8af1978) Importer(815301076,1909f56bfc062723c751e8b465ee728b)  -> (artifact id: '95008be94e831bbb3dfc7e47ca7f0306') in 0.019565 seconds 
Number of asset objects unloaded after import = 12
========================================================================
Received Import Request.
  Time since last request: 0.000023 seconds.
  path: Assets/PolygonPirates/Prefabs/Environments/SM_Env_Ocean_Tile_01.prefab
  artifactKey: Guid(a1f656c69d2080948aa8bcd6456962b9) Importer(815301076,1909f56bfc062723c751e8b465ee728b)
Number of updated assets reloaded before import = 0
Start importing Assets/PolygonPirates/Prefabs/Environments/SM_Env_Ocean_Tile_01.prefab using Guid(a1f656c69d2080948aa8bcd6456962b9) Importer(815301076,1909f56bfc062723c751e8b465ee728b)  -> (artifact id: '2bdd3d202505ac3d165e7b5755471a16') in 0.009356 seconds 
Number of asset objects unloaded after import = 10
========================================================================
Received Import Request.
  Time since last request: 0.000030 seconds.
  path: Assets/PolygonPirates/Prefabs/Props/SM_Prop_Pole_01.prefab
  artifactKey: Guid(f2efd26f8087da14c8020f76899ba971) Importer(815301076,1909f56bfc062723c751e8b465ee728b)
Number of updated assets reloaded before import = 0
Start importing Assets/PolygonPirates/Prefabs/Props/SM_Prop_Pole_01.prefab using Guid(f2efd26f8087da14c8020f76899ba971) Importer(815301076,1909f56bfc062723c751e8b465ee728b)  -> (artifact id: 'cd10607d52269292bd970163765b1e2e') in 0.010488 seconds 
Number of asset objects unloaded after import = 12
========================================================================
Received Import Request.
  Time since last request: 0.000023 seconds.
  path: Assets/PolygonWestern/Models/SM_Prop_Pot_01.fbx
  artifactKey: Guid(0f4303ba898293e46840ee2e338e5503) Importer(815301076,1909f56bfc062723c751e8b465ee728b)
Number of updated assets reloaded before import = 0
Start importing Assets/PolygonWestern/Models/SM_Prop_Pot_01.fbx using Guid(0f4303ba898293e46840ee2e338e5503) Importer(815301076,1909f56bfc062723c751e8b465ee728b)  -> (artifact id: '14599aebf99a2b9218420f7b5da90836') in 0.012840 seconds 
Number of asset objects unloaded after import = 7
========================================================================
Received Import Request.
  Time since last request: 0.000028 seconds.
  path: Assets/PolygonPirates/Models/SM_Item_Bottle_Candle_01.fbx
  artifactKey: Guid(3c0878af98a381047a04157ab3de9279) Importer(815301076,1909f56bfc062723c751e8b465ee728b)
Number of updated assets reloaded before import = 0
Start importing Assets/PolygonPirates/Models/SM_Item_Bottle_Candle_01.fbx using Guid(3c0878af98a381047a04157ab3de9279) Importer(815301076,1909f56bfc062723c751e8b465ee728b)  -> (artifact id: '36678bab5741e3d3ffab203bed9e1e22') in 0.012580 seconds 
Number of asset objects unloaded after import = 7
========================================================================
Received Import Request.
  Time since last request: 0.000042 seconds.
  path: Assets/PolygonPirates/Prefabs/Weapons/SM_Wep_Cutlass_03.prefab
  artifactKey: Guid(622fc8383c73fb04bbc9754dd1899041) Importer(815301076,1909f56bfc062723c751e8b465ee728b)
Number of updated assets reloaded before import = 0
Start importing Assets/PolygonPirates/Prefabs/Weapons/SM_Wep_Cutlass_03.prefab using Guid(622fc8383c73fb04bbc9754dd1899041) Importer(815301076,1909f56bfc062723c751e8b465ee728b)  -> (artifact id: '1a85fa28bc6cb4494517e352c1120d52') in 0.012207 seconds 
Number of asset objects unloaded after import = 12
========================================================================
Received Import Request.
  Time since last request: 0.000021 seconds.
  path: Assets/PolygonPirates/Models/SM_Env_Mangrove_Tree_01.fbx
  artifactKey: Guid(209943e6e30c1654bbed03a6f1d76fc2) Importer(815301076,1909f56bfc062723c751e8b465ee728b)
Number of updated assets reloaded before import = 0
Start importing Assets/PolygonPirates/Models/SM_Env_Mangrove_Tree_01.fbx using Guid(209943e6e30c1654bbed03a6f1d76fc2) Importer(815301076,1909f56bfc062723c751e8b465ee728b)  -> (artifact id: '1951d621b8cb2540b1972e6545c9efc7') in 0.011371 seconds 
Number of asset objects unloaded after import = 7
========================================================================
Received Import Request.
  Time since last request: 0.000018 seconds.
  path: Assets/PolygonPirates/Models/SM_Wep_MusketPistol_02.fbx
  artifactKey: Guid(42960177de4538c47b56396f6560b3c7) Importer(815301076,1909f56bfc062723c751e8b465ee728b)
Number of updated assets reloaded before import = 0
Start importing Assets/PolygonPirates/Models/SM_Wep_MusketPistol_02.fbx using Guid(42960177de4538c47b56396f6560b3c7) Importer(815301076,1909f56bfc062723c751e8b465ee728b)  -> (artifact id: '082f3e6d82dad3d031d05e6af1608acb') in 0.011691 seconds 
Number of asset objects unloaded after import = 7
========================================================================
Received Import Request.
  Time since last request: 0.000020 seconds.
  path: Assets/PolygonPirates/Prefabs/Weapons/SM_Wep_BlunderBuss_01.prefab
  artifactKey: Guid(38a5a111ef2259e4ea7ab86844830372) Importer(815301076,1909f56bfc062723c751e8b465ee728b)
Number of updated assets reloaded before import = 0
Start importing Assets/PolygonPirates/Prefabs/Weapons/SM_Wep_BlunderBuss_01.prefab using Guid(38a5a111ef2259e4ea7ab86844830372) Importer(815301076,1909f56bfc062723c751e8b465ee728b)  -> (artifact id: 'd225b65094f6f295dd1b0d4145e422e0') in 0.010675 seconds 
Number of asset objects unloaded after import = 12
========================================================================
Received Import Request.
  Time since last request: 0.000043 seconds.
  path: Assets/PolygonPirates/Models/SM_Item_Bag_01.fbx
  artifactKey: Guid(1bacd61ec792c4f4cafd05f70a9dadb4) Importer(815301076,1909f56bfc062723c751e8b465ee728b)
Number of updated assets reloaded before import = 0
Start importing Assets/PolygonPirates/Models/SM_Item_Bag_01.fbx using Guid(1bacd61ec792c4f4cafd05f70a9dadb4) Importer(815301076,1909f56bfc062723c751e8b465ee728b)  -> (artifact id: 'c2af75f6dfd9d63bb63dde0d2a78cdd5') in 0.011338 seconds 
Number of asset objects unloaded after import = 7
========================================================================
Received Import Request.
  Time since last request: 0.000020 seconds.
  path: Assets/PolygonPirates/Prefabs/Environments/SM_Env_GroundLeaves_03.prefab
  artifactKey: Guid(47345e15c55c26b45b02acadb66b1944) Importer(815301076,1909f56bfc062723c751e8b465ee728b)
Number of updated assets reloaded before import = 0
Start importing Assets/PolygonPirates/Prefabs/Environments/SM_Env_GroundLeaves_03.prefab using Guid(47345e15c55c26b45b02acadb66b1944) Importer(815301076,1909f56bfc062723c751e8b465ee728b)  -> (artifact id: '876d00b8b3951b3809af37d0860c60c1') in 0.009960 seconds 
Number of asset objects unloaded after import = 10
========================================================================
Received Import Request.
  Time since last request: 0.000021 seconds.
  path: Assets/PolygonPirates/Prefabs/Props/SM_Prop_Raft_01.prefab
  artifactKey: Guid(004290e5228ae604bb73d33c8b53a0fc) Importer(815301076,1909f56bfc062723c751e8b465ee728b)
Number of updated assets reloaded before import = 0
Start importing Assets/PolygonPirates/Prefabs/Props/SM_Prop_Raft_01.prefab using Guid(004290e5228ae604bb73d33c8b53a0fc) Importer(815301076,1909f56bfc062723c751e8b465ee728b)  -> (artifact id: '375fd3f080fe26ae28becce8c6494035') in 0.013497 seconds 
Number of asset objects unloaded after import = 14
========================================================================
Received Import Request.
  Time since last request: 0.000024 seconds.
  path: Assets/PolygonPirates/Prefabs/Weapons/SM_Wep_MusketPistol_DoubleBarrel_02.prefab
  artifactKey: Guid(9adbe53aacf5f6d4491b67bb5f2a5166) Importer(815301076,1909f56bfc062723c751e8b465ee728b)
Number of updated assets reloaded before import = 0
Start importing Assets/PolygonPirates/Prefabs/Weapons/SM_Wep_MusketPistol_DoubleBarrel_02.prefab using Guid(9adbe53aacf5f6d4491b67bb5f2a5166) Importer(815301076,1909f56bfc062723c751e8b465ee728b)  -> (artifact id: '80459d706cf69f1c0f9830eff2333981') in 0.012963 seconds 
Number of asset objects unloaded after import = 12
========================================================================
Received Import Request.
  Time since last request: 0.000025 seconds.
  path: Assets/PolygonPirates/Prefabs/Items/SM_Item_Bag_Attachment_01.prefab
  artifactKey: Guid(afc17d1011405d44ea312707f1e84c3d) Importer(815301076,1909f56bfc062723c751e8b465ee728b)
Number of updated assets reloaded before import = 0
Start importing Assets/PolygonPirates/Prefabs/Items/SM_Item_Bag_Attachment_01.prefab using Guid(afc17d1011405d44ea312707f1e84c3d) Importer(815301076,1909f56bfc062723c751e8b465ee728b)  -> (artifact id: '94a7a81af83c4e6175672d18ac7f2ef1') in 0.011097 seconds 
Number of asset objects unloaded after import = 12
========================================================================
Received Import Request.
  Time since last request: 0.000022 seconds.
  path: Assets/PolygonPirates/Prefabs/Weapons/SM_Wep_BlunderBuss_02.prefab
  artifactKey: Guid(f307c758f9f292242bdcae726ecbe722) Importer(815301076,1909f56bfc062723c751e8b465ee728b)
Number of updated assets reloaded before import = 0
Start importing Assets/PolygonPirates/Prefabs/Weapons/SM_Wep_BlunderBuss_02.prefab using Guid(f307c758f9f292242bdcae726ecbe722) Importer(815301076,1909f56bfc062723c751e8b465ee728b)  -> (artifact id: '3d8aac11a2adc82914cc43a0a376ba10') in 0.010551 seconds 
Number of asset objects unloaded after import = 12
========================================================================
Received Import Request.
  Time since last request: 0.000024 seconds.
  path: Assets/PolygonPirates/Prefabs/Weapons/SM_Wep_MusketPistol_DoubleBarrel_01.prefab
  artifactKey: Guid(2c8aba36d65d32246bd774695ebc41a6) Importer(815301076,1909f56bfc062723c751e8b465ee728b)
Number of updated assets reloaded before import = 0
Start importing Assets/PolygonPirates/Prefabs/Weapons/SM_Wep_MusketPistol_DoubleBarrel_01.prefab using Guid(2c8aba36d65d32246bd774695ebc41a6) Importer(815301076,1909f56bfc062723c751e8b465ee728b)  -> (artifact id: 'a7d1ff1e0317f657c6fcc818bb6ec15f') in 0.010641 seconds 
Number of asset objects unloaded after import = 12
========================================================================
Received Import Request.
  Time since last request: 0.000022 seconds.
  path: Assets/PolygonPirates/Prefabs/Props/SM_Prop_RoofFence_02.prefab
  artifactKey: Guid(962fa9d7463338d4e961d02da9410b0e) Importer(815301076,1909f56bfc062723c751e8b465ee728b)
Number of updated assets reloaded before import = 0
Start importing Assets/PolygonPirates/Prefabs/Props/SM_Prop_RoofFence_02.prefab using Guid(962fa9d7463338d4e961d02da9410b0e) Importer(815301076,1909f56bfc062723c751e8b465ee728b)  -> (artifact id: '85ff9bb7150b1892ecce53dd02139414') in 0.010731 seconds 
Number of asset objects unloaded after import = 12
========================================================================
Received Import Request.
  Time since last request: 0.000018 seconds.
  path: Assets/PolygonPirates/Prefabs/Props/SM_Prop_RoofFence_01.prefab
  artifactKey: Guid(a26e427e53e3c1941919ea68425bafd2) Importer(815301076,1909f56bfc062723c751e8b465ee728b)
Number of updated assets reloaded before import = 0
Start importing Assets/PolygonPirates/Prefabs/Props/SM_Prop_RoofFence_01.prefab using Guid(a26e427e53e3c1941919ea68425bafd2) Importer(815301076,1909f56bfc062723c751e8b465ee728b)  -> (artifact id: '5497b3194a322837ff2c3356b2ad6356') in 0.011420 seconds 
Number of asset objects unloaded after import = 12
========================================================================
Received Import Request.
  Time since last request: 0.000023 seconds.
  path: Assets/PolygonPirates/Prefabs/Props/SM_Prop_Parrot_01.prefab
  artifactKey: Guid(e9d1b80d7de726c48aa1742de23ffd48) Importer(815301076,1909f56bfc062723c751e8b465ee728b)
Number of updated assets reloaded before import = 0
Start importing Assets/PolygonPirates/Prefabs/Props/SM_Prop_Parrot_01.prefab using Guid(e9d1b80d7de726c48aa1742de23ffd48) Importer(815301076,1909f56bfc062723c751e8b465ee728b)  -> (artifact id: '4b53920d2e3799a87a6507bf5ca9abd6') in 0.010304 seconds 
Number of asset objects unloaded after import = 12
========================================================================
Received Import Request.
  Time since last request: 0.000028 seconds.
  path: Assets/PolygonWestern/Models/SM_Prop_RoadSign_01.fbx
  artifactKey: Guid(95204484a97df824ea551f8a6cd1151e) Importer(815301076,1909f56bfc062723c751e8b465ee728b)
Number of updated assets reloaded before import = 0
Start importing Assets/PolygonWestern/Models/SM_Prop_RoadSign_01.fbx using Guid(95204484a97df824ea551f8a6cd1151e) Importer(815301076,1909f56bfc062723c751e8b465ee728b)  -> (artifact id: '4b241835f1e2b73845f8b8c9047fa127') in 0.012577 seconds 
Number of asset objects unloaded after import = 7
========================================================================
Received Import Request.
  Time since last request: 0.000018 seconds.
  path: Assets/PolygonPirates/Models/SM_Flag_Pirate_02.fbx
  artifactKey: Guid(5d8b6bd632b35f14988a6ce30cd2847a) Importer(815301076,1909f56bfc062723c751e8b465ee728b)
Number of updated assets reloaded before import = 0
Start importing Assets/PolygonPirates/Models/SM_Flag_Pirate_02.fbx using Guid(5d8b6bd632b35f14988a6ce30cd2847a) Importer(815301076,1909f56bfc062723c751e8b465ee728b)  -> (artifact id: '4dcf63286b98a30f0ea1d0cb1e2eef0c') in 0.013735 seconds 
Number of asset objects unloaded after import = 7
========================================================================
Received Import Request.
  Time since last request: 0.000024 seconds.
  path: Assets/PolygonPirates/Prefabs/Weapons/SM_Wep_MusketPistol_01_Separate.prefab
  artifactKey: Guid(7a2bd86e5fbe5614cbf6c3d2edcd89ac) Importer(815301076,1909f56bfc062723c751e8b465ee728b)
Number of updated assets reloaded before import = 0
Start importing Assets/PolygonPirates/Prefabs/Weapons/SM_Wep_MusketPistol_01_Separate.prefab using Guid(7a2bd86e5fbe5614cbf6c3d2edcd89ac) Importer(815301076,1909f56bfc062723c751e8b465ee728b)  -> (artifact id: 'e92693770c571a89a702eeee9fa7990c') in 0.012526 seconds 
Number of asset objects unloaded after import = 17
========================================================================
Received Import Request.
  Time since last request: 0.000026 seconds.
  path: Assets/PolygonPirates/Models/SM_Env_Tree_Vines_04.fbx
  artifactKey: Guid(dbf65538f19783b44954703906050135) Importer(815301076,1909f56bfc062723c751e8b465ee728b)
Number of updated assets reloaded before import = 0
Start importing Assets/PolygonPirates/Models/SM_Env_Tree_Vines_04.fbx using Guid(dbf65538f19783b44954703906050135) Importer(815301076,1909f56bfc062723c751e8b465ee728b)  -> (artifact id: '2a1e04f1cad3376f0aa7ab8bb1716ad5') in 0.013244 seconds 
Number of asset objects unloaded after import = 7
========================================================================
Received Import Request.
  Time since last request: 0.000017 seconds.
  path: Assets/PolygonPirates/Models/SM_Item_Bottle_Attachment_01.fbx
  artifactKey: Guid(b1fca0e45114c444886c00e1ba5a83ce) Importer(815301076,1909f56bfc062723c751e8b465ee728b)
Number of updated assets reloaded before import = 0
Start importing Assets/PolygonPirates/Models/SM_Item_Bottle_Attachment_01.fbx using Guid(b1fca0e45114c444886c00e1ba5a83ce) Importer(815301076,1909f56bfc062723c751e8b465ee728b)  -> (artifact id: '7b9b04e247995bdb41e539c5a10cea65') in 0.010271 seconds 
Number of asset objects unloaded after import = 7
========================================================================
Received Import Request.
  Time since last request: 0.000019 seconds.
  path: Assets/PolygonPirates/Prefabs/Props/SM_Prop_Planter_02.prefab
  artifactKey: Guid(a94e2e81703207e41829ec41da4aa66b) Importer(815301076,1909f56bfc062723c751e8b465ee728b)
Number of updated assets reloaded before import = 0
Start importing Assets/PolygonPirates/Prefabs/Props/SM_Prop_Planter_02.prefab using Guid(a94e2e81703207e41829ec41da4aa66b) Importer(815301076,1909f56bfc062723c751e8b465ee728b)  -> (artifact id: '0422e45081e250c4c50f97f904ecfddb') in 0.010448 seconds 
Number of asset objects unloaded after import = 12
========================================================================
Received Import Request.
  Time since last request: 0.000029 seconds.
  path: Assets/PolygonPirates/Models/SM_Wep_Rifle_01_Separate.fbx
  artifactKey: Guid(e914b5e607dd8d849bd637d17e000aa4) Importer(815301076,1909f56bfc062723c751e8b465ee728b)
Number of updated assets reloaded before import = 0
Start importing Assets/PolygonPirates/Models/SM_Wep_Rifle_01_Separate.fbx using Guid(e914b5e607dd8d849bd637d17e000aa4) Importer(815301076,1909f56bfc062723c751e8b465ee728b)  -> (artifact id: '4703534c899fd7126aa87dc80a78c452') in 0.020787 seconds 
Number of asset objects unloaded after import = 14
========================================================================
Received Import Request.
  Time since last request: 0.000037 seconds.
  path: Assets/PolygonPirates/Prefabs/Weapons/SM_Wep_Rapier_01.prefab
  artifactKey: Guid(b32c6b4eae614e846bbaea9b1cf32b79) Importer(815301076,1909f56bfc062723c751e8b465ee728b)
Number of updated assets reloaded before import = 0
Start importing Assets/PolygonPirates/Prefabs/Weapons/SM_Wep_Rapier_01.prefab using Guid(b32c6b4eae614e846bbaea9b1cf32b79) Importer(815301076,1909f56bfc062723c751e8b465ee728b)  -> (artifact id: 'c8afb8d14551ce8f9de7d3244483b8fe') in 0.009696 seconds 
Number of asset objects unloaded after import = 12
========================================================================
Received Import Request.
  Time since last request: 0.000021 seconds.
  path: Assets/PolygonPirates/Prefabs/Environments/SM_Env_Mangrove_Tree_02.prefab
  artifactKey: Guid(16b19d5b7b2ae024bab41e01ee8a37c5) Importer(815301076,1909f56bfc062723c751e8b465ee728b)
Number of updated assets reloaded before import = 0
Start importing Assets/PolygonPirates/Prefabs/Environments/SM_Env_Mangrove_Tree_02.prefab using Guid(16b19d5b7b2ae024bab41e01ee8a37c5) Importer(815301076,1909f56bfc062723c751e8b465ee728b)  -> (artifact id: 'b635eff349815b016d7dbd1714a3c01e') in 0.010276 seconds 
Number of asset objects unloaded after import = 16
========================================================================
Received Import Request.
  Time since last request: 0.000025 seconds.
  path: Assets/PolygonPirates/Models/SM_Wep_Pistol_01.fbx
  artifactKey: Guid(5c1d358019d558842ba8c1b157e0c090) Importer(815301076,1909f56bfc062723c751e8b465ee728b)
Number of updated assets reloaded before import = 0
Start importing Assets/PolygonPirates/Models/SM_Wep_Pistol_01.fbx using Guid(5c1d358019d558842ba8c1b157e0c090) Importer(815301076,1909f56bfc062723c751e8b465ee728b)  -> (artifact id: '1a56cbd6de1ae75616674496f4c11978') in 0.011440 seconds 
Number of asset objects unloaded after import = 7
========================================================================
Received Import Request.
  Time since last request: 0.000029 seconds.
  path: Assets/PolygonPirates/Prefabs/Weapons/SM_Wep_MusketPistol_03.prefab
  artifactKey: Guid(396383f0ca648f24ba78772065411234) Importer(815301076,1909f56bfc062723c751e8b465ee728b)
Number of updated assets reloaded before import = 0
Start importing Assets/PolygonPirates/Prefabs/Weapons/SM_Wep_MusketPistol_03.prefab using Guid(396383f0ca648f24ba78772065411234) Importer(815301076,1909f56bfc062723c751e8b465ee728b)  -> (artifact id: 'a46ab50062f80b22a53a466e74ec6eff') in 0.012366 seconds 
Number of asset objects unloaded after import = 12
========================================================================
Received Import Request.
  Time since last request: 0.000020 seconds.
  path: Assets/PolygonPirates/Models/SM_Wep_Shortsword_02.fbx
  artifactKey: Guid(d32828cb150860940baf6c5d8985245a) Importer(815301076,1909f56bfc062723c751e8b465ee728b)
Number of updated assets reloaded before import = 0
Start importing Assets/PolygonPirates/Models/SM_Wep_Shortsword_02.fbx using Guid(d32828cb150860940baf6c5d8985245a) Importer(815301076,1909f56bfc062723c751e8b465ee728b)  -> (artifact id: 'b9a8177f827ff72b3d9d5ce56f1bf465') in 0.013145 seconds 
Number of asset objects unloaded after import = 7
========================================================================
Received Import Request.
  Time since last request: 0.000023 seconds.
  path: Assets/PolygonPirates/Models/SM_Flag_Pirate_01.fbx
  artifactKey: Guid(083b1d5a79e232a43a7943bcc0d845bb) Importer(815301076,1909f56bfc062723c751e8b465ee728b)
Number of updated assets reloaded before import = 0
Start importing Assets/PolygonPirates/Models/SM_Flag_Pirate_01.fbx using Guid(083b1d5a79e232a43a7943bcc0d845bb) Importer(815301076,1909f56bfc062723c751e8b465ee728b)  -> (artifact id: 'ea14d7638ff55d2100715759492b6db6') in 0.011052 seconds 
Number of asset objects unloaded after import = 7
========================================================================
Received Import Request.
  Time since last request: 1.171257 seconds.
  path: Assets/PolygonWestern/Models/SM_Veh_Stagecoach_01.fbx
  artifactKey: Guid(31df0c18789189b4baff448d1eeba89d) Importer(815301076,1909f56bfc062723c751e8b465ee728b)
Number of updated assets reloaded before import = 0
Start importing Assets/PolygonWestern/Models/SM_Veh_Stagecoach_01.fbx using Guid(31df0c18789189b4baff448d1eeba89d) Importer(815301076,1909f56bfc062723c751e8b465ee728b)  -> (artifact id: '7467e86eb243b8b510ab320a11f22bb2') in 0.063544 seconds 
Number of asset objects unloaded after import = 42
========================================================================
Received Import Request.
  Time since last request: 0.000020 seconds.
  path: Assets/PolygonPirates/Prefabs/Vehicles/SM_Veh_Veh_Boat_Large_01_Hull_Attachments.prefab
  artifactKey: Guid(0d71d30c9fed80c44b9d25ec8f50c8f8) Importer(815301076,1909f56bfc062723c751e8b465ee728b)
Number of updated assets reloaded before import = 0
Start importing Assets/PolygonPirates/Prefabs/Vehicles/SM_Veh_Veh_Boat_Large_01_Hull_Attachments.prefab using Guid(0d71d30c9fed80c44b9d25ec8f50c8f8) Importer(815301076,1909f56bfc062723c751e8b465ee728b)  -> (artifact id: 'a111405e2dbc63e15690e6a4a76e81f4') in 0.020841 seconds 
Number of asset objects unloaded after import = 177
========================================================================
Received Import Request.
  Time since last request: 0.000033 seconds.
  path: Assets/PolygonPirates/Prefabs/Vehicles/SM_Veh_Veh_Boat_Large_01_Hull.prefab
  artifactKey: Guid(a57d219dfbf573148919563ede30982f) Importer(815301076,1909f56bfc062723c751e8b465ee728b)
Number of updated assets reloaded before import = 0
Start importing Assets/PolygonPirates/Prefabs/Vehicles/SM_Veh_Veh_Boat_Large_01_Hull.prefab using Guid(a57d219dfbf573148919563ede30982f) Importer(815301076,1909f56bfc062723c751e8b465ee728b)  -> (artifact id: 'd86cf080b8f1ed3ed38de4ec43a6fc54') in 0.016217 seconds 
Number of asset objects unloaded after import = 73
========================================================================
Received Import Request.
  Time since last request: 0.335593 seconds.
  path: Assets/PolygonWestern/Models/SM_Veh_Cart_01.fbx
  artifactKey: Guid(31182badf6f318447a3c36d11c544025) Importer(815301076,1909f56bfc062723c751e8b465ee728b)
Number of updated assets reloaded before import = 0
Start importing Assets/PolygonWestern/Models/SM_Veh_Cart_01.fbx using Guid(31182badf6f318447a3c36d11c544025) Importer(815301076,1909f56bfc062723c751e8b465ee728b)  -> (artifact id: '28c84fd9983ed896c16c438fe1c59d8f') in 0.019631 seconds 
Number of asset objects unloaded after import = 12
========================================================================
Received Import Request.
  Time since last request: 0.000023 seconds.
  path: Assets/PolygonPirates/Models/SM_Veh_Extra_Gun_01.fbx
  artifactKey: Guid(35e953d362c4b4a48ae23affe29cef7d) Importer(815301076,1909f56bfc062723c751e8b465ee728b)
Number of updated assets reloaded before import = 0
Start importing Assets/PolygonPirates/Models/SM_Veh_Extra_Gun_01.fbx using Guid(35e953d362c4b4a48ae23affe29cef7d) Importer(815301076,1909f56bfc062723c751e8b465ee728b)  -> (artifact id: '360108e0131940eec6ed67afef794b92') in 0.038284 seconds 
Number of asset objects unloaded after import = 17
========================================================================
Received Import Request.
  Time since last request: 0.000063 seconds.
  path: Assets/PolygonPirates/Prefabs/Vehicles/SM_Veh_Extra_Gun_01_Pirate.prefab
  artifactKey: Guid(8366d4254621ee142804ee460119165f) Importer(815301076,1909f56bfc062723c751e8b465ee728b)
Number of updated assets reloaded before import = 0
Start importing Assets/PolygonPirates/Prefabs/Vehicles/SM_Veh_Extra_Gun_01_Pirate.prefab using Guid(8366d4254621ee142804ee460119165f) Importer(815301076,1909f56bfc062723c751e8b465ee728b)  -> (artifact id: '6c48c9682001ddb69a6b0e202d5cde10') in 0.017154 seconds 
Number of asset objects unloaded after import = 22
========================================================================
Received Import Request.
  Time since last request: 0.000030 seconds.
  path: Assets/PolygonNatureBiomes/PNB_Tropical_Jungle/Prefabs/Props/SM_Veh_Outrigger_Canoe_01.prefab
  artifactKey: Guid(65dda62d80ce41a4fb439fea240a5cfc) Importer(815301076,1909f56bfc062723c751e8b465ee728b)
Number of updated assets reloaded before import = 0
Start importing Assets/PolygonNatureBiomes/PNB_Tropical_Jungle/Prefabs/Props/SM_Veh_Outrigger_Canoe_01.prefab using Guid(65dda62d80ce41a4fb439fea240a5cfc) Importer(815301076,1909f56bfc062723c751e8b465ee728b)  -> (artifact id: '1057c8f98a8e6fad2fc6b47e13dd0ce4') in 0.020516 seconds 
Number of asset objects unloaded after import = 17
========================================================================
Received Import Request.
  Time since last request: 0.387656 seconds.
  path: Assets/PolygonPirates/Models/SM_Veh_Boat_Warship_01_Hull.fbx
  artifactKey: Guid(de8c294bdc5567a4bae4775acb4b78d2) Importer(815301076,1909f56bfc062723c751e8b465ee728b)
Number of updated assets reloaded before import = 0
Start importing Assets/PolygonPirates/Models/SM_Veh_Boat_Warship_01_Hull.fbx using Guid(de8c294bdc5567a4bae4775acb4b78d2) Importer(815301076,1909f56bfc062723c751e8b465ee728b)  -> (artifact id: '6018e6d0612a4f193999a2851e3d6102') in 0.115385 seconds 
Number of asset objects unloaded after import = 72
========================================================================
Received Import Request.
  Time since last request: 0.000025 seconds.
  path: Assets/PolygonPirates/Models/SM_Veh_Boat_Rowing_01_Hull.fbx
  artifactKey: Guid(9e2ca1b3a4930a0478e9a1785b96f2dd) Importer(815301076,1909f56bfc062723c751e8b465ee728b)
Number of updated assets reloaded before import = 0
Start importing Assets/PolygonPirates/Models/SM_Veh_Boat_Rowing_01_Hull.fbx using Guid(9e2ca1b3a4930a0478e9a1785b96f2dd) Importer(815301076,1909f56bfc062723c751e8b465ee728b)  -> (artifact id: '2ecc921b981542acee0e2de713e43fcf') in 0.013157 seconds 
Number of asset objects unloaded after import = 7
========================================================================
Received Import Request.
  Time since last request: 0.000047 seconds.
  path: Assets/PolygonPirates/Models/SM_Veh_Boat_Small_01_Hull_Pirate.fbx
  artifactKey: Guid(6b5cdd3185cfe2241855d542c77e53fa) Importer(815301076,1909f56bfc062723c751e8b465ee728b)
Number of updated assets reloaded before import = 0
Start importing Assets/PolygonPirates/Models/SM_Veh_Boat_Small_01_Hull_Pirate.fbx using Guid(6b5cdd3185cfe2241855d542c77e53fa) Importer(815301076,1909f56bfc062723c751e8b465ee728b)  -> (artifact id: '9bdf7b81c92afe0f227bf3eaad85f0cb') in 0.011345 seconds 
Number of asset objects unloaded after import = 7
========================================================================
Received Import Request.
  Time since last request: 0.000019 seconds.
  path: Assets/PolygonPirates/Prefabs/Vehicles/SM_Veh_Boat_Small_01_Hull_Attachments.prefab
  artifactKey: Guid(9d5b13edea1092d4e9bd42c283067998) Importer(815301076,1909f56bfc062723c751e8b465ee728b)
Number of updated assets reloaded before import = 0
Start importing Assets/PolygonPirates/Prefabs/Vehicles/SM_Veh_Boat_Small_01_Hull_Attachments.prefab using Guid(9d5b13edea1092d4e9bd42c283067998) Importer(815301076,1909f56bfc062723c751e8b465ee728b)  -> (artifact id: '41bdd33342de4a5c1fa67a73fbaa8b24') in 0.012262 seconds 
Number of asset objects unloaded after import = 31
========================================================================
Received Import Request.
  Time since last request: 0.000023 seconds.
  path: Assets/PolygonPirates/Prefabs/Vehicles/SM_Veh_Boat_Warship_01_Hull_Bare.prefab
  artifactKey: Guid(00f2a498c7e05f64ca529c8b767d9bbc) Importer(815301076,1909f56bfc062723c751e8b465ee728b)
Number of updated assets reloaded before import = 0
Start importing Assets/PolygonPirates/Prefabs/Vehicles/SM_Veh_Boat_Warship_01_Hull_Bare.prefab using Guid(00f2a498c7e05f64ca529c8b767d9bbc) Importer(815301076,1909f56bfc062723c751e8b465ee728b)  -> (artifact id: 'e02b8653bd8f85810a6d09de3777ae93') in 0.015432 seconds 
Number of asset objects unloaded after import = 12
========================================================================
Received Import Request.
  Time since last request: 0.000023 seconds.
  path: Assets/PolygonPirates/Models/SM_Veh_Boat_Warship_01_Hull_Pirate.fbx
  artifactKey: Guid(8c8080c50351bef40a8bb789b2f4b5e7) Importer(815301076,1909f56bfc062723c751e8b465ee728b)
Number of updated assets reloaded before import = 0
Start importing Assets/PolygonPirates/Models/SM_Veh_Boat_Warship_01_Hull_Pirate.fbx using Guid(8c8080c50351bef40a8bb789b2f4b5e7) Importer(815301076,1909f56bfc062723c751e8b465ee728b)  -> (artifact id: 'd6487bc441548faf6b2c254c97adcd8f') in 0.124192 seconds 
Number of asset objects unloaded after import = 72
========================================================================
Received Import Request.
  Time since last request: 0.000034 seconds.
  path: Assets/PolygonPirates/Prefabs/Vehicles/SM_Veh_Boat_Medium_01_Hull_Pirate.prefab
  artifactKey: Guid(ef94ea0131455ed4cbdd3b8edf856594) Importer(815301076,1909f56bfc062723c751e8b465ee728b)
Number of updated assets reloaded before import = 0
Start importing Assets/PolygonPirates/Prefabs/Vehicles/SM_Veh_Boat_Medium_01_Hull_Pirate.prefab using Guid(ef94ea0131455ed4cbdd3b8edf856594) Importer(815301076,1909f56bfc062723c751e8b465ee728b)  -> (artifact id: '5a5b1f219180b38460053d54dea2f102') in 0.016893 seconds 
Number of asset objects unloaded after import = 35
========================================================================
Received Import Request.
  Time since last request: 0.000032 seconds.
  path: Assets/PolygonPirates/Models/SM_Veh_Boat_Medium_01_Hull_Pirate.fbx
  artifactKey: Guid(fc79d4ed5e3978944ba84ff64e10a3f3) Importer(815301076,1909f56bfc062723c751e8b465ee728b)
Number of updated assets reloaded before import = 0
Start importing Assets/PolygonPirates/Models/SM_Veh_Boat_Medium_01_Hull_Pirate.fbx using Guid(fc79d4ed5e3978944ba84ff64e10a3f3) Importer(815301076,1909f56bfc062723c751e8b465ee728b)  -> (artifact id: 'de56c0c746a5864dfa491572608c91c6') in 0.034504 seconds 
Number of asset objects unloaded after import = 22
========================================================================
Received Import Request.
  Time since last request: 0.786158 seconds.
  path: Assets/PolygonWestern/Models/SM_Prop_Wood_Pile_01.fbx
  artifactKey: Guid(4ca3f9a3da21db346845f2c3d64a99db) Importer(815301076,1909f56bfc062723c751e8b465ee728b)
Number of updated assets reloaded before import = 0
Start importing Assets/PolygonWestern/Models/SM_Prop_Wood_Pile_01.fbx using Guid(4ca3f9a3da21db346845f2c3d64a99db) Importer(815301076,1909f56bfc062723c751e8b465ee728b)  -> (artifact id: '6a4b65d875105481276813149509ca5b') in 0.019222 seconds 
Number of asset objects unloaded after import = 7
========================================================================
Received Import Request.
  Time since last request: 0.000027 seconds.
  path: Assets/PolygonPirates/Models/CollisionCustom/SM_Veh_Boat_Medium_01_Hull_Collision.fbx
  artifactKey: Guid(60178b8b289271c44bc9dab35c7a851a) Importer(815301076,1909f56bfc062723c751e8b465ee728b)
Number of updated assets reloaded before import = 0
Start importing Assets/PolygonPirates/Models/CollisionCustom/SM_Veh_Boat_Medium_01_Hull_Collision.fbx using Guid(60178b8b289271c44bc9dab35c7a851a) Importer(815301076,1909f56bfc062723c751e8b465ee728b)  -> (artifact id: '999fafcee9adc96a74b2f379ef996277') in 0.012862 seconds 
Number of asset objects unloaded after import = 7
========================================================================
Received Import Request.
  Time since last request: 0.000022 seconds.
  path: Assets/PolygonPirates/Prefabs/Vehicles/SM_Veh_Boat_Medium_01_Hull.prefab
  artifactKey: Guid(0961be66582a8714db9e751ce4630aed) Importer(815301076,1909f56bfc062723c751e8b465ee728b)
Number of updated assets reloaded before import = 0
Start importing Assets/PolygonPirates/Prefabs/Vehicles/SM_Veh_Boat_Medium_01_Hull.prefab using Guid(0961be66582a8714db9e751ce4630aed) Importer(815301076,1909f56bfc062723c751e8b465ee728b)  -> (artifact id: 'cdfdfc96fd16a6b80e5a870351bc55cd') in 0.014117 seconds 
Number of asset objects unloaded after import = 35
========================================================================
Received Import Request.
  Time since last request: 0.000045 seconds.
  path: Assets/PolygonPirates/Models/SM_Prop_WoodPlank_01.fbx
  artifactKey: Guid(8c9a278919c7b3a4cb4ca295f635fc43) Importer(815301076,1909f56bfc062723c751e8b465ee728b)
Number of updated assets reloaded before import = 0
Start importing Assets/PolygonPirates/Models/SM_Prop_WoodPlank_01.fbx using Guid(8c9a278919c7b3a4cb4ca295f635fc43) Importer(815301076,1909f56bfc062723c751e8b465ee728b)  -> (artifact id: '9bf87b8dfe3c7c790818f5e82700adcc') in 0.011434 seconds 
Number of asset objects unloaded after import = 7
========================================================================
Received Import Request.
  Time since last request: 0.000020 seconds.
  path: Assets/PolygonPirates/Prefabs/Props/SM_Prop_WoodPlank_02.prefab
  artifactKey: Guid(d6a762afd50d1e74ea907997e23f76ea) Importer(815301076,1909f56bfc062723c751e8b465ee728b)
Number of updated assets reloaded before import = 0
Start importing Assets/PolygonPirates/Prefabs/Props/SM_Prop_WoodPlank_02.prefab using Guid(d6a762afd50d1e74ea907997e23f76ea) Importer(815301076,1909f56bfc062723c751e8b465ee728b)  -> (artifact id: 'f52de6ae37f93a0b1fda185ec80cbc4d') in 0.009712 seconds 
Number of asset objects unloaded after import = 12
========================================================================
Received Import Request.
  Time since last request: 0.371757 seconds.
  path: Assets/PolygonNatureBiomes/PNB_Tropical_Jungle/Prefabs/Props/SM_Prop_Whale_Skeleton_Vertebra_01.prefab
  artifactKey: Guid(deee6edd9deaa904089315de2f73719c) Importer(815301076,1909f56bfc062723c751e8b465ee728b)
Number of updated assets reloaded before import = 0
Start importing Assets/PolygonNatureBiomes/PNB_Tropical_Jungle/Prefabs/Props/SM_Prop_Whale_Skeleton_Vertebra_01.prefab using Guid(deee6edd9deaa904089315de2f73719c) Importer(815301076,1909f56bfc062723c751e8b465ee728b)  -> (artifact id: 'ae3b95b733711fb0dcf7c7b5d76d7af2') in 0.037379 seconds 
Number of asset objects unloaded after import = 18
========================================================================
Received Import Request.
  Time since last request: 0.000019 seconds.
  path: Assets/PolygonPirates/Prefabs/Props/SM_Prop_Window_04.prefab
  artifactKey: Guid(5eb83018eb9f6554bb394b1fe1600ca3) Importer(815301076,1909f56bfc062723c751e8b465ee728b)
Number of updated assets reloaded before import = 0
Start importing Assets/PolygonPirates/Prefabs/Props/SM_Prop_Window_04.prefab using Guid(5eb83018eb9f6554bb394b1fe1600ca3) Importer(815301076,1909f56bfc062723c751e8b465ee728b)  -> (artifact id: '15720a657be9cac85451b83c90c1ef93') in 0.011031 seconds 
Number of asset objects unloaded after import = 12
========================================================================
Received Import Request.
  Time since last request: 0.000033 seconds.
  path: Assets/PolygonPirates/Prefabs/Props/SM_Prop_Window_Top_02.prefab
  artifactKey: Guid(36798034d515a584396c4591cb4fc79e) Importer(815301076,1909f56bfc062723c751e8b465ee728b)
Number of updated assets reloaded before import = 0
Start importing Assets/PolygonPirates/Prefabs/Props/SM_Prop_Window_Top_02.prefab using Guid(36798034d515a584396c4591cb4fc79e) Importer(815301076,1909f56bfc062723c751e8b465ee728b)  -> (artifact id: '4182b9ce8366ae54585ed3123615e107') in 0.010155 seconds 
Number of asset objects unloaded after import = 12
========================================================================
Received Import Request.
  Time since last request: 0.000027 seconds.
  path: Assets/PolygonPirates/Models/SM_Prop_Window_03.fbx
  artifactKey: Guid(3cf54cda375b5994e9cc5c2402fe3e3b) Importer(815301076,1909f56bfc062723c751e8b465ee728b)
Number of updated assets reloaded before import = 0
Start importing Assets/PolygonPirates/Models/SM_Prop_Window_03.fbx using Guid(3cf54cda375b5994e9cc5c2402fe3e3b) Importer(815301076,1909f56bfc062723c751e8b465ee728b)  -> (artifact id: 'ed2d22027ed0cc4c17f054453592f813') in 0.012535 seconds 
Number of asset objects unloaded after import = 7
========================================================================
Received Import Request.
  Time since last request: 0.000019 seconds.
  path: Assets/PolygonNatureBiomes/PNB_Tropical_Jungle/Models/SM_Prop_Whale_Skeleton_Ribcage_01.fbx
  artifactKey: Guid(c936b750c65ae7449ac6387b240799ee) Importer(815301076,1909f56bfc062723c751e8b465ee728b)
Number of updated assets reloaded before import = 0
Start importing Assets/PolygonNatureBiomes/PNB_Tropical_Jungle/Models/SM_Prop_Whale_Skeleton_Ribcage_01.fbx using Guid(c936b750c65ae7449ac6387b240799ee) Importer(815301076,1909f56bfc062723c751e8b465ee728b)  -> (artifact id: 'b8f3799c05261321e4f8dac0a117c9ab') in 0.012878 seconds 
Number of asset objects unloaded after import = 7
========================================================================
Received Import Request.
  Time since last request: 0.000028 seconds.
  path: Assets/PolygonNatureBiomes/PNB_Tropical_Jungle/Prefabs/Props/SM_Prop_Whale_Skeleton_Tail_01.prefab
  artifactKey: Guid(2c3225da3f1bc6d439215fc78f9b7da3) Importer(815301076,1909f56bfc062723c751e8b465ee728b)
Number of updated assets reloaded before import = 0
Start importing Assets/PolygonNatureBiomes/PNB_Tropical_Jungle/Prefabs/Props/SM_Prop_Whale_Skeleton_Tail_01.prefab using Guid(2c3225da3f1bc6d439215fc78f9b7da3) Importer(815301076,1909f56bfc062723c751e8b465ee728b)  -> (artifact id: 'f7b5d11e8acb9780169f05f86081f1bc') in 0.018029 seconds 
Number of asset objects unloaded after import = 18
========================================================================
Received Import Request.
  Time since last request: 0.000035 seconds.
  path: Assets/PolygonPirates/Prefabs/Props/SM_Prop_WindowBars_01.prefab
  artifactKey: Guid(47154e107fb1da144a8206414a78d2fb) Importer(815301076,1909f56bfc062723c751e8b465ee728b)
Number of updated assets reloaded before import = 0
Start importing Assets/PolygonPirates/Prefabs/Props/SM_Prop_WindowBars_01.prefab using Guid(47154e107fb1da144a8206414a78d2fb) Importer(815301076,1909f56bfc062723c751e8b465ee728b)  -> (artifact id: '812b0d3aae47d9f5e89d9670545a3dad') in 0.012454 seconds 
Number of asset objects unloaded after import = 12
========================================================================
Received Import Request.
  Time since last request: 0.000017 seconds.
  path: Assets/PolygonNatureBiomes/PNB_Tropical_Jungle/Models/SM_Prop_Whale_Skeleton_Ribcage_02.fbx
  artifactKey: Guid(c3bff30016a647143b46c3aec678eeff) Importer(815301076,1909f56bfc062723c751e8b465ee728b)
Number of updated assets reloaded before import = 0
Start importing Assets/PolygonNatureBiomes/PNB_Tropical_Jungle/Models/SM_Prop_Whale_Skeleton_Ribcage_02.fbx using Guid(c3bff30016a647143b46c3aec678eeff) Importer(815301076,1909f56bfc062723c751e8b465ee728b)  -> (artifact id: '4aad09e919831b49795d5e10038f7a14') in 0.012934 seconds 
Number of asset objects unloaded after import = 7
========================================================================
Received Import Request.
  Time since last request: 0.000024 seconds.
  path: Assets/PolygonPirates/Models/SM_Prop_Window_Top_02.fbx
  artifactKey: Guid(5782bad9090257341963dd4e30dc359c) Importer(815301076,1909f56bfc062723c751e8b465ee728b)
Number of updated assets reloaded before import = 0
Start importing Assets/PolygonPirates/Models/SM_Prop_Window_Top_02.fbx using Guid(5782bad9090257341963dd4e30dc359c) Importer(815301076,1909f56bfc062723c751e8b465ee728b)  -> (artifact id: '909bc399f191ca0ac04e566366f73183') in 0.010649 seconds 
Number of asset objects unloaded after import = 7
========================================================================
Received Import Request.
  Time since last request: 0.214127 seconds.
  path: Assets/PolygonPirates/Prefabs/Props/SM_Prop_Well_01.prefab
  artifactKey: Guid(73d20dd5bfa19dc4f9db0c30b21c07e1) Importer(815301076,1909f56bfc062723c751e8b465ee728b)
Number of updated assets reloaded before import = 0
Start importing Assets/PolygonPirates/Prefabs/Props/SM_Prop_Well_01.prefab using Guid(73d20dd5bfa19dc4f9db0c30b21c07e1) Importer(815301076,1909f56bfc062723c751e8b465ee728b)  -> (artifact id: 'e8fb8f52f2b455eb092b0bd182463759') in 0.012638 seconds 
Number of asset objects unloaded after import = 12
========================================================================
Received Import Request.
  Time since last request: 0.000031 seconds.
  path: Assets/PolygonNatureBiomes/PNB_Tropical_Jungle/Models/SM_Prop_Whale_Skeleton_Rib_02.fbx
  artifactKey: Guid(2bfcae88f514f11469514a72bde8cfa2) Importer(815301076,1909f56bfc062723c751e8b465ee728b)
Number of updated assets reloaded before import = 0
Start importing Assets/PolygonNatureBiomes/PNB_Tropical_Jungle/Models/SM_Prop_Whale_Skeleton_Rib_02.fbx using Guid(2bfcae88f514f11469514a72bde8cfa2) Importer(815301076,1909f56bfc062723c751e8b465ee728b)  -> (artifact id: '3624307a82c55bd5ee6d96d736384568') in 0.012195 seconds 
Number of asset objects unloaded after import = 7
========================================================================
Received Import Request.
  Time since last request: 0.000021 seconds.
  path: Assets/PolygonNatureBiomes/PNB_Tropical_Jungle/Models/SM_Prop_Whale_Skeleton_Rib_01.fbx
  artifactKey: Guid(fcb982b52373c614f911fab34d71e3ca) Importer(815301076,1909f56bfc062723c751e8b465ee728b)
Number of updated assets reloaded before import = 0
Start importing Assets/PolygonNatureBiomes/PNB_Tropical_Jungle/Models/SM_Prop_Whale_Skeleton_Rib_01.fbx using Guid(fcb982b52373c614f911fab34d71e3ca) Importer(815301076,1909f56bfc062723c751e8b465ee728b)  -> (artifact id: '3a98e20e7f5aaeeff739f7062345b63d') in 0.013086 seconds 
Number of asset objects unloaded after import = 7
========================================================================
Received Import Request.
  Time since last request: 0.332202 seconds.
  path: Assets/PolygonWestern/Models/SM_Prop_Tumbleweed_01.fbx
  artifactKey: Guid(7e51a4691982c9140a5cda4c8cdb2640) Importer(815301076,1909f56bfc062723c751e8b465ee728b)
Number of updated assets reloaded before import = 0
Start importing Assets/PolygonWestern/Models/SM_Prop_Tumbleweed_01.fbx using Guid(7e51a4691982c9140a5cda4c8cdb2640) Importer(815301076,1909f56bfc062723c751e8b465ee728b)  -> (artifact id: '68ffdf2f603d51619042a37490e89103') in 0.022025 seconds 
Number of asset objects unloaded after import = 7
========================================================================
Received Import Request.
  Time since last request: 0.289271 seconds.
  path: Assets/PolygonNatureBiomes/PNB_Tropical_Jungle/Prefabs/Props/SM_Prop_Tiki_Torch_03.prefab
  artifactKey: Guid(6eb6f40912bf366419287f27ed9d5a76) Importer(815301076,1909f56bfc062723c751e8b465ee728b)
Number of updated assets reloaded before import = 0
Start importing Assets/PolygonNatureBiomes/PNB_Tropical_Jungle/Prefabs/Props/SM_Prop_Tiki_Torch_03.prefab using Guid(6eb6f40912bf366419287f27ed9d5a76) Importer(815301076,1909f56bfc062723c751e8b465ee728b)  -> (artifact id: '4d4dd02bad1ea46b21067240cf04fce9') in 0.028284 seconds 
Number of asset objects unloaded after import = 18
========================================================================
Received Import Request.
  Time since last request: 0.000018 seconds.
  path: Assets/PolygonNatureBiomes/PNB_Tropical_Jungle/Prefabs/Props/SM_Prop_Tiki_Torch_01.prefab
  artifactKey: Guid(14ee472d03582ee428470b7e52f4090d) Importer(815301076,1909f56bfc062723c751e8b465ee728b)
Number of updated assets reloaded before import = 0
Start importing Assets/PolygonNatureBiomes/PNB_Tropical_Jungle/Prefabs/Props/SM_Prop_Tiki_Torch_01.prefab using Guid(14ee472d03582ee428470b7e52f4090d) Importer(815301076,1909f56bfc062723c751e8b465ee728b)  -> (artifact id: '33938687b41d83c83a9fa0b9f71225d3') in 0.015953 seconds 
Number of asset objects unloaded after import = 18
========================================================================
Received Import Request.
  Time since last request: 0.000031 seconds.
  path: Assets/PolygonPirates/Prefabs/Props/SM_Prop_Table_02.prefab
  artifactKey: Guid(120fb479ca3edf9429dfd758ab5e698a) Importer(815301076,1909f56bfc062723c751e8b465ee728b)
Number of updated assets reloaded before import = 0
Start importing Assets/PolygonPirates/Prefabs/Props/SM_Prop_Table_02.prefab using Guid(120fb479ca3edf9429dfd758ab5e698a) Importer(815301076,1909f56bfc062723c751e8b465ee728b)  -> (artifact id: 'e36f02f82eee513be8163c9b0ee9b757') in 0.011878 seconds 
Number of asset objects unloaded after import = 12
========================================================================
Received Import Request.
  Time since last request: 0.000034 seconds.
  path: Assets/PolygonPirates/Prefabs/Props/SM_Prop_Table_03.prefab
  artifactKey: Guid(046f73a88c5551740888c2cd6f7cbb29) Importer(815301076,1909f56bfc062723c751e8b465ee728b)
Number of updated assets reloaded before import = 0
Start importing Assets/PolygonPirates/Prefabs/Props/SM_Prop_Table_03.prefab using Guid(046f73a88c5551740888c2cd6f7cbb29) Importer(815301076,1909f56bfc062723c751e8b465ee728b)  -> (artifact id: '70dc6968bf099f3b3fcc97c6a66e02d7') in 0.012112 seconds 
Number of asset objects unloaded after import = 12
========================================================================
Received Import Request.
  Time since last request: 0.000030 seconds.
  path: Assets/PolygonPirates/Models/SM_Prop_TreasurePile_02.fbx
  artifactKey: Guid(1bcdea3677d9aa54c9d3d709d3e146bc) Importer(815301076,1909f56bfc062723c751e8b465ee728b)
Number of updated assets reloaded before import = 0
Start importing Assets/PolygonPirates/Models/SM_Prop_TreasurePile_02.fbx using Guid(1bcdea3677d9aa54c9d3d709d3e146bc) Importer(815301076,1909f56bfc062723c751e8b465ee728b)  -> (artifact id: '96f373f41c37973f3e0f5a996f28abe2') in 0.011263 seconds 
Number of asset objects unloaded after import = 7
========================================================================
Received Import Request.
  Time since last request: 0.000056 seconds.
  path: Assets/PolygonPirates/Models/SM_Prop_SugarCane_Holder_01.fbx
  artifactKey: Guid(ee559e41189d054489b6ca465dd45143) Importer(815301076,1909f56bfc062723c751e8b465ee728b)
Number of updated assets reloaded before import = 0
Start importing Assets/PolygonPirates/Models/SM_Prop_SugarCane_Holder_01.fbx using Guid(ee559e41189d054489b6ca465dd45143) Importer(815301076,1909f56bfc062723c751e8b465ee728b)  -> (artifact id: 'fa8c653d3bfa5f6eee298d79e9bb564f') in 0.011776 seconds 
Number of asset objects unloaded after import = 7
========================================================================
Received Import Request.
  Time since last request: 0.000021 seconds.
  path: Assets/PolygonPirates/Prefabs/Props/SM_Prop_SugarCane_Pile_02.prefab
  artifactKey: Guid(9cc4c8eb65db05a48b101accfef877ac) Importer(815301076,1909f56bfc062723c751e8b465ee728b)
Number of updated assets reloaded before import = 0
Start importing Assets/PolygonPirates/Prefabs/Props/SM_Prop_SugarCane_Pile_02.prefab using Guid(9cc4c8eb65db05a48b101accfef877ac) Importer(815301076,1909f56bfc062723c751e8b465ee728b)  -> (artifact id: '9f95f5e94d42ed6f910a29fdf3988068') in 0.014894 seconds 
Number of asset objects unloaded after import = 12
========================================================================
Received Import Request.
  Time since last request: 0.000023 seconds.
  path: Assets/PolygonPirates/Models/SM_Prop_SugarCane_Pile_01.fbx
  artifactKey: Guid(0792381e74a668c4d8c4bda41136c9e8) Importer(815301076,1909f56bfc062723c751e8b465ee728b)
Number of updated assets reloaded before import = 0
Start importing Assets/PolygonPirates/Models/SM_Prop_SugarCane_Pile_01.fbx using Guid(0792381e74a668c4d8c4bda41136c9e8) Importer(815301076,1909f56bfc062723c751e8b465ee728b)  -> (artifact id: 'e63ec5d823987f4c51f0e19c80c9c6e0') in 0.012454 seconds 
Number of asset objects unloaded after import = 7
========================================================================
Received Import Request.
  Time since last request: 0.000020 seconds.
  path: Assets/PolygonPirates/Models/SM_Prop_TreasurePile_01.fbx
  artifactKey: Guid(be23be3ec12840e4e8e8c1c9c6b34ad9) Importer(815301076,1909f56bfc062723c751e8b465ee728b)
Number of updated assets reloaded before import = 0
Start importing Assets/PolygonPirates/Models/SM_Prop_TreasurePile_01.fbx using Guid(be23be3ec12840e4e8e8c1c9c6b34ad9) Importer(815301076,1909f56bfc062723c751e8b465ee728b)  -> (artifact id: '86ca9d9b6e9faf6945825f92ad8aaa19') in 0.010425 seconds 
Number of asset objects unloaded after import = 7
========================================================================
Received Import Request.
  Time since last request: 0.000020 seconds.
  path: Assets/PolygonWestern/Models/SM_Prop_Suitcase_02.fbx
  artifactKey: Guid(43c62f0255b93994183387f89447dd1f) Importer(815301076,1909f56bfc062723c751e8b465ee728b)
Number of updated assets reloaded before import = 0
Start importing Assets/PolygonWestern/Models/SM_Prop_Suitcase_02.fbx using Guid(43c62f0255b93994183387f89447dd1f) Importer(815301076,1909f56bfc062723c751e8b465ee728b)  -> (artifact id: '46ac70b6a6abf26aac9e453d8ae0c46e') in 0.019285 seconds 
Number of asset objects unloaded after import = 12
========================================================================
Received Import Request.
  Time since last request: 0.000027 seconds.
  path: Assets/PolygonPirates/Prefabs/Props/SM_Prop_Table_01.prefab
  artifactKey: Guid(f7f205ed4b5b90b46815f7cde7c50f13) Importer(815301076,1909f56bfc062723c751e8b465ee728b)
Number of updated assets reloaded before import = 0
Start importing Assets/PolygonPirates/Prefabs/Props/SM_Prop_Table_01.prefab using Guid(f7f205ed4b5b90b46815f7cde7c50f13) Importer(815301076,1909f56bfc062723c751e8b465ee728b)  -> (artifact id: '8b1bce4ee463d5efabb50e98ef1dfd07') in 0.010170 seconds 
Number of asset objects unloaded after import = 12
========================================================================
Received Import Request.
  Time since last request: 0.000024 seconds.
  path: Assets/PolygonPirates/Prefabs/Props/SM_Prop_TreasurePile_04.prefab
  artifactKey: Guid(17ee50f50ef607a4c9a00e362a693cb7) Importer(815301076,1909f56bfc062723c751e8b465ee728b)
Number of updated assets reloaded before import = 0
Start importing Assets/PolygonPirates/Prefabs/Props/SM_Prop_TreasurePile_04.prefab using Guid(17ee50f50ef607a4c9a00e362a693cb7) Importer(815301076,1909f56bfc062723c751e8b465ee728b)  -> (artifact id: '9fda3555880541262adac4166c3e72fa') in 0.011508 seconds 
Number of asset objects unloaded after import = 12
Editor requested this worker to shutdown with reason: Scaling down because of idle timeout
AssetImportWorker is now disconnected from the server
Process exiting
Exiting without the bug reporter. Application will terminate with return code 0