Using pre-set license
Built from '2021.3/staging' branch; Version is '2021.3.32f1 (3b9dae9532f5) revision 3906990'; Using compiler version '192829333'; Build Type 'Release'
OS: 'Windows 11  (10.0.26200) 64bit Professional' Language: 'cs' Physical Memory: 31905 MB
BatchMode: 1, IsHumanControllingUs: 0, StartBugReporterOnCrash: 0, Is64bit: 1, IsPro: 1

COMMAND LINE ARGUMENTS:
C:\Program Files\Unity\Hub\Editor\2021.3.32f1\Editor\Unity.exe
-adb2
-batchMode
-noUpm
-name
AssetImportWorker15
-projectPath
C:/Users/simon/Documents/GitHub/The-Last-Bounty/Wanted-Dead or alive
-logFile
Logs/AssetImportWorker15.log
-srvPort
61729
Successfully changed project path to: C:/Users/simon/Documents/GitHub/The-Last-Bounty/Wanted-Dead or alive
C:/Users/simon/Documents/GitHub/The-Last-Bounty/Wanted-Dead or alive
[UnityMemory] Configuration Parameters - Can be set up in boot.config
    "memorysetup-bucket-allocator-granularity=16"
    "memorysetup-bucket-allocator-bucket-count=8"
    "memorysetup-bucket-allocator-block-size=33554432"
    "memorysetup-bucket-allocator-block-count=8"
    "memorysetup-main-allocator-block-size=16777216"
    "memorysetup-thread-allocator-block-size=16777216"
    "memorysetup-gfx-main-allocator-block-size=16777216"
    "memorysetup-gfx-thread-allocator-block-size=16777216"
    "memorysetup-cache-allocator-block-size=4194304"
    "memorysetup-typetree-allocator-block-size=2097152"
    "memorysetup-profiler-bucket-allocator-granularity=16"
    "memorysetup-profiler-bucket-allocator-bucket-count=8"
    "memorysetup-profiler-bucket-allocator-block-size=33554432"
    "memorysetup-profiler-bucket-allocator-block-count=8"
    "memorysetup-profiler-allocator-block-size=16777216"
    "memorysetup-profiler-editor-allocator-block-size=1048576"
    "memorysetup-temp-allocator-size-main=16777216"
    "memorysetup-job-temp-allocator-block-size=2097152"
    "memorysetup-job-temp-allocator-block-size-background=1048576"
    "memorysetup-job-temp-allocator-reduction-small-platforms=262144"
    "memorysetup-temp-allocator-size-background-worker=32768"
    "memorysetup-temp-allocator-size-job-worker=262144"
    "memorysetup-temp-allocator-size-preload-manager=33554432"
    "memorysetup-temp-allocator-size-nav-mesh-worker=65536"
    "memorysetup-temp-allocator-size-audio-worker=65536"
    "memorysetup-temp-allocator-size-cloud-worker=32768"
    "memorysetup-temp-allocator-size-gi-baking-worker=262144"
    "memorysetup-temp-allocator-size-gfx=262144"
Player connection [39888] Host "[IP] 192.168.0.167 [Port] 0 [Flags] 2 [Guid] 593143836 [EditorId] 593143836 [Version] 1048832 [Id] WindowsEditor(7,Simon) [Debug] 1 [PackageName] WindowsEditor [ProjectName] Editor" joined multi-casting on [225.0.0.222:54997]...

Player connection [39888] Host "[IP] 192.168.0.167 [Port] 0 [Flags] 2 [Guid] 593143836 [EditorId] 593143836 [Version] 1048832 [Id] WindowsEditor(7,Simon) [Debug] 1 [PackageName] WindowsEditor [ProjectName] Editor" joined alternative multi-casting on [225.0.0.222:34997]...

[Physics::Module] Initialized MultithreadedJobDispatcher with {0} workers.
Refreshing native plugins compatible for Editor in 76.33 ms, found 3 plugins.
Preloading 0 native plugins for Editor in 0.00 ms.
Initialize engine version: 2021.3.32f1 (3b9dae9532f5)
[Subsystems] Discovering subsystems at path C:/Program Files/Unity/Hub/Editor/2021.3.32f1/Editor/Data/Resources/UnitySubsystems
[Subsystems] Discovering subsystems at path C:/Users/simon/Documents/GitHub/The-Last-Bounty/Wanted-Dead or alive/Assets
GfxDevice: creating device client; threaded=0; jobified=0
Direct3D:
    Version:  Direct3D 11.0 [level 11.1]
    Renderer: AMD Radeon RX 9070 XT (ID=0x7550)
    Vendor:   ATI
    VRAM:     16200 MB
    Driver:   32.0.23027.2005
Initialize mono
Mono path[0] = 'C:/Program Files/Unity/Hub/Editor/2021.3.32f1/Editor/Data/Managed'
Mono path[1] = 'C:/Program Files/Unity/Hub/Editor/2021.3.32f1/Editor/Data/MonoBleedingEdge/lib/mono/unityjit-win32'
Mono config path = 'C:/Program Files/Unity/Hub/Editor/2021.3.32f1/Editor/Data/MonoBleedingEdge/etc'
Using monoOptions --debugger-agent=transport=dt_socket,embedding=1,server=y,suspend=n,address=127.0.0.1:56368
Begin MonoManager ReloadAssembly
Registering precompiled unity dll's ...
Register platform support module: C:/Program Files/Unity/Hub/Editor/2021.3.32f1/Editor/Data/PlaybackEngines/WindowsStandaloneSupport/UnityEditor.WindowsStandalone.Extensions.dll
Registered in 0.011744 seconds.
Native extension for WindowsStandalone target not found
Refreshing native plugins compatible for Editor in 62.36 ms, found 3 plugins.
Preloading 0 native plugins for Editor in 0.00 ms.
Mono: successfully reloaded assembly
- Completed reload, in  0.433 seconds
Domain Reload Profiling:
	ReloadAssembly (433ms)
		BeginReloadAssembly (77ms)
			ExecutionOrderSort (0ms)
			DisableScriptedObjects (0ms)
			BackupInstance (0ms)
			ReleaseScriptingObjects (0ms)
			CreateAndSetChildDomain (0ms)
		EndReloadAssembly (280ms)
			LoadAssemblies (74ms)
			RebuildTransferFunctionScriptingTraits (0ms)
			SetupTypeCache (54ms)
			ReleaseScriptCaches (0ms)
			RebuildScriptCaches (14ms)
			SetupLoadedEditorAssemblies (182ms)
				LogAssemblyErrors (0ms)
				InitializePlatformSupportModulesInManaged (7ms)
				SetLoadedEditorAssemblies (0ms)
				RefreshPlugins (62ms)
				BeforeProcessingInitializeOnLoad (1ms)
				ProcessInitializeOnLoadAttributes (83ms)
				ProcessInitializeOnLoadMethodAttributes (29ms)
				AfterProcessingInitializeOnLoad (0ms)
				EditorAssembliesLoaded (0ms)
			ExecutionOrderSort2 (0ms)
			AwakeInstancesAfterBackupRestoration (0ms)
Platform modules already initialized, skipping
Registering precompiled user dll's ...
Registered in 0.007476 seconds.
Begin MonoManager ReloadAssembly
Native extension for WindowsStandalone target not found
Refreshing native plugins compatible for Editor in 67.22 ms, found 3 plugins.
Preloading 0 native plugins for Editor in 0.00 ms.
Mono: successfully reloaded assembly
- Completed reload, in  0.909 seconds
Domain Reload Profiling:
	ReloadAssembly (909ms)
		BeginReloadAssembly (98ms)
			ExecutionOrderSort (0ms)
			DisableScriptedObjects (3ms)
			BackupInstance (0ms)
			ReleaseScriptingObjects (0ms)
			CreateAndSetChildDomain (11ms)
		EndReloadAssembly (726ms)
			LoadAssemblies (93ms)
			RebuildTransferFunctionScriptingTraits (0ms)
			SetupTypeCache (180ms)
			ReleaseScriptCaches (0ms)
			RebuildScriptCaches (35ms)
			SetupLoadedEditorAssemblies (406ms)
				LogAssemblyErrors (0ms)
				InitializePlatformSupportModulesInManaged (6ms)
				SetLoadedEditorAssemblies (0ms)
				RefreshPlugins (67ms)
				BeforeProcessingInitializeOnLoad (67ms)
				ProcessInitializeOnLoadAttributes (242ms)
				ProcessInitializeOnLoadMethodAttributes (11ms)
				AfterProcessingInitializeOnLoad (13ms)
				EditorAssembliesLoaded (0ms)
			ExecutionOrderSort2 (0ms)
			AwakeInstancesAfterBackupRestoration (4ms)
Platform modules already initialized, skipping
========================================================================
Worker process is ready to serve import requests
Launched and connected shader compiler UnityShaderCompiler.exe after 0.03 seconds
Refreshing native plugins compatible for Editor in 0.76 ms, found 3 plugins.
Preloading 0 native plugins for Editor in 0.00 ms.
Unloading 4073 Unused Serialized files (Serialized files now loaded: 0)
Unloading 60 unused Assets / (2.7 MB). Loaded Objects now: 4545.
Memory consumption went from 255.7 MB to 253.0 MB.
Total: 2.435100 ms (FindLiveObjects: 0.188600 ms CreateObjectMapping: 0.070900 ms MarkObjects: 1.822700 ms  DeleteObjects: 0.352400 ms)

AssetImportParameters requested are different than current active one (requested -> active):
  custom:video-decoder-ogg-theora: a1e56fd34408186e4bbccfd4996cb3dc -> 
  custom:container-muxer-webm: aa71ff27fc2769a1b78a27578f13a17b -> 
  custom:container-demuxer-webm: 4f35f7cbe854078d1ac9338744f61a02 -> 
  custom:video-encoder-webm-vp8: eb34c28f22e8b96e1ab97ce403110664 -> 
  custom:video-codec-MediaFoundation-h265: 746d11721c4dcdbdad8f713fa42b33f4 -> 
  custom:CustomObjectIndexerAttribute: bc11b3a6c3213fcdd17b65e7da85e133 -> 
  custom:audio-encoder-webm-vorbis: bf7c407c2cedff20999df2af8eb42d56 -> 
  custom:framework-win-MediaFoundation: 216162199b28c13a410421893ffa2e32 -> 
  custom:SearchIndexIgnoredProperties: e643bd26f0fe6173181afceb89e7c659 -> 
  custom:container-demuxer-ogg: 62fdf1f143b41e24485cea50d1cbac27 -> 
  custom:video-decoder-webm-vp8: 9c59270c3fd7afecdb556c50c9e8de78 -> 
  custom:audio-decoder-ogg-vorbis: bf7c407c2cedff20999df2af8eb42d56 -> 
========================================================================
Received Import Request.
  Time since last request: 386558.846389 seconds.
  path: Assets/Other/tumbleweed.physicMaterial
  artifactKey: Guid(8eb458812baae61409f6df07ffc2b4db) Importer(815301076,1909f56bfc062723c751e8b465ee728b)
Number of updated assets reloaded before import = 0
Start importing Assets/Other/tumbleweed.physicMaterial using Guid(8eb458812baae61409f6df07ffc2b4db) Importer(815301076,1909f56bfc062723c751e8b465ee728b)  -> (artifact id: '823f8969ea78872fa60389cfc3c11680') in 0.027332 seconds 
Number of asset objects unloaded after import = 1
========================================================================
Received Import Request.
  Time since last request: 6.393798 seconds.
  path: Assets/Other/imgbin-rum-ball-nimono-liqueur-green-curry-rum-drink-x5zZrzUU9x8T2PsJ7G9S8PCa4_t.jpg
  artifactKey: Guid(0792a85f9f80bb3488ea6a1520b7b479) Importer(815301076,1909f56bfc062723c751e8b465ee728b)
Number of updated assets reloaded before import = 0
Start importing Assets/Other/imgbin-rum-ball-nimono-liqueur-green-curry-rum-drink-x5zZrzUU9x8T2PsJ7G9S8PCa4_t.jpg using Guid(0792a85f9f80bb3488ea6a1520b7b479) Importer(815301076,1909f56bfc062723c751e8b465ee728b)  -> (artifact id: '892a3f9e82e12b3a25c9b0c63902bb03') in 0.076890 seconds 
Number of asset objects unloaded after import = 3
========================================================================
Received Import Request.
  Time since last request: 1.329819 seconds.
  path: Assets/PolygonNatureBiomes/PNB_Tropical_Jungle/FX/FX_Textures/Circle_Soft.png
  artifactKey: Guid(0b3c0c3bfef25e645a3bae8aa3879ea6) Importer(815301076,1909f56bfc062723c751e8b465ee728b)
Number of updated assets reloaded before import = 0
Start importing Assets/PolygonNatureBiomes/PNB_Tropical_Jungle/FX/FX_Textures/Circle_Soft.png using Guid(0b3c0c3bfef25e645a3bae8aa3879ea6) Importer(815301076,1909f56bfc062723c751e8b465ee728b)  -> (artifact id: '68ae7cda8e4d9db74ac23bfe16c3caf4') in 0.023220 seconds 
Number of asset objects unloaded after import = 2
========================================================================
Received Import Request.
  Time since last request: 0.000008 seconds.
  path: Assets/PolygonNatureBiomes/PNB_Core/Textures/LODNoise.png
  artifactKey: Guid(4199a601545ad164badaad1fe1733439) Importer(815301076,1909f56bfc062723c751e8b465ee728b)
Number of updated assets reloaded before import = 0
Start importing Assets/PolygonNatureBiomes/PNB_Core/Textures/LODNoise.png using Guid(4199a601545ad164badaad1fe1733439) Importer(815301076,1909f56bfc062723c751e8b465ee728b)  -> (artifact id: '47646be0ccbc5cde27d632c666f43982') in 0.026244 seconds 
Number of asset objects unloaded after import = 2
========================================================================
Received Import Request.
  Time since last request: 0.000009 seconds.
  path: Assets/PolygonNatureBiomes/PNB_Tropical_Jungle/Textures/Plants/CreeperMat_01.tga
  artifactKey: Guid(959836486a862ce46bf27326e214508d) Importer(815301076,1909f56bfc062723c751e8b465ee728b)
Number of updated assets reloaded before import = 0
Start importing Assets/PolygonNatureBiomes/PNB_Tropical_Jungle/Textures/Plants/CreeperMat_01.tga using Guid(959836486a862ce46bf27326e214508d) Importer(815301076,1909f56bfc062723c751e8b465ee728b)  -> (artifact id: 'ebedf79ceb0a570fed347311ceda8cd7') in 0.026904 seconds 
Number of asset objects unloaded after import = 2
========================================================================
Received Import Request.
  Time since last request: 0.000011 seconds.
  path: Assets/PolygonNatureBiomes/PNB_Tropical_Jungle/Textures/Normals/Flowers_01_Normals.tga
  artifactKey: Guid(79e6cdfe0397c6a419912d5eb6074ba1) Importer(815301076,1909f56bfc062723c751e8b465ee728b)
Number of updated assets reloaded before import = 0
Start importing Assets/PolygonNatureBiomes/PNB_Tropical_Jungle/Textures/Normals/Flowers_01_Normals.tga using Guid(79e6cdfe0397c6a419912d5eb6074ba1) Importer(815301076,1909f56bfc062723c751e8b465ee728b)  -> (artifact id: '69ad3c1ff49472e1154991cd351309cd') in 0.022709 seconds 
Number of asset objects unloaded after import = 2
========================================================================
Received Import Request.
  Time since last request: 0.000008 seconds.
  path: Assets/PolygonNatureBiomes/PNB_Tropical_Jungle/Textures/Normals/GroundCover_01_Normals.tga
  artifactKey: Guid(17f8ff8b6ec26a140a34a6bc467e76cb) Importer(815301076,1909f56bfc062723c751e8b465ee728b)
Number of updated assets reloaded before import = 0
Start importing Assets/PolygonNatureBiomes/PNB_Tropical_Jungle/Textures/Normals/GroundCover_01_Normals.tga using Guid(17f8ff8b6ec26a140a34a6bc467e76cb) Importer(815301076,1909f56bfc062723c751e8b465ee728b)  -> (artifact id: '065891ba3c01c36a98e15734e74cad2a') in 0.023359 seconds 
Number of asset objects unloaded after import = 2
========================================================================
Received Import Request.
  Time since last request: 0.000008 seconds.
  path: Assets/PolygonNatureBiomes/PNB_Tropical_Jungle/Textures/Normals/FlowersFlat_01_Normals.tga
  artifactKey: Guid(0084b1c1525daca42b6c08bbaf547d77) Importer(815301076,1909f56bfc062723c751e8b465ee728b)
Number of updated assets reloaded before import = 0
Start importing Assets/PolygonNatureBiomes/PNB_Tropical_Jungle/Textures/Normals/FlowersFlat_01_Normals.tga using Guid(0084b1c1525daca42b6c08bbaf547d77) Importer(815301076,1909f56bfc062723c751e8b465ee728b)  -> (artifact id: '252d8c3c6d9bcfa2614842489c09714a') in 0.021924 seconds 
Number of asset objects unloaded after import = 2
========================================================================
Received Import Request.
  Time since last request: 0.000008 seconds.
  path: Assets/PolygonNatureBiomes/PNB_Tropical_Jungle/Textures/Occulsion/Leaf_Fern_01_Occlusion.png
  artifactKey: Guid(239fadec9b745614ea0c72acbe98a3a3) Importer(815301076,1909f56bfc062723c751e8b465ee728b)
Number of updated assets reloaded before import = 0
Start importing Assets/PolygonNatureBiomes/PNB_Tropical_Jungle/Textures/Occulsion/Leaf_Fern_01_Occlusion.png using Guid(239fadec9b745614ea0c72acbe98a3a3) Importer(815301076,1909f56bfc062723c751e8b465ee728b)  -> (artifact id: '0266fb7258a5009c139f57922d37b3a4') in 0.022766 seconds 
Number of asset objects unloaded after import = 2
========================================================================
Received Import Request.
  Time since last request: 0.000010 seconds.
  path: Assets/PolygonNatureBiomes/PNB_Tropical_Jungle/Textures/Plants/GroundCover_01.tga
  artifactKey: Guid(c9b0f1106de5fc647bfc7fd102c828bb) Importer(815301076,1909f56bfc062723c751e8b465ee728b)
Number of updated assets reloaded before import = 0
Start importing Assets/PolygonNatureBiomes/PNB_Tropical_Jungle/Textures/Plants/GroundCover_01.tga using Guid(c9b0f1106de5fc647bfc7fd102c828bb) Importer(815301076,1909f56bfc062723c751e8b465ee728b)  -> (artifact id: '041fe1571d82f7849d406d0dad69c6b6') in 0.020953 seconds 
Number of asset objects unloaded after import = 2
========================================================================
Received Import Request.
  Time since last request: 0.000015 seconds.
  path: Assets/PolygonNatureBiomes/PNB_Tropical_Jungle/Textures/Plants/Grass_01.tga
  artifactKey: Guid(9b0123dedb47c8344ad408dcacc90c87) Importer(815301076,1909f56bfc062723c751e8b465ee728b)
Number of updated assets reloaded before import = 0
Start importing Assets/PolygonNatureBiomes/PNB_Tropical_Jungle/Textures/Plants/Grass_01.tga using Guid(9b0123dedb47c8344ad408dcacc90c87) Importer(815301076,1909f56bfc062723c751e8b465ee728b)  -> (artifact id: 'df54e021f2c0004efba1e2d4c391c9b9') in 0.020673 seconds 
Number of asset objects unloaded after import = 2
========================================================================
Received Import Request.
  Time since last request: 0.000008 seconds.
  path: Assets/nTools/PrefabPainter/GUI/PlaceTool.png
  artifactKey: Guid(02607e7f54cc44071a4af46fb62fa624) Importer(815301076,1909f56bfc062723c751e8b465ee728b)
Number of updated assets reloaded before import = 0
Start importing Assets/nTools/PrefabPainter/GUI/PlaceTool.png using Guid(02607e7f54cc44071a4af46fb62fa624) Importer(815301076,1909f56bfc062723c751e8b465ee728b)  -> (artifact id: '6f9453d827e30d11169deb83d6e5f026') in 0.020983 seconds 
Number of asset objects unloaded after import = 2
========================================================================
Received Import Request.
  Time since last request: 0.000008 seconds.
  path: Assets/PolygonNatureBiomes/PNB_Core/Textures/Grass_01_Normals.tga
  artifactKey: Guid(ea57697f22d46ae47b42cb69c6da0a6e) Importer(815301076,1909f56bfc062723c751e8b465ee728b)
Number of updated assets reloaded before import = 0
Start importing Assets/PolygonNatureBiomes/PNB_Core/Textures/Grass_01_Normals.tga using Guid(ea57697f22d46ae47b42cb69c6da0a6e) Importer(815301076,1909f56bfc062723c751e8b465ee728b)  -> (artifact id: 'e044871e0a5b0bb4d5091afc365b415d') in 0.020996 seconds 
Number of asset objects unloaded after import = 2
========================================================================
Received Import Request.
  Time since last request: 0.000008 seconds.
  path: Assets/PolygonNatureBiomes/PNB_Tropical_Jungle/Textures/Normals/Leaf_Fern_01_Normals.png
  artifactKey: Guid(ca301cb70cf08554d8df7043133431c9) Importer(815301076,1909f56bfc062723c751e8b465ee728b)
Number of updated assets reloaded before import = 0
Start importing Assets/PolygonNatureBiomes/PNB_Tropical_Jungle/Textures/Normals/Leaf_Fern_01_Normals.png using Guid(ca301cb70cf08554d8df7043133431c9) Importer(815301076,1909f56bfc062723c751e8b465ee728b)  -> (artifact id: 'a87bda278e97d307089db87e5992ebd9') in 0.022078 seconds 
Number of asset objects unloaded after import = 2
========================================================================
Received Import Request.
  Time since last request: 0.000009 seconds.
  path: Assets/PolygonNatureBiomes/PNB_Tropical_Jungle/Terrain/Ground_Normals_01.png
  artifactKey: Guid(1a018b6f61a05884e82b451efb55dba3) Importer(815301076,1909f56bfc062723c751e8b465ee728b)
Number of updated assets reloaded before import = 0
Start importing Assets/PolygonNatureBiomes/PNB_Tropical_Jungle/Terrain/Ground_Normals_01.png using Guid(1a018b6f61a05884e82b451efb55dba3) Importer(815301076,1909f56bfc062723c751e8b465ee728b)  -> (artifact id: '33ef86a155b989139f6d26755906d1c7') in 0.024838 seconds 
Number of asset objects unloaded after import = 2
========================================================================
Received Import Request.
  Time since last request: 0.000008 seconds.
  path: Assets/nTools/PrefabPainter/GUI/EraseTool.png
  artifactKey: Guid(2c8b43f020c024809924e1239633dcbb) Importer(815301076,1909f56bfc062723c751e8b465ee728b)
Number of updated assets reloaded before import = 0
Start importing Assets/nTools/PrefabPainter/GUI/EraseTool.png using Guid(2c8b43f020c024809924e1239633dcbb) Importer(815301076,1909f56bfc062723c751e8b465ee728b)  -> (artifact id: '9e7f1d92cb96c2ca33cded5657cfab3f') in 0.020743 seconds 
Number of asset objects unloaded after import = 2
========================================================================
Received Import Request.
  Time since last request: 0.000008 seconds.
  path: Assets/Other/10026_Horse_v01_L3.123cf7625b3f-e79f-4633-9dc6-46d06c7bb985/Horse_v01.jpg
  artifactKey: Guid(02e6a60cfaf3f2a4d9d2702b2aa4d916) Importer(815301076,1909f56bfc062723c751e8b465ee728b)
Number of updated assets reloaded before import = 0
Start importing Assets/Other/10026_Horse_v01_L3.123cf7625b3f-e79f-4633-9dc6-46d06c7bb985/Horse_v01.jpg using Guid(02e6a60cfaf3f2a4d9d2702b2aa4d916) Importer(815301076,1909f56bfc062723c751e8b465ee728b)  -> (artifact id: '4c87bb96e8e2a2bedad227ffb482a4b4') in 0.021341 seconds 
Number of asset objects unloaded after import = 2
========================================================================
Received Import Request.
  Time since last request: 0.000010 seconds.
  path: Assets/nTools/PrefabPainter/GUI/ModifyTool_HIDPI.png
  artifactKey: Guid(e040900dc743a4f33bc54369520c2ff3) Importer(815301076,1909f56bfc062723c751e8b465ee728b)
Number of updated assets reloaded before import = 0
Start importing Assets/nTools/PrefabPainter/GUI/ModifyTool_HIDPI.png using Guid(e040900dc743a4f33bc54369520c2ff3) Importer(815301076,1909f56bfc062723c751e8b465ee728b)  -> (artifact id: '1020eaf7667d501cc5df07cc7a956680') in 0.020900 seconds 
Number of asset objects unloaded after import = 2
========================================================================
Received Import Request.
  Time since last request: 0.000008 seconds.
  path: Assets/PolygonWestern/Textures/Dust_Mask.png
  artifactKey: Guid(0ec774c5065bdf34687dfddd70e45672) Importer(815301076,1909f56bfc062723c751e8b465ee728b)
Number of updated assets reloaded before import = 0
Start importing Assets/PolygonWestern/Textures/Dust_Mask.png using Guid(0ec774c5065bdf34687dfddd70e45672) Importer(815301076,1909f56bfc062723c751e8b465ee728b)  -> (artifact id: '2dadd48e65aa44358ef2e4b5fdb5d831') in 0.022431 seconds 
Number of asset objects unloaded after import = 2
========================================================================
Received Import Request.
  Time since last request: 0.000010 seconds.
  path: Assets/TextMesh Pro/Sprites/EmojiOne.png
  artifactKey: Guid(dffef66376be4fa480fb02b19edbe903) Importer(815301076,1909f56bfc062723c751e8b465ee728b)
Number of updated assets reloaded before import = 0
Start importing Assets/TextMesh Pro/Sprites/EmojiOne.png using Guid(dffef66376be4fa480fb02b19edbe903) Importer(815301076,1909f56bfc062723c751e8b465ee728b)  -> (artifact id: 'df3a96a7b16156ad8ffa254e23a64f71') in 0.021554 seconds 
Number of asset objects unloaded after import = 2
========================================================================
Received Import Request.
  Time since last request: 0.000017 seconds.
  path: Assets/PolygonNatureBiomes/PNB_Tropical_Jungle/FX/FX_Textures/Crab_Texture.png
  artifactKey: Guid(3f8a4838e86602a409b0126a56c34b51) Importer(815301076,1909f56bfc062723c751e8b465ee728b)
Number of updated assets reloaded before import = 0
Start importing Assets/PolygonNatureBiomes/PNB_Tropical_Jungle/FX/FX_Textures/Crab_Texture.png using Guid(3f8a4838e86602a409b0126a56c34b51) Importer(815301076,1909f56bfc062723c751e8b465ee728b)  -> (artifact id: 'ce69dc2fbccd1f7ddf16354521264a09') in 0.022726 seconds 
Number of asset objects unloaded after import = 2
========================================================================
Received Import Request.
  Time since last request: 0.000009 seconds.
  path: Assets/PolygonNatureBiomes/PNB_Tropical_Jungle/FX/FX_Textures/Crab_Normals.png
  artifactKey: Guid(0bbd85cb0a2e3d745b706f6708ad27b0) Importer(815301076,1909f56bfc062723c751e8b465ee728b)
Number of updated assets reloaded before import = 0
Start importing Assets/PolygonNatureBiomes/PNB_Tropical_Jungle/FX/FX_Textures/Crab_Normals.png using Guid(0bbd85cb0a2e3d745b706f6708ad27b0) Importer(815301076,1909f56bfc062723c751e8b465ee728b)  -> (artifact id: '65b8b8eb1282d0b97a27e343b98b14d0') in 0.022642 seconds 
Number of asset objects unloaded after import = 2
========================================================================
Received Import Request.
  Time since last request: 0.000008 seconds.
  path: Assets/nTools/PrefabPainter/GUI/OrientTool.png
  artifactKey: Guid(670d7dc74bbd243578a08157fd0a2569) Importer(815301076,1909f56bfc062723c751e8b465ee728b)
Number of updated assets reloaded before import = 0
Start importing Assets/nTools/PrefabPainter/GUI/OrientTool.png using Guid(670d7dc74bbd243578a08157fd0a2569) Importer(815301076,1909f56bfc062723c751e8b465ee728b)  -> (artifact id: 'e70d4abc89c2148b8f58351f8aedbdd6') in 0.020762 seconds 
Number of asset objects unloaded after import = 2
========================================================================
Received Import Request.
  Time since last request: 0.000009 seconds.
  path: Assets/PolygonNatureBiomes/PNB_Tropical_Jungle/Textures/Bioluminescence/Leaf_Palm_Biolumin_Final_02.png
  artifactKey: Guid(5f2e291c19020264eb45819b04026ba5) Importer(815301076,1909f56bfc062723c751e8b465ee728b)
Number of updated assets reloaded before import = 0
Start importing Assets/PolygonNatureBiomes/PNB_Tropical_Jungle/Textures/Bioluminescence/Leaf_Palm_Biolumin_Final_02.png using Guid(5f2e291c19020264eb45819b04026ba5) Importer(815301076,1909f56bfc062723c751e8b465ee728b)  -> (artifact id: 'de97a819d09d58cb3b3a903616af30c0') in 0.020790 seconds 
Number of asset objects unloaded after import = 2
========================================================================
Received Import Request.
  Time since last request: 0.000011 seconds.
  path: Assets/PolygonNatureBiomes/PNB_Tropical_Jungle/Textures/Plants/Palm_Bark_02.png
  artifactKey: Guid(d4d11ec3ccf910748a0f5942b90d07db) Importer(815301076,1909f56bfc062723c751e8b465ee728b)
Number of updated assets reloaded before import = 0
Start importing Assets/PolygonNatureBiomes/PNB_Tropical_Jungle/Textures/Plants/Palm_Bark_02.png using Guid(d4d11ec3ccf910748a0f5942b90d07db) Importer(815301076,1909f56bfc062723c751e8b465ee728b)  -> (artifact id: 'd463d19e3650a244e0cc17a889135daa') in 0.021878 seconds 
Number of asset objects unloaded after import = 2
========================================================================
Received Import Request.
  Time since last request: 0.000008 seconds.
  path: Assets/nTools/PrefabPainter/GUI/PlaceTool_HIDPI.png
  artifactKey: Guid(b1828592e5ca84a97975d5ce8e1ed149) Importer(815301076,1909f56bfc062723c751e8b465ee728b)
Number of updated assets reloaded before import = 0
Start importing Assets/nTools/PrefabPainter/GUI/PlaceTool_HIDPI.png using Guid(b1828592e5ca84a97975d5ce8e1ed149) Importer(815301076,1909f56bfc062723c751e8b465ee728b)  -> (artifact id: '2648cd17402d31cd12400c89aba7ab94') in 0.022057 seconds 
Number of asset objects unloaded after import = 2
========================================================================
Received Import Request.
  Time since last request: 0.000012 seconds.
  path: Assets/Scenes/SampleScene/Lightmap-0_comp_shadowmask.png
  artifactKey: Guid(5ac1771d061d51948b6cb8ff475f2b78) Importer(815301076,1909f56bfc062723c751e8b465ee728b)
Number of updated assets reloaded before import = 0
Start importing Assets/Scenes/SampleScene/Lightmap-0_comp_shadowmask.png using Guid(5ac1771d061d51948b6cb8ff475f2b78) Importer(815301076,1909f56bfc062723c751e8b465ee728b)  -> (artifact id: 'c0c6040dc56aed8838ae9c0d721d0ae0') in 0.025302 seconds 
Number of asset objects unloaded after import = 2
========================================================================
Received Import Request.
  Time since last request: 0.000008 seconds.
  path: Assets/PolygonNatureBiomes/PNB_Core/Textures/Gradient 3.png
  artifactKey: Guid(64e90820ecd634e4c8a61665e94581ee) Importer(815301076,1909f56bfc062723c751e8b465ee728b)
Number of updated assets reloaded before import = 0
Start importing Assets/PolygonNatureBiomes/PNB_Core/Textures/Gradient 3.png using Guid(64e90820ecd634e4c8a61665e94581ee) Importer(815301076,1909f56bfc062723c751e8b465ee728b)  -> (artifact id: '2db478b8e45229a0548e34e64c1bd82c') in 0.026269 seconds 
Number of asset objects unloaded after import = 2
========================================================================
Received Import Request.
  Time since last request: 0.000008 seconds.
  path: Assets/nTools/PrefabPainter/GUI/MoveTool.png
  artifactKey: Guid(135f45923811d44558b9259a9ab66497) Importer(815301076,1909f56bfc062723c751e8b465ee728b)
Number of updated assets reloaded before import = 0
Start importing Assets/nTools/PrefabPainter/GUI/MoveTool.png using Guid(135f45923811d44558b9259a9ab66497) Importer(815301076,1909f56bfc062723c751e8b465ee728b)  -> (artifact id: 'a38ae6beeaf9cea07204f1dfbfdae1be') in 0.022360 seconds 
Number of asset objects unloaded after import = 2
========================================================================
Received Import Request.
  Time since last request: 0.000010 seconds.
  path: Assets/PolygonNatureBiomes/PNB_Core/Textures/Noise_Small.png
  artifactKey: Guid(e0595e1df515fa64fa99e3017d4ace24) Importer(815301076,1909f56bfc062723c751e8b465ee728b)
Number of updated assets reloaded before import = 0
Start importing Assets/PolygonNatureBiomes/PNB_Core/Textures/Noise_Small.png using Guid(e0595e1df515fa64fa99e3017d4ace24) Importer(815301076,1909f56bfc062723c751e8b465ee728b)  -> (artifact id: '01d1559c7116669b6d4993619931a3a7') in 0.023291 seconds 
Number of asset objects unloaded after import = 2
========================================================================
Received Import Request.
  Time since last request: 0.000014 seconds.
  path: Assets/PolygonNatureBiomes/PNB_Tropical_Jungle/Textures/Occulsion/Palm_Bark_02_Occlusion.png
  artifactKey: Guid(bab94c320b76f0540aad4f54c9b2ff25) Importer(815301076,1909f56bfc062723c751e8b465ee728b)
Number of updated assets reloaded before import = 0
Start importing Assets/PolygonNatureBiomes/PNB_Tropical_Jungle/Textures/Occulsion/Palm_Bark_02_Occlusion.png using Guid(bab94c320b76f0540aad4f54c9b2ff25) Importer(815301076,1909f56bfc062723c751e8b465ee728b)  -> (artifact id: 'cb279553435a80875b09d6d2f7fa6b2a') in 0.023997 seconds 
Number of asset objects unloaded after import = 2
========================================================================
Received Import Request.
  Time since last request: 0.000008 seconds.
  path: Assets/nTools/PrefabPainter/GUI/LevelsIcon.png
  artifactKey: Guid(9e76ba935104d4a0e8884cfabfa861a6) Importer(815301076,1909f56bfc062723c751e8b465ee728b)
Number of updated assets reloaded before import = 0
Start importing Assets/nTools/PrefabPainter/GUI/LevelsIcon.png using Guid(9e76ba935104d4a0e8884cfabfa861a6) Importer(815301076,1909f56bfc062723c751e8b465ee728b)  -> (artifact id: 'a30b42c4d53589360b135eb2f47c0dac') in 0.022811 seconds 
Number of asset objects unloaded after import = 2
========================================================================
Received Import Request.
  Time since last request: 0.000009 seconds.
  path: Assets/PolygonNatureBiomes/PNB_Tropical_Jungle/Textures/Normals/Leaf_Palm_01_Normals.png
  artifactKey: Guid(5b08078d6e183ad4d94fdb22c38d7da9) Importer(815301076,1909f56bfc062723c751e8b465ee728b)
Number of updated assets reloaded before import = 0
Start importing Assets/PolygonNatureBiomes/PNB_Tropical_Jungle/Textures/Normals/Leaf_Palm_01_Normals.png using Guid(5b08078d6e183ad4d94fdb22c38d7da9) Importer(815301076,1909f56bfc062723c751e8b465ee728b)  -> (artifact id: 'a0974b920ffd9431dbb704c1bc738127') in 0.025006 seconds 
Number of asset objects unloaded after import = 2
========================================================================
Received Import Request.
  Time since last request: 0.000008 seconds.
  path: Assets/PolygonNatureBiomes/PNB_Tropical_Jungle/Textures/PolygonNatureBiomes_Tropical_Emissive_01.png
  artifactKey: Guid(12fa89e9097289948945f56ba8c16a58) Importer(815301076,1909f56bfc062723c751e8b465ee728b)
Number of updated assets reloaded before import = 0
Start importing Assets/PolygonNatureBiomes/PNB_Tropical_Jungle/Textures/PolygonNatureBiomes_Tropical_Emissive_01.png using Guid(12fa89e9097289948945f56ba8c16a58) Importer(815301076,1909f56bfc062723c751e8b465ee728b)  -> (artifact id: '6e3180e7398a628405d36a5cc66ba145') in 0.021764 seconds 
Number of asset objects unloaded after import = 2
========================================================================
Received Import Request.
  Time since last request: 0.000008 seconds.
  path: Assets/PolygonNatureBiomes/PNB_Tropical_Jungle/Terrain/Ground_Clovers_Normals_01.png
  artifactKey: Guid(f8b69bb40e5bb7b488c870e0cb2b76c3) Importer(815301076,1909f56bfc062723c751e8b465ee728b)
Number of updated assets reloaded before import = 0
Start importing Assets/PolygonNatureBiomes/PNB_Tropical_Jungle/Terrain/Ground_Clovers_Normals_01.png using Guid(f8b69bb40e5bb7b488c870e0cb2b76c3) Importer(815301076,1909f56bfc062723c751e8b465ee728b)  -> (artifact id: 'c02f1a9d5fe3edc1686229476d1d551e') in 0.023932 seconds 
Number of asset objects unloaded after import = 2
========================================================================
Received Import Request.
  Time since last request: 782.584589 seconds.
  path: Assets/kenney_particle-pack.zip
  artifactKey: Guid(bdcb0442b92650a4f99b7a4f3fdcfd00) Importer(815301076,1909f56bfc062723c751e8b465ee728b)
Number of updated assets reloaded before import = 0
Start importing Assets/kenney_particle-pack.zip using Guid(bdcb0442b92650a4f99b7a4f3fdcfd00) Importer(815301076,1909f56bfc062723c751e8b465ee728b)  -> (artifact id: 'f43da6197cc42be7bc55d43a898b4373') in 0.005010 seconds 
Number of asset objects unloaded after import = 1
========================================================================
Received Import Request.
  Time since last request: 35.568129 seconds.
  path: Assets/TransformSaveLoadSystem
  artifactKey: Guid(5ab31ab96a1b8564b95ed4805be7ae64) Importer(815301076,1909f56bfc062723c751e8b465ee728b)
Number of updated assets reloaded before import = 0
Start importing Assets/TransformSaveLoadSystem using Guid(5ab31ab96a1b8564b95ed4805be7ae64) Importer(815301076,1909f56bfc062723c751e8b465ee728b)  -> (artifact id: 'ae9d4ee9f7394c85a148d6fea500d45f') in 0.002167 seconds 
Number of asset objects unloaded after import = 0
========================================================================
Received Import Request.
  Time since last request: 6.455427 seconds.
  path: Assets/kenney_particle-pack
  artifactKey: Guid(5b8e687d5b6c1ac4481a420e8245162d) Importer(815301076,1909f56bfc062723c751e8b465ee728b)
Number of updated assets reloaded before import = 0
Start importing Assets/kenney_particle-pack using Guid(5b8e687d5b6c1ac4481a420e8245162d) Importer(815301076,1909f56bfc062723c751e8b465ee728b)  -> (artifact id: '36c7326fa0d581384e009c2d57b16aea') in 0.001648 seconds 
Number of asset objects unloaded after import = 0
========================================================================
Received Import Request.
  Time since last request: 0.053629 seconds.
  path: Assets/kenney_particle-pack/Preview.png
  artifactKey: Guid(33e7d180bb8818844b9353a2a4632277) Importer(815301076,1909f56bfc062723c751e8b465ee728b)
Number of updated assets reloaded before import = 0
Start importing Assets/kenney_particle-pack/Preview.png using Guid(33e7d180bb8818844b9353a2a4632277) Importer(815301076,1909f56bfc062723c751e8b465ee728b)  -> (artifact id: '8ec1641bf6a9f2818924cd77d6fee3ab') in 0.017835 seconds 
Number of asset objects unloaded after import = 2
========================================================================
Received Import Request.
  Time since last request: 1.533317 seconds.
  path: Assets/kenney_particle-pack/PNG (Transparent)
  artifactKey: Guid(b642c34f4dca15d4f80c78ef0ec7e942) Importer(815301076,1909f56bfc062723c751e8b465ee728b)
Number of updated assets reloaded before import = 0
Start importing Assets/kenney_particle-pack/PNG (Transparent) using Guid(b642c34f4dca15d4f80c78ef0ec7e942) Importer(815301076,1909f56bfc062723c751e8b465ee728b)  -> (artifact id: '0c5ffd47a30c278fcc7789b093545fc5') in 0.002521 seconds 
Number of asset objects unloaded after import = 0
========================================================================
Received Import Request.
  Time since last request: 0.595742 seconds.
  path: Assets/kenney_particle-pack/Unity samples
  artifactKey: Guid(f6deaa8c0ea00404f93140d8ea357567) Importer(815301076,1909f56bfc062723c751e8b465ee728b)
Number of updated assets reloaded before import = 0
Start importing Assets/kenney_particle-pack/Unity samples using Guid(f6deaa8c0ea00404f93140d8ea357567) Importer(815301076,1909f56bfc062723c751e8b465ee728b)  -> (artifact id: '0a5f06e7fff12c72e181bcfd814cd85c') in 0.011672 seconds 
Number of asset objects unloaded after import = 0
========================================================================
Received Import Request.
  Time since last request: 1.472528 seconds.
  path: Assets/kenney_particle-pack/PNG (Transparent)/circle_01.png
  artifactKey: Guid(3889af94ee1931c4bafcdf173ccc0a1d) Importer(815301076,1909f56bfc062723c751e8b465ee728b)
Number of updated assets reloaded before import = 0
Start importing Assets/kenney_particle-pack/PNG (Transparent)/circle_01.png using Guid(3889af94ee1931c4bafcdf173ccc0a1d) Importer(815301076,1909f56bfc062723c751e8b465ee728b)  -> (artifact id: '74c5aa0b3ba22417dc8687498d630a92') in 0.027343 seconds 
Number of asset objects unloaded after import = 2
========================================================================
Received Import Request.
  Time since last request: 0.000013 seconds.
  path: Assets/kenney_particle-pack/PNG (Transparent)/muzzle_01.png
  artifactKey: Guid(7877b614273fd3d4b910193912db41a4) Importer(815301076,1909f56bfc062723c751e8b465ee728b)
Number of updated assets reloaded before import = 0
Start importing Assets/kenney_particle-pack/PNG (Transparent)/muzzle_01.png using Guid(7877b614273fd3d4b910193912db41a4) Importer(815301076,1909f56bfc062723c751e8b465ee728b)  -> (artifact id: '043883b907190d98ce1ebbd18807cc3d') in 0.020716 seconds 
Number of asset objects unloaded after import = 2
========================================================================
Received Import Request.
  Time since last request: 0.000010 seconds.
  path: Assets/kenney_particle-pack/PNG (Transparent)/muzzle_03.png
  artifactKey: Guid(a9973f5725aaf714a9ddb51062d75920) Importer(815301076,1909f56bfc062723c751e8b465ee728b)
Number of updated assets reloaded before import = 0
Start importing Assets/kenney_particle-pack/PNG (Transparent)/muzzle_03.png using Guid(a9973f5725aaf714a9ddb51062d75920) Importer(815301076,1909f56bfc062723c751e8b465ee728b)  -> (artifact id: '42f0c1dabc5df05f1ccc2e20702ceab3') in 0.019289 seconds 
Number of asset objects unloaded after import = 2
========================================================================
Received Import Request.
  Time since last request: 0.000012 seconds.
  path: Assets/kenney_particle-pack/PNG (Transparent)/dirt_03.png
  artifactKey: Guid(21a4a7d15ca13d644b9f57713c01689c) Importer(815301076,1909f56bfc062723c751e8b465ee728b)
Number of updated assets reloaded before import = 0
Start importing Assets/kenney_particle-pack/PNG (Transparent)/dirt_03.png using Guid(21a4a7d15ca13d644b9f57713c01689c) Importer(815301076,1909f56bfc062723c751e8b465ee728b)  -> (artifact id: '66d58c7fe69ce6b0e312d641f4b52597') in 0.017756 seconds 
Number of asset objects unloaded after import = 2
========================================================================
Received Import Request.
  Time since last request: 0.000007 seconds.
  path: Assets/kenney_particle-pack/PNG (Transparent)/window_02.png
  artifactKey: Guid(d638672c75027214d967d1dd605b5b66) Importer(815301076,1909f56bfc062723c751e8b465ee728b)
Number of updated assets reloaded before import = 0
Start importing Assets/kenney_particle-pack/PNG (Transparent)/window_02.png using Guid(d638672c75027214d967d1dd605b5b66) Importer(815301076,1909f56bfc062723c751e8b465ee728b)  -> (artifact id: '84e463b1b38cb837e8ff1c83b4831d1e') in 0.018092 seconds 
Number of asset objects unloaded after import = 2
========================================================================
Received Import Request.
  Time since last request: 0.000007 seconds.
  path: Assets/kenney_particle-pack/PNG (Transparent)/smoke_02.png
  artifactKey: Guid(c0b27c5bbb9b7114bbe2e8d9821a54f9) Importer(815301076,1909f56bfc062723c751e8b465ee728b)
Number of updated assets reloaded before import = 0
Start importing Assets/kenney_particle-pack/PNG (Transparent)/smoke_02.png using Guid(c0b27c5bbb9b7114bbe2e8d9821a54f9) Importer(815301076,1909f56bfc062723c751e8b465ee728b)  -> (artifact id: '31701a0a3f8ca0a80a2c8308dc81cd1f') in 0.021089 seconds 
Number of asset objects unloaded after import = 2
========================================================================
Received Import Request.
  Time since last request: 0.000008 seconds.
  path: Assets/kenney_particle-pack/PNG (Transparent)/slash_02.png
  artifactKey: Guid(c8b469b18e142944ab3cc767f6970219) Importer(815301076,1909f56bfc062723c751e8b465ee728b)
Number of updated assets reloaded before import = 0
Start importing Assets/kenney_particle-pack/PNG (Transparent)/slash_02.png using Guid(c8b469b18e142944ab3cc767f6970219) Importer(815301076,1909f56bfc062723c751e8b465ee728b)  -> (artifact id: 'e6bf46540009e9959690507aebc019f0') in 0.020660 seconds 
Number of asset objects unloaded after import = 2
========================================================================
Received Import Request.
  Time since last request: 0.000014 seconds.
  path: Assets/kenney_particle-pack/PNG (Transparent)/smoke_10.png
  artifactKey: Guid(e8b8b03da3395f643be97380e923d696) Importer(815301076,1909f56bfc062723c751e8b465ee728b)
Number of updated assets reloaded before import = 0
Start importing Assets/kenney_particle-pack/PNG (Transparent)/smoke_10.png using Guid(e8b8b03da3395f643be97380e923d696) Importer(815301076,1909f56bfc062723c751e8b465ee728b)  -> (artifact id: '974168e4356c9c4f5b0d9cc827742fa0') in 0.020399 seconds 
Number of asset objects unloaded after import = 2
========================================================================
Received Import Request.
  Time since last request: 0.000018 seconds.
  path: Assets/kenney_particle-pack/PNG (Transparent)/smoke_05.png
  artifactKey: Guid(9e635a5d1a7a88e48910c8084382b48a) Importer(815301076,1909f56bfc062723c751e8b465ee728b)
Number of updated assets reloaded before import = 0
Start importing Assets/kenney_particle-pack/PNG (Transparent)/smoke_05.png using Guid(9e635a5d1a7a88e48910c8084382b48a) Importer(815301076,1909f56bfc062723c751e8b465ee728b)  -> (artifact id: 'b9fe0c96147dd0c73bef1abb9e33f09c') in 0.019805 seconds 
Number of asset objects unloaded after import = 2
========================================================================
Received Import Request.
  Time since last request: 0.000010 seconds.
  path: Assets/kenney_particle-pack/PNG (Transparent)/smoke_01.png
  artifactKey: Guid(7d2ec39962e04ff419ae1e2269660f2c) Importer(815301076,1909f56bfc062723c751e8b465ee728b)
Number of updated assets reloaded before import = 0
Start importing Assets/kenney_particle-pack/PNG (Transparent)/smoke_01.png using Guid(7d2ec39962e04ff419ae1e2269660f2c) Importer(815301076,1909f56bfc062723c751e8b465ee728b)  -> (artifact id: '0812a5e8cbb6b9edc701c5f103644f71') in 0.019175 seconds 
Number of asset objects unloaded after import = 2
========================================================================
Received Import Request.
  Time since last request: 0.000011 seconds.
  path: Assets/kenney_particle-pack/PNG (Transparent)/symbol_01.png
  artifactKey: Guid(6ad203d33e2c5234d8fff9ad5c25ec34) Importer(815301076,1909f56bfc062723c751e8b465ee728b)
Number of updated assets reloaded before import = 0
Start importing Assets/kenney_particle-pack/PNG (Transparent)/symbol_01.png using Guid(6ad203d33e2c5234d8fff9ad5c25ec34) Importer(815301076,1909f56bfc062723c751e8b465ee728b)  -> (artifact id: 'f617e29fcc053990a95ed856ae69dfdb') in 0.019584 seconds 
Number of asset objects unloaded after import = 2
========================================================================
Received Import Request.
  Time since last request: 0.000012 seconds.
  path: Assets/kenney_particle-pack/PNG (Transparent)/spark_04.png
  artifactKey: Guid(080b35a33e32f4840b462521332715a1) Importer(815301076,1909f56bfc062723c751e8b465ee728b)
Number of updated assets reloaded before import = 0
Start importing Assets/kenney_particle-pack/PNG (Transparent)/spark_04.png using Guid(080b35a33e32f4840b462521332715a1) Importer(815301076,1909f56bfc062723c751e8b465ee728b)  -> (artifact id: '93118c7be068e3f059244e154a736ab1') in 0.019798 seconds 
Number of asset objects unloaded after import = 2
========================================================================
Received Import Request.
  Time since last request: 0.000009 seconds.
  path: Assets/kenney_particle-pack/PNG (Transparent)/window_03.png
  artifactKey: Guid(d0d4a2d5b1e073444bbed0a7f6f769f1) Importer(815301076,1909f56bfc062723c751e8b465ee728b)
Number of updated assets reloaded before import = 0
Start importing Assets/kenney_particle-pack/PNG (Transparent)/window_03.png using Guid(d0d4a2d5b1e073444bbed0a7f6f769f1) Importer(815301076,1909f56bfc062723c751e8b465ee728b)  -> (artifact id: 'ad2229fa3cdc50d6ca22821f6cae1a2e') in 0.022058 seconds 
Number of asset objects unloaded after import = 2
========================================================================
Received Import Request.
  Time since last request: 0.000011 seconds.
  path: Assets/kenney_particle-pack/PNG (Transparent)/slash_03.png
  artifactKey: Guid(762ade1363eb9c243bba88de21528177) Importer(815301076,1909f56bfc062723c751e8b465ee728b)
Number of updated assets reloaded before import = 0
Start importing Assets/kenney_particle-pack/PNG (Transparent)/slash_03.png using Guid(762ade1363eb9c243bba88de21528177) Importer(815301076,1909f56bfc062723c751e8b465ee728b)  -> (artifact id: '8a42f4b3934103cd4da035df4bf13071') in 0.020598 seconds 
Number of asset objects unloaded after import = 2
========================================================================
Received Import Request.
  Time since last request: 0.000008 seconds.
  path: Assets/kenney_particle-pack/PNG (Transparent)/magic_04.png
  artifactKey: Guid(b74a6a30aeda9704ea9ac1fe462c9c90) Importer(815301076,1909f56bfc062723c751e8b465ee728b)
Number of updated assets reloaded before import = 0
Start importing Assets/kenney_particle-pack/PNG (Transparent)/magic_04.png using Guid(b74a6a30aeda9704ea9ac1fe462c9c90) Importer(815301076,1909f56bfc062723c751e8b465ee728b)  -> (artifact id: 'b296c4919e5ad94be571edc9b7b16746') in 0.021260 seconds 
Number of asset objects unloaded after import = 2
========================================================================
Received Import Request.
  Time since last request: 0.000012 seconds.
  path: Assets/kenney_particle-pack/PNG (Transparent)/scratch_01.png
  artifactKey: Guid(8a5f682927d9fc44ab9b2eec48e8256d) Importer(815301076,1909f56bfc062723c751e8b465ee728b)
Number of updated assets reloaded before import = 0
Start importing Assets/kenney_particle-pack/PNG (Transparent)/scratch_01.png using Guid(8a5f682927d9fc44ab9b2eec48e8256d) Importer(815301076,1909f56bfc062723c751e8b465ee728b)  -> (artifact id: '8dc14abee44714539eefce473d68c666') in 0.021893 seconds 
Number of asset objects unloaded after import = 2
========================================================================
Received Import Request.
  Time since last request: 0.000014 seconds.
  path: Assets/kenney_particle-pack/PNG (Transparent)/circle_05.png
  artifactKey: Guid(fdacd60f0f610674198746eee2fb7010) Importer(815301076,1909f56bfc062723c751e8b465ee728b)
Number of updated assets reloaded before import = 0
Start importing Assets/kenney_particle-pack/PNG (Transparent)/circle_05.png using Guid(fdacd60f0f610674198746eee2fb7010) Importer(815301076,1909f56bfc062723c751e8b465ee728b)  -> (artifact id: '65d7e04afa1fe59bce2adf80569a0f8c') in 0.023466 seconds 
Number of asset objects unloaded after import = 2
========================================================================
Received Import Request.
  Time since last request: 0.000016 seconds.
  path: Assets/kenney_particle-pack/PNG (Transparent)/star_09.png
  artifactKey: Guid(e6b6b5a0f9dcbbf428812e1558a5e68e) Importer(815301076,1909f56bfc062723c751e8b465ee728b)
Number of updated assets reloaded before import = 0
Start importing Assets/kenney_particle-pack/PNG (Transparent)/star_09.png using Guid(e6b6b5a0f9dcbbf428812e1558a5e68e) Importer(815301076,1909f56bfc062723c751e8b465ee728b)  -> (artifact id: '7f273c906d4810848edf2c8a7e1f969d') in 0.021766 seconds 
Number of asset objects unloaded after import = 2
========================================================================
Received Import Request.
  Time since last request: 0.000016 seconds.
  path: Assets/kenney_particle-pack/PNG (Transparent)/muzzle_05.png
  artifactKey: Guid(0207945a4520dd14abd5ed63c384dd8b) Importer(815301076,1909f56bfc062723c751e8b465ee728b)
Number of updated assets reloaded before import = 0
Start importing Assets/kenney_particle-pack/PNG (Transparent)/muzzle_05.png using Guid(0207945a4520dd14abd5ed63c384dd8b) Importer(815301076,1909f56bfc062723c751e8b465ee728b)  -> (artifact id: 'e3381e79df6f652f782a28f88d119794') in 0.025678 seconds 
Number of asset objects unloaded after import = 2
========================================================================
Received Import Request.
  Time since last request: 0.000010 seconds.
  path: Assets/kenney_particle-pack/PNG (Transparent)/spark_06.png
  artifactKey: Guid(60dd29ee96fa69d4b8f20648240007f5) Importer(815301076,1909f56bfc062723c751e8b465ee728b)
Number of updated assets reloaded before import = 0
Start importing Assets/kenney_particle-pack/PNG (Transparent)/spark_06.png using Guid(60dd29ee96fa69d4b8f20648240007f5) Importer(815301076,1909f56bfc062723c751e8b465ee728b)  -> (artifact id: '8b2da1cfbdef23edf7a8b2154ec10356') in 0.022004 seconds 
Number of asset objects unloaded after import = 2
========================================================================
Received Import Request.
  Time since last request: 0.000013 seconds.
  path: Assets/kenney_particle-pack/PNG (Transparent)/magic_01.png
  artifactKey: Guid(25aaaffcde0f50345a2dfa1cff857e12) Importer(815301076,1909f56bfc062723c751e8b465ee728b)
Number of updated assets reloaded before import = 0
Start importing Assets/kenney_particle-pack/PNG (Transparent)/magic_01.png using Guid(25aaaffcde0f50345a2dfa1cff857e12) Importer(815301076,1909f56bfc062723c751e8b465ee728b)  -> (artifact id: 'f170287b5930b0582a86aa2869c8a7c1') in 0.021424 seconds 
Number of asset objects unloaded after import = 2
========================================================================
Received Import Request.
  Time since last request: 0.000011 seconds.
  path: Assets/kenney_particle-pack/PNG (Transparent)/trace_02.png
  artifactKey: Guid(653a14ec690c3cc4f9973b35ed3dae0a) Importer(815301076,1909f56bfc062723c751e8b465ee728b)
Number of updated assets reloaded before import = 0
Start importing Assets/kenney_particle-pack/PNG (Transparent)/trace_02.png using Guid(653a14ec690c3cc4f9973b35ed3dae0a) Importer(815301076,1909f56bfc062723c751e8b465ee728b)  -> (artifact id: '664bb87bb77a2131862e17e54ed33d7f') in 0.022444 seconds 
Number of asset objects unloaded after import = 2
========================================================================
Received Import Request.
  Time since last request: 0.000011 seconds.
  path: Assets/kenney_particle-pack/PNG (Transparent)/scorch_01.png
  artifactKey: Guid(547b2eb7a5f4ed14db044f03fc42f7ba) Importer(815301076,1909f56bfc062723c751e8b465ee728b)
Number of updated assets reloaded before import = 0
Start importing Assets/kenney_particle-pack/PNG (Transparent)/scorch_01.png using Guid(547b2eb7a5f4ed14db044f03fc42f7ba) Importer(815301076,1909f56bfc062723c751e8b465ee728b)  -> (artifact id: '087ccd177c23d79117544310a0ef401a') in 0.021911 seconds 
Number of asset objects unloaded after import = 2
========================================================================
Received Import Request.
  Time since last request: 0.000010 seconds.
  path: Assets/kenney_particle-pack/PNG (Transparent)/flame_01.png
  artifactKey: Guid(b1b6f034b991f084898ac4eaf306b03b) Importer(815301076,1909f56bfc062723c751e8b465ee728b)
Number of updated assets reloaded before import = 0
Start importing Assets/kenney_particle-pack/PNG (Transparent)/flame_01.png using Guid(b1b6f034b991f084898ac4eaf306b03b) Importer(815301076,1909f56bfc062723c751e8b465ee728b)  -> (artifact id: '575e2d1b0209083b645df1abd652ba3f') in 0.021126 seconds 
Number of asset objects unloaded after import = 2
========================================================================
Received Import Request.
  Time since last request: 0.000012 seconds.
  path: Assets/kenney_particle-pack/PNG (Transparent)/light_01.png
  artifactKey: Guid(d274fefe224d0e043aca9a06a27c9d98) Importer(815301076,1909f56bfc062723c751e8b465ee728b)
Number of updated assets reloaded before import = 0
Start importing Assets/kenney_particle-pack/PNG (Transparent)/light_01.png using Guid(d274fefe224d0e043aca9a06a27c9d98) Importer(815301076,1909f56bfc062723c751e8b465ee728b)  -> (artifact id: 'ddeb86efe65a808481168a7736cb9fbf') in 0.020939 seconds 
Number of asset objects unloaded after import = 2
========================================================================
Received Import Request.
  Time since last request: 0.000010 seconds.
  path: Assets/kenney_particle-pack/PNG (Transparent)/window_01.png
  artifactKey: Guid(d81c9fab23fb6cc45b53ca742b72f37b) Importer(815301076,1909f56bfc062723c751e8b465ee728b)
Number of updated assets reloaded before import = 0
Start importing Assets/kenney_particle-pack/PNG (Transparent)/window_01.png using Guid(d81c9fab23fb6cc45b53ca742b72f37b) Importer(815301076,1909f56bfc062723c751e8b465ee728b)  -> (artifact id: '2382d7548cfe02a9915cad532d46bb32') in 0.020182 seconds 
Number of asset objects unloaded after import = 2
========================================================================
Received Import Request.
  Time since last request: 0.000011 seconds.
  path: Assets/kenney_particle-pack/PNG (Transparent)/fire_01.png
  artifactKey: Guid(f2d9dd21356ac754bb9f07e117874b8d) Importer(815301076,1909f56bfc062723c751e8b465ee728b)
Number of updated assets reloaded before import = 0
Start importing Assets/kenney_particle-pack/PNG (Transparent)/fire_01.png using Guid(f2d9dd21356ac754bb9f07e117874b8d) Importer(815301076,1909f56bfc062723c751e8b465ee728b)  -> (artifact id: '348bd031a43340c5ca76c936081771e7') in 0.019655 seconds 
Number of asset objects unloaded after import = 2
========================================================================
Received Import Request.
  Time since last request: 0.000014 seconds.
  path: Assets/kenney_particle-pack/PNG (Transparent)/trace_06.png
  artifactKey: Guid(b8020d8ba242af2478796f5797abeb0a) Importer(815301076,1909f56bfc062723c751e8b465ee728b)
Number of updated assets reloaded before import = 0
Start importing Assets/kenney_particle-pack/PNG (Transparent)/trace_06.png using Guid(b8020d8ba242af2478796f5797abeb0a) Importer(815301076,1909f56bfc062723c751e8b465ee728b)  -> (artifact id: '92fb67dfd9d7a9b5c344cc2479f5b249') in 0.021365 seconds 
Number of asset objects unloaded after import = 2
========================================================================
Received Import Request.
  Time since last request: 0.000019 seconds.
  path: Assets/kenney_particle-pack/PNG (Transparent)/smoke_04.png
  artifactKey: Guid(3d8f1dbbf85ceaa4ab4b9e622285833c) Importer(815301076,1909f56bfc062723c751e8b465ee728b)
Number of updated assets reloaded before import = 0
Start importing Assets/kenney_particle-pack/PNG (Transparent)/smoke_04.png using Guid(3d8f1dbbf85ceaa4ab4b9e622285833c) Importer(815301076,1909f56bfc062723c751e8b465ee728b)  -> (artifact id: '945bea1d2487044318889de211e38d7a') in 0.022618 seconds 
Number of asset objects unloaded after import = 2
========================================================================
Received Import Request.
  Time since last request: 0.000008 seconds.
  path: Assets/kenney_particle-pack/PNG (Transparent)/star_01.png
  artifactKey: Guid(3eb1d3412030eb04fb9ced5919294a40) Importer(815301076,1909f56bfc062723c751e8b465ee728b)
Number of updated assets reloaded before import = 0
Start importing Assets/kenney_particle-pack/PNG (Transparent)/star_01.png using Guid(3eb1d3412030eb04fb9ced5919294a40) Importer(815301076,1909f56bfc062723c751e8b465ee728b)  -> (artifact id: 'c5a7d1e65dec1f5e17abad208a8e7a89') in 0.019982 seconds 
Number of asset objects unloaded after import = 2
========================================================================
Received Import Request.
  Time since last request: 0.000012 seconds.
  path: Assets/kenney_particle-pack/PNG (Transparent)/light_03.png
  artifactKey: Guid(0549e3a92aaca8b4d8af0b34f35d0830) Importer(815301076,1909f56bfc062723c751e8b465ee728b)
Number of updated assets reloaded before import = 0
Start importing Assets/kenney_particle-pack/PNG (Transparent)/light_03.png using Guid(0549e3a92aaca8b4d8af0b34f35d0830) Importer(815301076,1909f56bfc062723c751e8b465ee728b)  -> (artifact id: 'c30d718380ee32210efc7f160b30c905') in 0.019793 seconds 
Number of asset objects unloaded after import = 2
========================================================================
Received Import Request.
  Time since last request: 0.000011 seconds.
  path: Assets/kenney_particle-pack/PNG (Transparent)/twirl_03.png
  artifactKey: Guid(82359d9c553c67d4f88e1f0d837e124f) Importer(815301076,1909f56bfc062723c751e8b465ee728b)
Number of updated assets reloaded before import = 0
Start importing Assets/kenney_particle-pack/PNG (Transparent)/twirl_03.png using Guid(82359d9c553c67d4f88e1f0d837e124f) Importer(815301076,1909f56bfc062723c751e8b465ee728b)  -> (artifact id: 'da3f2612d68ab08b24fdaa2662b39339') in 0.022432 seconds 
Number of asset objects unloaded after import = 2
========================================================================
Received Import Request.
  Time since last request: 0.000010 seconds.
  path: Assets/kenney_particle-pack/PNG (Transparent)/light_02.png
  artifactKey: Guid(4e8e968a0b3a4734da8224583a695d02) Importer(815301076,1909f56bfc062723c751e8b465ee728b)
Number of updated assets reloaded before import = 0
Start importing Assets/kenney_particle-pack/PNG (Transparent)/light_02.png using Guid(4e8e968a0b3a4734da8224583a695d02) Importer(815301076,1909f56bfc062723c751e8b465ee728b)  -> (artifact id: '292c817f5865de565e98f3dd13a52fdc') in 0.020611 seconds 
Number of asset objects unloaded after import = 2
========================================================================
Received Import Request.
  Time since last request: 0.000009 seconds.
  path: Assets/kenney_particle-pack/PNG (Transparent)/circle_04.png
  artifactKey: Guid(daed3e9c0f0459b4594831f59b7f0ad9) Importer(815301076,1909f56bfc062723c751e8b465ee728b)
Number of updated assets reloaded before import = 0
Start importing Assets/kenney_particle-pack/PNG (Transparent)/circle_04.png using Guid(daed3e9c0f0459b4594831f59b7f0ad9) Importer(815301076,1909f56bfc062723c751e8b465ee728b)  -> (artifact id: 'b74a20ffd8ff35f3a62273ba0c666df9') in 0.021433 seconds 
Number of asset objects unloaded after import = 2
========================================================================
Received Import Request.
  Time since last request: 0.000009 seconds.
  path: Assets/kenney_particle-pack/PNG (Transparent)/magic_05.png
  artifactKey: Guid(a9ee0c439fb390a4e9f9a6b61a012cf4) Importer(815301076,1909f56bfc062723c751e8b465ee728b)
Number of updated assets reloaded before import = 0
Start importing Assets/kenney_particle-pack/PNG (Transparent)/magic_05.png using Guid(a9ee0c439fb390a4e9f9a6b61a012cf4) Importer(815301076,1909f56bfc062723c751e8b465ee728b)  -> (artifact id: 'ca8affc3c795db95c89d4a4dff9fd916') in 0.019352 seconds 
Number of asset objects unloaded after import = 2
========================================================================
Received Import Request.
  Time since last request: 0.000008 seconds.
  path: Assets/kenney_particle-pack/PNG (Transparent)/fire_02.png
  artifactKey: Guid(28d09b0103ddaf947b744a037b6eb9a4) Importer(815301076,1909f56bfc062723c751e8b465ee728b)
Number of updated assets reloaded before import = 0
Start importing Assets/kenney_particle-pack/PNG (Transparent)/fire_02.png using Guid(28d09b0103ddaf947b744a037b6eb9a4) Importer(815301076,1909f56bfc062723c751e8b465ee728b)  -> (artifact id: '6b23c8a6e139ae52f061fbc489f1ce93') in 0.021071 seconds 
Number of asset objects unloaded after import = 2
========================================================================
Received Import Request.
  Time since last request: 0.000011 seconds.
  path: Assets/kenney_particle-pack/PNG (Transparent)/spark_03.png
  artifactKey: Guid(5355c931b4e42c24c8060287cf824a66) Importer(815301076,1909f56bfc062723c751e8b465ee728b)
Number of updated assets reloaded before import = 0
Start importing Assets/kenney_particle-pack/PNG (Transparent)/spark_03.png using Guid(5355c931b4e42c24c8060287cf824a66) Importer(815301076,1909f56bfc062723c751e8b465ee728b)  -> (artifact id: 'b1bc38b776bf09567322dfde9175c176') in 0.020552 seconds 
Number of asset objects unloaded after import = 2
========================================================================
Received Import Request.
  Time since last request: 0.000008 seconds.
  path: Assets/kenney_particle-pack/PNG (Transparent)/circle_03.png
  artifactKey: Guid(0cc2ca0ccf162524ca2a669f485eee73) Importer(815301076,1909f56bfc062723c751e8b465ee728b)
Number of updated assets reloaded before import = 0
Start importing Assets/kenney_particle-pack/PNG (Transparent)/circle_03.png using Guid(0cc2ca0ccf162524ca2a669f485eee73) Importer(815301076,1909f56bfc062723c751e8b465ee728b)  -> (artifact id: '13328f109f650a678fdc1f8d90748885') in 0.020794 seconds 
Number of asset objects unloaded after import = 2
========================================================================
Received Import Request.
  Time since last request: 0.000012 seconds.
  path: Assets/kenney_particle-pack/PNG (Transparent)/smoke_03.png
  artifactKey: Guid(039bdb2effba5cc4f87d618563ad49b8) Importer(815301076,1909f56bfc062723c751e8b465ee728b)
Number of updated assets reloaded before import = 0
Start importing Assets/kenney_particle-pack/PNG (Transparent)/smoke_03.png using Guid(039bdb2effba5cc4f87d618563ad49b8) Importer(815301076,1909f56bfc062723c751e8b465ee728b)  -> (artifact id: '4595b8347fdf95f366120c662871127e') in 0.020225 seconds 
Number of asset objects unloaded after import = 2
========================================================================
Received Import Request.
  Time since last request: 0.000014 seconds.
  path: Assets/kenney_particle-pack/PNG (Transparent)/star_04.png
  artifactKey: Guid(7310422f6c6a762409ecd21da49499c6) Importer(815301076,1909f56bfc062723c751e8b465ee728b)
Number of updated assets reloaded before import = 0
Start importing Assets/kenney_particle-pack/PNG (Transparent)/star_04.png using Guid(7310422f6c6a762409ecd21da49499c6) Importer(815301076,1909f56bfc062723c751e8b465ee728b)  -> (artifact id: 'cc036cb6aec50a5cb9c6d6f32af8ae83') in 0.020539 seconds 
Number of asset objects unloaded after import = 2
========================================================================
Received Import Request.
  Time since last request: 16.806113 seconds.
  path: Assets/kenney_particle-pack/PNG (Black background)
  artifactKey: Guid(ac3fb4e18e92fab4a99e8156b1f532e1) Importer(815301076,1909f56bfc062723c751e8b465ee728b)
Number of updated assets reloaded before import = 0
Start importing Assets/kenney_particle-pack/PNG (Black background) using Guid(ac3fb4e18e92fab4a99e8156b1f532e1) Importer(815301076,1909f56bfc062723c751e8b465ee728b)  -> (artifact id: '7c3ead76784d34043ed2207a2ccf19b2') in 0.002338 seconds 
Number of asset objects unloaded after import = 0
========================================================================
Received Import Request.
  Time since last request: 0.239254 seconds.
  path: Assets/kenney_particle-pack/PNG (Black background)/circle_01.png
  artifactKey: Guid(bc332105ad4d02549b4d44931684da17) Importer(815301076,1909f56bfc062723c751e8b465ee728b)
Number of updated assets reloaded before import = 0
Start importing Assets/kenney_particle-pack/PNG (Black background)/circle_01.png using Guid(bc332105ad4d02549b4d44931684da17) Importer(815301076,1909f56bfc062723c751e8b465ee728b)  -> (artifact id: '611481ee317ed2fe2a004e3fdfe9a7de') in 0.019592 seconds 
Number of asset objects unloaded after import = 2
========================================================================
Received Import Request.
  Time since last request: 0.000014 seconds.
  path: Assets/kenney_particle-pack/PNG (Black background)/magic_02.png
  artifactKey: Guid(50ea2940c8af8cf43bd6d46d477342e1) Importer(815301076,1909f56bfc062723c751e8b465ee728b)
Number of updated assets reloaded before import = 0
Start importing Assets/kenney_particle-pack/PNG (Black background)/magic_02.png using Guid(50ea2940c8af8cf43bd6d46d477342e1) Importer(815301076,1909f56bfc062723c751e8b465ee728b)  -> (artifact id: '670647924461d50f584f450353345acb') in 0.022097 seconds 
Number of asset objects unloaded after import = 2
========================================================================
Received Import Request.
  Time since last request: 0.000010 seconds.
  path: Assets/kenney_particle-pack/PNG (Black background)/smoke_03.png
  artifactKey: Guid(4cf2d3896a750e1439bc474d3fc0ddd2) Importer(815301076,1909f56bfc062723c751e8b465ee728b)
Number of updated assets reloaded before import = 0
Start importing Assets/kenney_particle-pack/PNG (Black background)/smoke_03.png using Guid(4cf2d3896a750e1439bc474d3fc0ddd2) Importer(815301076,1909f56bfc062723c751e8b465ee728b)  -> (artifact id: 'c43493854374ecd7be045fbf5bc7fc87') in 0.030019 seconds 
Number of asset objects unloaded after import = 2
========================================================================
Received Import Request.
  Time since last request: 0.000018 seconds.
  path: Assets/kenney_particle-pack/PNG (Black background)/trace_05.png
  artifactKey: Guid(596c2103292c0cd48895ee0068e16389) Importer(815301076,1909f56bfc062723c751e8b465ee728b)
Number of updated assets reloaded before import = 0
Start importing Assets/kenney_particle-pack/PNG (Black background)/trace_05.png using Guid(596c2103292c0cd48895ee0068e16389) Importer(815301076,1909f56bfc062723c751e8b465ee728b)  -> (artifact id: 'd618405f134c56377b6aea33711aa618') in 0.020515 seconds 
Number of asset objects unloaded after import = 2
========================================================================
Received Import Request.
  Time since last request: 0.000010 seconds.
  path: Assets/kenney_particle-pack/PNG (Black background)/smoke_04.png
  artifactKey: Guid(ec59e78be37019742810704c84634c47) Importer(815301076,1909f56bfc062723c751e8b465ee728b)
Number of updated assets reloaded before import = 0
Start importing Assets/kenney_particle-pack/PNG (Black background)/smoke_04.png using Guid(ec59e78be37019742810704c84634c47) Importer(815301076,1909f56bfc062723c751e8b465ee728b)  -> (artifact id: '874bc9257cc9de7429fbd8fa0ca5b204') in 0.021699 seconds 
Number of asset objects unloaded after import = 2
========================================================================
Received Import Request.
  Time since last request: 0.000009 seconds.
  path: Assets/kenney_particle-pack/PNG (Black background)/fire_01.png
  artifactKey: Guid(aba59bdb0476e694da1f0f3f74770291) Importer(815301076,1909f56bfc062723c751e8b465ee728b)
Number of updated assets reloaded before import = 0
Start importing Assets/kenney_particle-pack/PNG (Black background)/fire_01.png using Guid(aba59bdb0476e694da1f0f3f74770291) Importer(815301076,1909f56bfc062723c751e8b465ee728b)  -> (artifact id: 'ee0e1f5de4939fa5a84c13d323723f4c') in 0.020089 seconds 
Number of asset objects unloaded after import = 2
========================================================================
Received Import Request.
  Time since last request: 0.000009 seconds.
  path: Assets/kenney_particle-pack/PNG (Black background)/twirl_02.png
  artifactKey: Guid(21312c9739813a34bacb436068f69ad8) Importer(815301076,1909f56bfc062723c751e8b465ee728b)
Number of updated assets reloaded before import = 0
Start importing Assets/kenney_particle-pack/PNG (Black background)/twirl_02.png using Guid(21312c9739813a34bacb436068f69ad8) Importer(815301076,1909f56bfc062723c751e8b465ee728b)  -> (artifact id: '7ac60393f3d6e172ddc75efb8924b6dc') in 0.020434 seconds 
Number of asset objects unloaded after import = 2
========================================================================
Received Import Request.
  Time since last request: 0.000012 seconds.
  path: Assets/kenney_particle-pack/PNG (Black background)/dirt_03.png
  artifactKey: Guid(488f5c7edfcaf3d49a8b0d341745bc48) Importer(815301076,1909f56bfc062723c751e8b465ee728b)
Number of updated assets reloaded before import = 0
Start importing Assets/kenney_particle-pack/PNG (Black background)/dirt_03.png using Guid(488f5c7edfcaf3d49a8b0d341745bc48) Importer(815301076,1909f56bfc062723c751e8b465ee728b)  -> (artifact id: '5d4d3c08c6e873588c55f986a15cfcf4') in 0.020022 seconds 
Number of asset objects unloaded after import = 2
========================================================================
Received Import Request.
  Time since last request: 0.000010 seconds.
  path: Assets/kenney_particle-pack/PNG (Black background)/window_04.png
  artifactKey: Guid(c4cb7ed4637c4ee4098c8dd44e93e3d7) Importer(815301076,1909f56bfc062723c751e8b465ee728b)
Number of updated assets reloaded before import = 0
Start importing Assets/kenney_particle-pack/PNG (Black background)/window_04.png using Guid(c4cb7ed4637c4ee4098c8dd44e93e3d7) Importer(815301076,1909f56bfc062723c751e8b465ee728b)  -> (artifact id: '509f552d1f14a54c59e2cdd647f816be') in 0.020485 seconds 
Number of asset objects unloaded after import = 2
========================================================================
Received Import Request.
  Time since last request: 0.000009 seconds.
  path: Assets/kenney_particle-pack/PNG (Black background)/trace_04.png
  artifactKey: Guid(c3900bed93c986b4ab9273dda058ffca) Importer(815301076,1909f56bfc062723c751e8b465ee728b)
Number of updated assets reloaded before import = 0
Start importing Assets/kenney_particle-pack/PNG (Black background)/trace_04.png using Guid(c3900bed93c986b4ab9273dda058ffca) Importer(815301076,1909f56bfc062723c751e8b465ee728b)  -> (artifact id: '804a7b1c6c80db713f12ee85898621a0') in 0.020741 seconds 
Number of asset objects unloaded after import = 2
========================================================================
Received Import Request.
  Time since last request: 0.000010 seconds.
  path: Assets/kenney_particle-pack/PNG (Black background)/window_02.png
  artifactKey: Guid(8d483914b4deb11489d78420d53d1f75) Importer(815301076,1909f56bfc062723c751e8b465ee728b)
Number of updated assets reloaded before import = 0
Start importing Assets/kenney_particle-pack/PNG (Black background)/window_02.png using Guid(8d483914b4deb11489d78420d53d1f75) Importer(815301076,1909f56bfc062723c751e8b465ee728b)  -> (artifact id: '7ea898bf83ad37fbd1bc440bdd7933be') in 0.017593 seconds 
Number of asset objects unloaded after import = 2
========================================================================
Received Import Request.
  Time since last request: 0.000008 seconds.
  path: Assets/kenney_particle-pack/PNG (Black background)/scratch_01.png
  artifactKey: Guid(541af14a692bac940b4e88b32cec2a3d) Importer(815301076,1909f56bfc062723c751e8b465ee728b)
Number of updated assets reloaded before import = 0
Start importing Assets/kenney_particle-pack/PNG (Black background)/scratch_01.png using Guid(541af14a692bac940b4e88b32cec2a3d) Importer(815301076,1909f56bfc062723c751e8b465ee728b)  -> (artifact id: '4a8da2057865b224c8516cb4ae51fc65') in 0.019240 seconds 
Number of asset objects unloaded after import = 2
========================================================================
Received Import Request.
  Time since last request: 0.000011 seconds.
  path: Assets/kenney_particle-pack/PNG (Black background)/smoke_09.png
  artifactKey: Guid(9c7229f767129c148a3f507e8ab3f5dc) Importer(815301076,1909f56bfc062723c751e8b465ee728b)
Number of updated assets reloaded before import = 0
Start importing Assets/kenney_particle-pack/PNG (Black background)/smoke_09.png using Guid(9c7229f767129c148a3f507e8ab3f5dc) Importer(815301076,1909f56bfc062723c751e8b465ee728b)  -> (artifact id: '216404f61e518855ac0938f68ad040ec') in 0.020873 seconds 
Number of asset objects unloaded after import = 2
========================================================================
Received Import Request.
  Time since last request: 0.000012 seconds.
  path: Assets/kenney_particle-pack/PNG (Black background)/scorch_03.png
  artifactKey: Guid(a5f35de826c0ac3468213a4ffd8a0287) Importer(815301076,1909f56bfc062723c751e8b465ee728b)
Number of updated assets reloaded before import = 0
Start importing Assets/kenney_particle-pack/PNG (Black background)/scorch_03.png using Guid(a5f35de826c0ac3468213a4ffd8a0287) Importer(815301076,1909f56bfc062723c751e8b465ee728b)  -> (artifact id: 'f46855382652fc5b0930982a440e5bb1') in 0.021046 seconds 
Number of asset objects unloaded after import = 2
========================================================================
Received Import Request.
  Time since last request: 0.000018 seconds.
  path: Assets/kenney_particle-pack/PNG (Black background)/smoke_06.png
  artifactKey: Guid(88b8fb193134e5d4b8e5e51ec288b129) Importer(815301076,1909f56bfc062723c751e8b465ee728b)
Number of updated assets reloaded before import = 0
Start importing Assets/kenney_particle-pack/PNG (Black background)/smoke_06.png using Guid(88b8fb193134e5d4b8e5e51ec288b129) Importer(815301076,1909f56bfc062723c751e8b465ee728b)  -> (artifact id: '1d4374f7be374f0a64cc2f09269a0ea3') in 0.018976 seconds 
Number of asset objects unloaded after import = 2
========================================================================
Received Import Request.
  Time since last request: 0.000011 seconds.
  path: Assets/kenney_particle-pack/PNG (Black background)/slash_01.png
  artifactKey: Guid(ce09c5a0d00fa824cb733c08090ac63c) Importer(815301076,1909f56bfc062723c751e8b465ee728b)
Number of updated assets reloaded before import = 0
Start importing Assets/kenney_particle-pack/PNG (Black background)/slash_01.png using Guid(ce09c5a0d00fa824cb733c08090ac63c) Importer(815301076,1909f56bfc062723c751e8b465ee728b)  -> (artifact id: '7db7e5ce5732473f870426abda5be709') in 0.020050 seconds 
Number of asset objects unloaded after import = 2
========================================================================
Received Import Request.
  Time since last request: 0.000010 seconds.
  path: Assets/kenney_particle-pack/PNG (Black background)/flame_05.png
  artifactKey: Guid(46f467b53bc63a44ab2cb0fdaef9a98f) Importer(815301076,1909f56bfc062723c751e8b465ee728b)
Number of updated assets reloaded before import = 0
Start importing Assets/kenney_particle-pack/PNG (Black background)/flame_05.png using Guid(46f467b53bc63a44ab2cb0fdaef9a98f) Importer(815301076,1909f56bfc062723c751e8b465ee728b)  -> (artifact id: 'f1c670ba73fd5faa2db3928aa4efa930') in 0.020019 seconds 
Number of asset objects unloaded after import = 2
========================================================================
Received Import Request.
  Time since last request: 0.000008 seconds.
  path: Assets/kenney_particle-pack/PNG (Black background)/spark_04.png
  artifactKey: Guid(b0ae1c575fafe5441ab05b6efe5152d3) Importer(815301076,1909f56bfc062723c751e8b465ee728b)
Number of updated assets reloaded before import = 0
Start importing Assets/kenney_particle-pack/PNG (Black background)/spark_04.png using Guid(b0ae1c575fafe5441ab05b6efe5152d3) Importer(815301076,1909f56bfc062723c751e8b465ee728b)  -> (artifact id: '04571daa677341f5b26736226b726209') in 0.019898 seconds 
Number of asset objects unloaded after import = 2
========================================================================
Received Import Request.
  Time since last request: 0.000011 seconds.
  path: Assets/kenney_particle-pack/PNG (Black background)/smoke_01.png
  artifactKey: Guid(36dbed2f85154d240827a01b8fb4c8af) Importer(815301076,1909f56bfc062723c751e8b465ee728b)
Number of updated assets reloaded before import = 0
Start importing Assets/kenney_particle-pack/PNG (Black background)/smoke_01.png using Guid(36dbed2f85154d240827a01b8fb4c8af) Importer(815301076,1909f56bfc062723c751e8b465ee728b)  -> (artifact id: '1260ac6ac774dacc7c398b719e4e06b7') in 0.019441 seconds 
Number of asset objects unloaded after import = 2
========================================================================
Received Import Request.
  Time since last request: 0.000008 seconds.
  path: Assets/kenney_particle-pack/PNG (Black background)/star_04.png
  artifactKey: Guid(e8aeaba1d45df4d4486618489a73525f) Importer(815301076,1909f56bfc062723c751e8b465ee728b)
Number of updated assets reloaded before import = 0
Start importing Assets/kenney_particle-pack/PNG (Black background)/star_04.png using Guid(e8aeaba1d45df4d4486618489a73525f) Importer(815301076,1909f56bfc062723c751e8b465ee728b)  -> (artifact id: '11f13a2c4a5f6dbf706316156d8030f2') in 0.018636 seconds 
Number of asset objects unloaded after import = 2
========================================================================
Received Import Request.
  Time since last request: 0.000013 seconds.
  path: Assets/kenney_particle-pack/PNG (Black background)/muzzle_02.png
  artifactKey: Guid(3b3c6f68011551046ac6af6fa3bcc4bd) Importer(815301076,1909f56bfc062723c751e8b465ee728b)
Number of updated assets reloaded before import = 0
Start importing Assets/kenney_particle-pack/PNG (Black background)/muzzle_02.png using Guid(3b3c6f68011551046ac6af6fa3bcc4bd) Importer(815301076,1909f56bfc062723c751e8b465ee728b)  -> (artifact id: '1911f5c3dd60837f0729f26adc36462f') in 0.020080 seconds 
Number of asset objects unloaded after import = 2
========================================================================
Received Import Request.
  Time since last request: 0.000008 seconds.
  path: Assets/kenney_particle-pack/PNG (Black background)/dirt_01.png
  artifactKey: Guid(aab3f4d9df6e4cc47ace4e085aff3fbf) Importer(815301076,1909f56bfc062723c751e8b465ee728b)
Number of updated assets reloaded before import = 0
Start importing Assets/kenney_particle-pack/PNG (Black background)/dirt_01.png using Guid(aab3f4d9df6e4cc47ace4e085aff3fbf) Importer(815301076,1909f56bfc062723c751e8b465ee728b)  -> (artifact id: '78e4f564ba156d626007e5b4910abfe8') in 0.022023 seconds 
Number of asset objects unloaded after import = 2
========================================================================
Received Import Request.
  Time since last request: 0.000009 seconds.
  path: Assets/kenney_particle-pack/PNG (Black background)/star_05.png
  artifactKey: Guid(a13e11bf9f3462b428038e42c641bac2) Importer(815301076,1909f56bfc062723c751e8b465ee728b)
Number of updated assets reloaded before import = 0
Start importing Assets/kenney_particle-pack/PNG (Black background)/star_05.png using Guid(a13e11bf9f3462b428038e42c641bac2) Importer(815301076,1909f56bfc062723c751e8b465ee728b)  -> (artifact id: 'aea004d758772419660b41f48cff4c03') in 0.021425 seconds 
Number of asset objects unloaded after import = 2
========================================================================
Received Import Request.
  Time since last request: 0.000011 seconds.
  path: Assets/kenney_particle-pack/PNG (Black background)/trace_03.png
  artifactKey: Guid(1964866f1b037314e9980f08dbef4cb7) Importer(815301076,1909f56bfc062723c751e8b465ee728b)
Number of updated assets reloaded before import = 0
Start importing Assets/kenney_particle-pack/PNG (Black background)/trace_03.png using Guid(1964866f1b037314e9980f08dbef4cb7) Importer(815301076,1909f56bfc062723c751e8b465ee728b)  -> (artifact id: 'f4f212e749ec3777b428dece5755e6fb') in 0.019754 seconds 
Number of asset objects unloaded after import = 2
========================================================================
Received Import Request.
  Time since last request: 0.000010 seconds.
  path: Assets/kenney_particle-pack/PNG (Black background)/smoke_07.png
  artifactKey: Guid(49abc1b23f23f0d42ae8d626780ae4df) Importer(815301076,1909f56bfc062723c751e8b465ee728b)
Number of updated assets reloaded before import = 0
Start importing Assets/kenney_particle-pack/PNG (Black background)/smoke_07.png using Guid(49abc1b23f23f0d42ae8d626780ae4df) Importer(815301076,1909f56bfc062723c751e8b465ee728b)  -> (artifact id: '68144c6420610ea06ca273b18e9453f9') in 0.022287 seconds 
Number of asset objects unloaded after import = 2
========================================================================
Received Import Request.
  Time since last request: 0.000016 seconds.
  path: Assets/kenney_particle-pack/PNG (Black background)/trace_02.png
  artifactKey: Guid(186bf285dfce41b4ca9192d163fc671c) Importer(815301076,1909f56bfc062723c751e8b465ee728b)
Number of updated assets reloaded before import = 0
Start importing Assets/kenney_particle-pack/PNG (Black background)/trace_02.png using Guid(186bf285dfce41b4ca9192d163fc671c) Importer(815301076,1909f56bfc062723c751e8b465ee728b)  -> (artifact id: '62052f09907b92d6ca0682f35245727e') in 0.021248 seconds 
Number of asset objects unloaded after import = 2
========================================================================
Received Import Request.
  Time since last request: 0.000012 seconds.
  path: Assets/kenney_particle-pack/PNG (Black background)/muzzle_05.png
  artifactKey: Guid(f37665a29fbb4b74c8e1c9307e1cf1d9) Importer(815301076,1909f56bfc062723c751e8b465ee728b)
Number of updated assets reloaded before import = 0
Start importing Assets/kenney_particle-pack/PNG (Black background)/muzzle_05.png using Guid(f37665a29fbb4b74c8e1c9307e1cf1d9) Importer(815301076,1909f56bfc062723c751e8b465ee728b)  -> (artifact id: 'ce15e9127095b586dce0a4567cf7db6e') in 0.021334 seconds 
Number of asset objects unloaded after import = 2
========================================================================
Received Import Request.
  Time since last request: 0.000011 seconds.
  path: Assets/kenney_particle-pack/PNG (Black background)/flame_03.png
  artifactKey: Guid(387cc9d255bcced4ca72d2938e90140d) Importer(815301076,1909f56bfc062723c751e8b465ee728b)
Number of updated assets reloaded before import = 0
Start importing Assets/kenney_particle-pack/PNG (Black background)/flame_03.png using Guid(387cc9d255bcced4ca72d2938e90140d) Importer(815301076,1909f56bfc062723c751e8b465ee728b)  -> (artifact id: 'fff4a0f5d2a0cb0cfb6ad9bdba86b5b4') in 0.021656 seconds 
Number of asset objects unloaded after import = 2
========================================================================
Received Import Request.
  Time since last request: 903.313904 seconds.
  path: Assets/nTools
  artifactKey: Guid(5bf7e89b6a8c44a848d3e3a864af0a29) Importer(815301076,1909f56bfc062723c751e8b465ee728b)
Number of updated assets reloaded before import = 0
Start importing Assets/nTools using Guid(5bf7e89b6a8c44a848d3e3a864af0a29) Importer(815301076,1909f56bfc062723c751e8b465ee728b)  -> (artifact id: '91d247c72dfd5063c8b179e2a978bf43') in 0.002720 seconds 
Number of asset objects unloaded after import = 0
========================================================================
Received Import Request.
  Time since last request: 0.749146 seconds.
  path: Assets/Other
  artifactKey: Guid(56ee587aba5ede04c8da64cb7ed369a4) Importer(815301076,1909f56bfc062723c751e8b465ee728b)
Number of updated assets reloaded before import = 0
Start importing Assets/Other using Guid(56ee587aba5ede04c8da64cb7ed369a4) Importer(815301076,1909f56bfc062723c751e8b465ee728b)  -> (artifact id: '9bafd1283b461ff85919a4a73b6ffda0') in 0.001931 seconds 
Number of asset objects unloaded after import = 0
========================================================================
Received Import Request.
  Time since last request: 0.055809 seconds.
  path: Assets/Other/New Terrain - Copy.asset
  artifactKey: Guid(63ebf257a66add242b0568dcc44b6df0) Importer(815301076,1909f56bfc062723c751e8b465ee728b)
Number of updated assets reloaded before import = 0
Start importing Assets/Other/New Terrain - Copy.asset using Guid(63ebf257a66add242b0568dcc44b6df0) Importer(815301076,1909f56bfc062723c751e8b465ee728b)  -> (artifact id: 'd3023019f4679cb955d1b6cf4d333273') in 0.022500 seconds 
Number of asset objects unloaded after import = 73
========================================================================
Received Import Request.
  Time since last request: 0.000010 seconds.
  path: Assets/Other/Tumbleweed.prefab
  artifactKey: Guid(d3be946726527b646909816f409c5d99) Importer(815301076,1909f56bfc062723c751e8b465ee728b)
Number of updated assets reloaded before import = 0
Start importing Assets/Other/Tumbleweed.prefab using Guid(d3be946726527b646909816f409c5d99) Importer(815301076,1909f56bfc062723c751e8b465ee728b)  -> (artifact id: '4d9bb0baec9cce3e2867325a74040b95') in 0.036857 seconds 
Number of asset objects unloaded after import = 25
========================================================================
Received Import Request.
  Time since last request: 0.000008 seconds.
  path: Assets/Other/TestSideQuest 2.asset
  artifactKey: Guid(6de99d54b19bf9e44a2bb318e57e630d) Importer(815301076,1909f56bfc062723c751e8b465ee728b)
Number of updated assets reloaded before import = 0
Start importing Assets/Other/TestSideQuest 2.asset using Guid(6de99d54b19bf9e44a2bb318e57e630d) Importer(815301076,1909f56bfc062723c751e8b465ee728b)  -> (artifact id: '765f3658866cf8cf439022d2875893c6') in 0.011458 seconds 
Number of asset objects unloaded after import = 169
========================================================================
Received Import Request.
  Time since last request: 0.000008 seconds.
  path: Assets/Other/New Terrain 2.asset
  artifactKey: Guid(86cf2972805fd7f4b90df4b11416d22a) Importer(815301076,1909f56bfc062723c751e8b465ee728b)
Number of updated assets reloaded before import = 0
Start importing Assets/Other/New Terrain 2.asset using Guid(86cf2972805fd7f4b90df4b11416d22a) Importer(815301076,1909f56bfc062723c751e8b465ee728b)  -> (artifact id: '2d7d501fe5c8611ab4fd2df571629886') in 0.010051 seconds 
Number of asset objects unloaded after import = 3
========================================================================
Received Import Request.
  Time since last request: 0.000008 seconds.
  path: Assets/Other/TestSideQuest 1.asset
  artifactKey: Guid(1d03aa154542ef347abe6405c0eb7b08) Importer(815301076,1909f56bfc062723c751e8b465ee728b)
Number of updated assets reloaded before import = 0
Start importing Assets/Other/TestSideQuest 1.asset using Guid(1d03aa154542ef347abe6405c0eb7b08) Importer(815301076,1909f56bfc062723c751e8b465ee728b)  -> (artifact id: '92d163c687c72b429eef0af2d4b8a34c') in 0.005374 seconds 
Number of asset objects unloaded after import = 169
========================================================================
Received Import Request.
  Time since last request: 0.000007 seconds.
  path: Assets/Other/TestFood.asset
  artifactKey: Guid(2929c6cbcc37e9a4eb02f1a0f5650e47) Importer(815301076,1909f56bfc062723c751e8b465ee728b)
Number of updated assets reloaded before import = 0
Start importing Assets/Other/TestFood.asset using Guid(2929c6cbcc37e9a4eb02f1a0f5650e47) Importer(815301076,1909f56bfc062723c751e8b465ee728b)  -> (artifact id: '5440b377a919f98c4eafc9cfcec757b7') in 0.004592 seconds 
Number of asset objects unloaded after import = 13
========================================================================
Received Import Request.
  Time since last request: 0.000007 seconds.
  path: Assets/Other/TestDrink.asset
  artifactKey: Guid(d0d7b83b387c2c5428f79abae7db3485) Importer(815301076,1909f56bfc062723c751e8b465ee728b)
Number of updated assets reloaded before import = 0
Start importing Assets/Other/TestDrink.asset using Guid(d0d7b83b387c2c5428f79abae7db3485) Importer(815301076,1909f56bfc062723c751e8b465ee728b)  -> (artifact id: 'b7b75755b4d356e619fe2b992b0156a2') in 0.003572 seconds 
Number of asset objects unloaded after import = 13
========================================================================
Received Import Request.
  Time since last request: 0.000006 seconds.
  path: Assets/Other/TestSideQuest.asset
  artifactKey: Guid(c610a5758e3d5f742b9b011afb9f5a4c) Importer(815301076,1909f56bfc062723c751e8b465ee728b)
Number of updated assets reloaded before import = 0
Start importing Assets/Other/TestSideQuest.asset using Guid(c610a5758e3d5f742b9b011afb9f5a4c) Importer(815301076,1909f56bfc062723c751e8b465ee728b)  -> (artifact id: '036cccaafc7a79debbf70b1ddefe253d') in 0.004973 seconds 
Number of asset objects unloaded after import = 169
========================================================================
Received Import Request.
  Time since last request: 0.000007 seconds.
  path: Assets/Other/TestFood.prefab
  artifactKey: Guid(fcdc5bfc3509bb340b9fe5b3883745bc) Importer(815301076,1909f56bfc062723c751e8b465ee728b)
Number of updated assets reloaded before import = 0
Start importing Assets/Other/TestFood.prefab using Guid(fcdc5bfc3509bb340b9fe5b3883745bc) Importer(815301076,1909f56bfc062723c751e8b465ee728b)  -> (artifact id: '1e24f7c62aabcf66c1846357b32827ef') in 0.012397 seconds 
Number of asset objects unloaded after import = 30
========================================================================
Received Import Request.
  Time since last request: 0.000011 seconds.
  path: Assets/Other/TestSideQuest 3.asset
  artifactKey: Guid(7c21829626cef204fb3962b5027ae5e6) Importer(815301076,1909f56bfc062723c751e8b465ee728b)
Number of updated assets reloaded before import = 0
Start importing Assets/Other/TestSideQuest 3.asset using Guid(7c21829626cef204fb3962b5027ae5e6) Importer(815301076,1909f56bfc062723c751e8b465ee728b)  -> (artifact id: 'cba22d8d9924985fdbf79d507b0ab7cf') in 0.005666 seconds 
Number of asset objects unloaded after import = 169
========================================================================
Received Import Request.
  Time since last request: 0.000009 seconds.
  path: Assets/Other/TestMainQuest.asset
  artifactKey: Guid(048c5ae9267cde14d92e4ecaaad9da4a) Importer(815301076,1909f56bfc062723c751e8b465ee728b)
Number of updated assets reloaded before import = 0
Start importing Assets/Other/TestMainQuest.asset using Guid(048c5ae9267cde14d92e4ecaaad9da4a) Importer(815301076,1909f56bfc062723c751e8b465ee728b)  -> (artifact id: 'a8ee25477aa1a860ec4586bcb00015e0') in 0.005354 seconds 
Number of asset objects unloaded after import = 169
========================================================================
Received Import Request.
  Time since last request: 0.000014 seconds.
  path: Assets/Other/TestDrink.prefab
  artifactKey: Guid(85edb1082ced51d41b2034b3934adf0b) Importer(815301076,1909f56bfc062723c751e8b465ee728b)
Number of updated assets reloaded before import = 0
Start importing Assets/Other/TestDrink.prefab using Guid(85edb1082ced51d41b2034b3934adf0b) Importer(815301076,1909f56bfc062723c751e8b465ee728b)  -> (artifact id: 'e095a1a2cd76616f5ab2a37532bee930') in 0.009985 seconds 
Number of asset objects unloaded after import = 24
========================================================================
Received Import Request.
  Time since last request: 0.000008 seconds.
  path: Assets/Other/UniversalRenderPipelineGlobalSettings.asset
  artifactKey: Guid(cc9a80ac45dd7264bbb72cca18217f5b) Importer(815301076,1909f56bfc062723c751e8b465ee728b)
Number of updated assets reloaded before import = 0
Start importing Assets/Other/UniversalRenderPipelineGlobalSettings.asset using Guid(cc9a80ac45dd7264bbb72cca18217f5b) Importer(815301076,1909f56bfc062723c751e8b465ee728b)  -> (artifact id: '827d911438b649b4d172267f6b99a2aa') in 0.002282 seconds 
Number of asset objects unloaded after import = 1
========================================================================
Received Import Request.
  Time since last request: 406.935264 seconds.
  path: Assets/glass.png
  artifactKey: Guid(8bb169c26473f524db070b6e7666477f) Importer(815301076,1909f56bfc062723c751e8b465ee728b)
Number of updated assets reloaded before import = 0
Start importing Assets/glass.png using Guid(8bb169c26473f524db070b6e7666477f) Importer(815301076,1909f56bfc062723c751e8b465ee728b)  -> (artifact id: '9575c578cb56148bd33e5978621a6ecc') in 0.018898 seconds 
Number of asset objects unloaded after import = 2
========================================================================
Received Import Request.
  Time since last request: 6.859611 seconds.
  path: Assets/glass.png
  artifactKey: Guid(8bb169c26473f524db070b6e7666477f) Importer(815301076,1909f56bfc062723c751e8b465ee728b)
Number of updated assets reloaded before import = 0
Start importing Assets/glass.png using Guid(8bb169c26473f524db070b6e7666477f) Importer(815301076,1909f56bfc062723c751e8b465ee728b)  -> (artifact id: 'e336a713eeaa90df504cb5ce06fefd75') in 0.020902 seconds 
Number of asset objects unloaded after import = 3
========================================================================
Received Import Request.
  Time since last request: 11.605312 seconds.
  path: Assets/glass.mat
  artifactKey: Guid(4dc5d7bacb21765499f436980848f33a) Importer(815301076,1909f56bfc062723c751e8b465ee728b)
Number of updated assets reloaded before import = 0
Start importing Assets/glass.mat using Guid(4dc5d7bacb21765499f436980848f33a) Importer(815301076,1909f56bfc062723c751e8b465ee728b)  -> (artifact id: '52472051f49c92feadc029ddcccb9c11') in 0.018525 seconds 
Number of asset objects unloaded after import = 1
========================================================================
Received Import Request.
  Time since last request: 12.407813 seconds.
  path: Assets/glass.png
  artifactKey: Guid(8bb169c26473f524db070b6e7666477f) Importer(815301076,1909f56bfc062723c751e8b465ee728b)
Number of updated assets reloaded before import = 0
Start importing Assets/glass.png using Guid(8bb169c26473f524db070b6e7666477f) Importer(815301076,1909f56bfc062723c751e8b465ee728b)  -> (artifact id: '43a0c4af03471553705007ee9d6af33c') in 0.018735 seconds 
Number of asset objects unloaded after import = 2
========================================================================
Received Import Request.
  Time since last request: 35.729244 seconds.
  path: Assets/glass.png
  artifactKey: Guid(8bb169c26473f524db070b6e7666477f) Importer(815301076,1909f56bfc062723c751e8b465ee728b)
Number of updated assets reloaded before import = 0
Start importing Assets/glass.png using Guid(8bb169c26473f524db070b6e7666477f) Importer(815301076,1909f56bfc062723c751e8b465ee728b)  -> (artifact id: '212a717a85827ad86bcd4d5f9ca0bdfe') in 0.016912 seconds 
Number of asset objects unloaded after import = 2
========================================================================
Received Import Request.
  Time since last request: 454.561925 seconds.
  path: Assets/glass (1).png
  artifactKey: Guid(551f15c87d96c604fa2725a344f06ba8) Importer(815301076,1909f56bfc062723c751e8b465ee728b)
Number of updated assets reloaded before import = 0
Start importing Assets/glass (1).png using Guid(551f15c87d96c604fa2725a344f06ba8) Importer(815301076,1909f56bfc062723c751e8b465ee728b)  -> (artifact id: 'bce31afbfbc55ef70f1de69b5fef8474') in 0.022471 seconds 
Number of asset objects unloaded after import = 2
========================================================================
Received Import Request.
  Time since last request: 60.718708 seconds.
  path: Assets/glass (2).png
  artifactKey: Guid(4c31ac821f1415444aaf4caab30c8b30) Importer(815301076,1909f56bfc062723c751e8b465ee728b)
Number of updated assets reloaded before import = 0
Start importing Assets/glass (2).png using Guid(4c31ac821f1415444aaf4caab30c8b30) Importer(815301076,1909f56bfc062723c751e8b465ee728b)  -> (artifact id: '62908fbcda9d163d8e33cadb88d32386') in 0.017839 seconds 
Number of asset objects unloaded after import = 2
========================================================================
Received Import Request.
  Time since last request: 14.135609 seconds.
  path: Assets/glass (2).png
  artifactKey: Guid(4c31ac821f1415444aaf4caab30c8b30) Importer(815301076,1909f56bfc062723c751e8b465ee728b)
Number of updated assets reloaded before import = 0
Start importing Assets/glass (2).png using Guid(4c31ac821f1415444aaf4caab30c8b30) Importer(815301076,1909f56bfc062723c751e8b465ee728b)  -> (artifact id: '76bfaf14c712481e34ac6b06070a8d8e') in 0.017965 seconds 
Number of asset objects unloaded after import = 2
========================================================================
Received Prepare
Registering precompiled user dll's ...
Registered in 0.008334 seconds.
Begin MonoManager ReloadAssembly
Native extension for WindowsStandalone target not found
Refreshing native plugins compatible for Editor in 0.70 ms, found 3 plugins.
Preloading 0 native plugins for Editor in 0.00 ms.
Mono: successfully reloaded assembly
- Completed reload, in  0.863 seconds
Domain Reload Profiling:
	ReloadAssembly (863ms)
		BeginReloadAssembly (156ms)
			ExecutionOrderSort (0ms)
			DisableScriptedObjects (3ms)
			BackupInstance (0ms)
			ReleaseScriptingObjects (0ms)
			CreateAndSetChildDomain (33ms)
		EndReloadAssembly (625ms)
			LoadAssemblies (113ms)
			RebuildTransferFunctionScriptingTraits (0ms)
			SetupTypeCache (170ms)
			ReleaseScriptCaches (1ms)
			RebuildScriptCaches (24ms)
			SetupLoadedEditorAssemblies (334ms)
				LogAssemblyErrors (0ms)
				InitializePlatformSupportModulesInManaged (6ms)
				SetLoadedEditorAssemblies (0ms)
				RefreshPlugins (1ms)
				BeforeProcessingInitializeOnLoad (63ms)
				ProcessInitializeOnLoadAttributes (233ms)
				ProcessInitializeOnLoadMethodAttributes (15ms)
				AfterProcessingInitializeOnLoad (16ms)
				EditorAssembliesLoaded (0ms)
			ExecutionOrderSort2 (0ms)
			AwakeInstancesAfterBackupRestoration (4ms)
Platform modules already initialized, skipping
Refreshing native plugins compatible for Editor in 0.74 ms, found 3 plugins.
Preloading 0 native plugins for Editor in 0.00 ms.
Unloading 3973 Unused Serialized files (Serialized files now loaded: 0)
Unloading 47 unused Assets / (2.7 MB). Loaded Objects now: 4601.
Memory consumption went from 250.4 MB to 247.7 MB.
Total: 2.703600 ms (FindLiveObjects: 0.248400 ms CreateObjectMapping: 0.094000 ms MarkObjects: 2.008000 ms  DeleteObjects: 0.352600 ms)

AssetImportParameters requested are different than current active one (requested -> active):
  custom:video-decoder-ogg-theora: a1e56fd34408186e4bbccfd4996cb3dc -> 
  custom:container-muxer-webm: aa71ff27fc2769a1b78a27578f13a17b -> 
  custom:container-demuxer-webm: 4f35f7cbe854078d1ac9338744f61a02 -> 
  custom:video-encoder-webm-vp8: eb34c28f22e8b96e1ab97ce403110664 -> 
  custom:video-codec-MediaFoundation-h265: 746d11721c4dcdbdad8f713fa42b33f4 -> 
  custom:CustomObjectIndexerAttribute: bc11b3a6c3213fcdd17b65e7da85e133 -> 
  custom:audio-encoder-webm-vorbis: bf7c407c2cedff20999df2af8eb42d56 -> 
  custom:framework-win-MediaFoundation: 216162199b28c13a410421893ffa2e32 -> 
  custom:SearchIndexIgnoredProperties: e643bd26f0fe6173181afceb89e7c659 -> 
  custom:container-demuxer-ogg: 62fdf1f143b41e24485cea50d1cbac27 -> 
  custom:video-decoder-webm-vp8: 9c59270c3fd7afecdb556c50c9e8de78 -> 
  custom:audio-decoder-ogg-vorbis: bf7c407c2cedff20999df2af8eb42d56 -> 
========================================================================
Received Prepare
Registering precompiled user dll's ...
Registered in 0.007929 seconds.
Begin MonoManager ReloadAssembly
Native extension for WindowsStandalone target not found
Refreshing native plugins compatible for Editor in 0.78 ms, found 3 plugins.
Preloading 0 native plugins for Editor in 0.00 ms.
Mono: successfully reloaded assembly
- Completed reload, in  0.866 seconds
Domain Reload Profiling:
	ReloadAssembly (867ms)
		BeginReloadAssembly (152ms)
			ExecutionOrderSort (0ms)
			DisableScriptedObjects (3ms)
			BackupInstance (0ms)
			ReleaseScriptingObjects (0ms)
			CreateAndSetChildDomain (24ms)
		EndReloadAssembly (640ms)
			LoadAssemblies (118ms)
			RebuildTransferFunctionScriptingTraits (0ms)
			SetupTypeCache (159ms)
			ReleaseScriptCaches (1ms)
			RebuildScriptCaches (26ms)
			SetupLoadedEditorAssemblies (345ms)
				LogAssemblyErrors (0ms)
				InitializePlatformSupportModulesInManaged (7ms)
				SetLoadedEditorAssemblies (0ms)
				RefreshPlugins (1ms)
				BeforeProcessingInitializeOnLoad (71ms)
				ProcessInitializeOnLoadAttributes (233ms)
				ProcessInitializeOnLoadMethodAttributes (15ms)
				AfterProcessingInitializeOnLoad (19ms)
				EditorAssembliesLoaded (0ms)
			ExecutionOrderSort2 (0ms)
			AwakeInstancesAfterBackupRestoration (4ms)
Platform modules already initialized, skipping
Refreshing native plugins compatible for Editor in 0.79 ms, found 3 plugins.
Preloading 0 native plugins for Editor in 0.00 ms.
Unloading 3973 Unused Serialized files (Serialized files now loaded: 0)
Unloading 43 unused Assets / (2.7 MB). Loaded Objects now: 4604.
Memory consumption went from 250.4 MB to 247.7 MB.
Total: 2.329600 ms (FindLiveObjects: 0.175700 ms CreateObjectMapping: 0.062900 ms MarkObjects: 1.724700 ms  DeleteObjects: 0.365700 ms)

AssetImportParameters requested are different than current active one (requested -> active):
  custom:video-decoder-ogg-theora: a1e56fd34408186e4bbccfd4996cb3dc -> 
  custom:container-muxer-webm: aa71ff27fc2769a1b78a27578f13a17b -> 
  custom:container-demuxer-webm: 4f35f7cbe854078d1ac9338744f61a02 -> 
  custom:video-encoder-webm-vp8: eb34c28f22e8b96e1ab97ce403110664 -> 
  custom:video-codec-MediaFoundation-h265: 746d11721c4dcdbdad8f713fa42b33f4 -> 
  custom:CustomObjectIndexerAttribute: bc11b3a6c3213fcdd17b65e7da85e133 -> 
  custom:audio-encoder-webm-vorbis: bf7c407c2cedff20999df2af8eb42d56 -> 
  custom:framework-win-MediaFoundation: 216162199b28c13a410421893ffa2e32 -> 
  custom:SearchIndexIgnoredProperties: e643bd26f0fe6173181afceb89e7c659 -> 
  custom:container-demuxer-ogg: 62fdf1f143b41e24485cea50d1cbac27 -> 
  custom:video-decoder-webm-vp8: 9c59270c3fd7afecdb556c50c9e8de78 -> 
  custom:audio-decoder-ogg-vorbis: bf7c407c2cedff20999df2af8eb42d56 -> 
========================================================================
Received Import Request.
  Time since last request: 483.133678 seconds.
  path: Assets/Minigames
  artifactKey: Guid(42c4b6029beff604597d3b485c5aff75) Importer(815301076,1909f56bfc062723c751e8b465ee728b)
Number of updated assets reloaded before import = 0
Start importing Assets/Minigames using Guid(42c4b6029beff604597d3b485c5aff75) Importer(815301076,1909f56bfc062723c751e8b465ee728b)  -> (artifact id: '906d222245a53411a2b692a9553c2efc') in 0.007716 seconds 
Number of asset objects unloaded after import = 0
========================================================================
Received Import Request.
  Time since last request: 8.959451 seconds.
  path: Assets/Minigames/Shooting range
  artifactKey: Guid(dda1851527ce3fd46856a6fee519f7db) Importer(815301076,1909f56bfc062723c751e8b465ee728b)
Number of updated assets reloaded before import = 0
Start importing Assets/Minigames/Shooting range using Guid(dda1851527ce3fd46856a6fee519f7db) Importer(815301076,1909f56bfc062723c751e8b465ee728b)  -> (artifact id: '5b83b4487899bdac39fbf8b3019f3f2d') in 0.002483 seconds 
Number of asset objects unloaded after import = 0
========================================================================
Received Import Request.
  Time since last request: 12.162162 seconds.
  path: Assets/Minigames/Shooting range/BottleTarget.cs
  artifactKey: Guid(f2e8a5fc72a9ee44abd325fb822cd9ca) Importer(815301076,1909f56bfc062723c751e8b465ee728b)
Number of updated assets reloaded before import = 0
Start importing Assets/Minigames/Shooting range/BottleTarget.cs using Guid(f2e8a5fc72a9ee44abd325fb822cd9ca) Importer(815301076,1909f56bfc062723c751e8b465ee728b)  -> (artifact id: 'e4abb8c4a2a68cbbd70e338c5b066b08') in 0.007208 seconds 
Number of asset objects unloaded after import = 0
========================================================================
Received Prepare
Registering precompiled user dll's ...
Registered in 0.010183 seconds.
Begin MonoManager ReloadAssembly
Native extension for WindowsStandalone target not found
Refreshing native plugins compatible for Editor in 1.14 ms, found 3 plugins.
Preloading 0 native plugins for Editor in 0.00 ms.
Mono: successfully reloaded assembly
- Completed reload, in  1.253 seconds
Domain Reload Profiling:
	ReloadAssembly (1253ms)
		BeginReloadAssembly (210ms)
			ExecutionOrderSort (0ms)
			DisableScriptedObjects (4ms)
			BackupInstance (0ms)
			ReleaseScriptingObjects (0ms)
			CreateAndSetChildDomain (30ms)
		EndReloadAssembly (915ms)
			LoadAssemblies (173ms)
			RebuildTransferFunctionScriptingTraits (0ms)
			SetupTypeCache (241ms)
			ReleaseScriptCaches (1ms)
			RebuildScriptCaches (34ms)
			SetupLoadedEditorAssemblies (486ms)
				LogAssemblyErrors (0ms)
				InitializePlatformSupportModulesInManaged (8ms)
				SetLoadedEditorAssemblies (0ms)
				RefreshPlugins (1ms)
				BeforeProcessingInitializeOnLoad (99ms)
				ProcessInitializeOnLoadAttributes (333ms)
				ProcessInitializeOnLoadMethodAttributes (19ms)
				AfterProcessingInitializeOnLoad (25ms)
				EditorAssembliesLoaded (0ms)
			ExecutionOrderSort2 (0ms)
			AwakeInstancesAfterBackupRestoration (5ms)
Platform modules already initialized, skipping
Refreshing native plugins compatible for Editor in 1.12 ms, found 3 plugins.
Preloading 0 native plugins for Editor in 0.00 ms.
Unloading 3974 Unused Serialized files (Serialized files now loaded: 0)
Unloading 43 unused Assets / (2.7 MB). Loaded Objects now: 4608.
Memory consumption went from 250.4 MB to 247.7 MB.
Total: 3.154800 ms (FindLiveObjects: 0.203700 ms CreateObjectMapping: 0.069200 ms MarkObjects: 2.427700 ms  DeleteObjects: 0.453800 ms)

AssetImportParameters requested are different than current active one (requested -> active):
  custom:video-decoder-ogg-theora: a1e56fd34408186e4bbccfd4996cb3dc -> 
  custom:container-muxer-webm: aa71ff27fc2769a1b78a27578f13a17b -> 
  custom:container-demuxer-webm: 4f35f7cbe854078d1ac9338744f61a02 -> 
  custom:video-encoder-webm-vp8: eb34c28f22e8b96e1ab97ce403110664 -> 
  custom:video-codec-MediaFoundation-h265: 746d11721c4dcdbdad8f713fa42b33f4 -> 
  custom:CustomObjectIndexerAttribute: bc11b3a6c3213fcdd17b65e7da85e133 -> 
  custom:audio-encoder-webm-vorbis: bf7c407c2cedff20999df2af8eb42d56 -> 
  custom:framework-win-MediaFoundation: 216162199b28c13a410421893ffa2e32 -> 
  custom:SearchIndexIgnoredProperties: e643bd26f0fe6173181afceb89e7c659 -> 
  custom:container-demuxer-ogg: 62fdf1f143b41e24485cea50d1cbac27 -> 
  custom:video-decoder-webm-vp8: 9c59270c3fd7afecdb556c50c9e8de78 -> 
  custom:audio-decoder-ogg-vorbis: bf7c407c2cedff20999df2af8eb42d56 -> 
========================================================================
Received Import Request.
  Time since last request: 9.589517 seconds.
  path: Assets/Minigames/Shooting range/BottleTarget.cs
  artifactKey: Guid(f2e8a5fc72a9ee44abd325fb822cd9ca) Importer(815301076,1909f56bfc062723c751e8b465ee728b)
Number of updated assets reloaded before import = 0
Start importing Assets/Minigames/Shooting range/BottleTarget.cs using Guid(f2e8a5fc72a9ee44abd325fb822cd9ca) Importer(815301076,1909f56bfc062723c751e8b465ee728b)  -> (artifact id: '94b4b0e5ed51201c9ff11afebe7c656a') in 0.007035 seconds 
Number of asset objects unloaded after import = 0
========================================================================
Received Import Request.
  Time since last request: 9.607006 seconds.
  path: Assets/Minigames/Shooting range/prefabs
  artifactKey: Guid(6af7cdb4aa7ad22458efaa3d16e927c5) Importer(815301076,1909f56bfc062723c751e8b465ee728b)
Number of updated assets reloaded before import = 0
Start importing Assets/Minigames/Shooting range/prefabs using Guid(6af7cdb4aa7ad22458efaa3d16e927c5) Importer(815301076,1909f56bfc062723c751e8b465ee728b)  -> (artifact id: '6d7da66c6a38b286553cb5efcfdd7ce9') in 0.002443 seconds 
Number of asset objects unloaded after import = 0
========================================================================
Received Import Request.
  Time since last request: 8.565523 seconds.
  path: Assets/Minigames/Shooting range/prefabs/Bottle.prefab
  artifactKey: Guid(6e6a0268618f6c24088094cc8affcb9c) Importer(815301076,1909f56bfc062723c751e8b465ee728b)
Number of updated assets reloaded before import = 0
Start importing Assets/Minigames/Shooting range/prefabs/Bottle.prefab using Guid(6e6a0268618f6c24088094cc8affcb9c) Importer(815301076,1909f56bfc062723c751e8b465ee728b)  -> (artifact id: 'c45d26cad40d310e196c8ab6ae63b744') in 0.013440 seconds 
Number of asset objects unloaded after import = 4
========================================================================
Received Import Request.
  Time since last request: 6.442676 seconds.
  path: Assets/InventoryScripts/ItemScripts/Resources/ItemData/Boat.asset
  artifactKey: Guid(a02d1d30da0c40048a22be639113d507) Importer(815301076,1909f56bfc062723c751e8b465ee728b)
Number of updated assets reloaded before import = 0
Start importing Assets/InventoryScripts/ItemScripts/Resources/ItemData/Boat.asset using Guid(a02d1d30da0c40048a22be639113d507) Importer(815301076,1909f56bfc062723c751e8b465ee728b)  -> (artifact id: 'd71f0acc3125ce7c53704d6c4436c563') in 0.003146 seconds 
Number of asset objects unloaded after import = 1
========================================================================
Received Import Request.
  Time since last request: 0.000008 seconds.
  path: Assets/PolygonWestern/Models/SM_Env_BonePile_Small_01.fbx
  artifactKey: Guid(37040d1793980604fadbbfe0c03e6fac) Importer(815301076,1909f56bfc062723c751e8b465ee728b)
Number of updated assets reloaded before import = 0
Start importing Assets/PolygonWestern/Models/SM_Env_BonePile_Small_01.fbx using Guid(37040d1793980604fadbbfe0c03e6fac) Importer(815301076,1909f56bfc062723c751e8b465ee728b)  -> (artifact id: 'c52c3daeb7859e1e634e7c1512f4a785') in 0.047330 seconds 
Number of asset objects unloaded after import = 7
========================================================================
Received Import Request.
  Time since last request: 0.000008 seconds.
  path: Assets/PolygonWestern/Models/CollisionConvex/SM_Env_BonePile_Small_01_Convex 1.asset
  artifactKey: Guid(6ecfc093f3e971240a8edd0944e25b9a) Importer(815301076,1909f56bfc062723c751e8b465ee728b)
Number of updated assets reloaded before import = 0
Start importing Assets/PolygonWestern/Models/CollisionConvex/SM_Env_BonePile_Small_01_Convex 1.asset using Guid(6ecfc093f3e971240a8edd0944e25b9a) Importer(815301076,1909f56bfc062723c751e8b465ee728b)  -> (artifact id: '4be3561358bd5cc5413313c419ec1810') in 0.008755 seconds 
Number of asset objects unloaded after import = 2
========================================================================
Received Import Request.
  Time since last request: 0.000007 seconds.
  path: Assets/PolygonWestern/Models/CollisionConvex/SM_Prop_Bottle_06_Convex.asset
  artifactKey: Guid(c5f4e8c75296b0540ad377e3c5b5c734) Importer(815301076,1909f56bfc062723c751e8b465ee728b)
Number of updated assets reloaded before import = 0
Start importing Assets/PolygonWestern/Models/CollisionConvex/SM_Prop_Bottle_06_Convex.asset using Guid(c5f4e8c75296b0540ad377e3c5b5c734) Importer(815301076,1909f56bfc062723c751e8b465ee728b)  -> (artifact id: '52ba94cc7054e8938b66b2788cfa0c1d') in 0.005941 seconds 
Number of asset objects unloaded after import = 1
========================================================================
Received Import Request.
  Time since last request: 0.000009 seconds.
  path: Assets/PolygonWestern/Models/SM_Prop_Bone_Cracked_01.fbx
  artifactKey: Guid(df99d8812f7dea943b24eb9c7a440591) Importer(815301076,1909f56bfc062723c751e8b465ee728b)
Number of updated assets reloaded before import = 0
Start importing Assets/PolygonWestern/Models/SM_Prop_Bone_Cracked_01.fbx using Guid(df99d8812f7dea943b24eb9c7a440591) Importer(815301076,1909f56bfc062723c751e8b465ee728b)  -> (artifact id: '9393ae42ff7db6efb4f64c2845fe0940') in 0.007202 seconds 
Number of asset objects unloaded after import = 7
========================================================================
Received Import Request.
  Time since last request: 0.000007 seconds.
  path: Assets/PolygonPirates/Models/ConvexCollisions/SM_Item_Bottle_01_Convex.asset
  artifactKey: Guid(714e572e520a6c942b63cbebbb28606c) Importer(815301076,1909f56bfc062723c751e8b465ee728b)
Number of updated assets reloaded before import = 0
Start importing Assets/PolygonPirates/Models/ConvexCollisions/SM_Item_Bottle_01_Convex.asset using Guid(714e572e520a6c942b63cbebbb28606c) Importer(815301076,1909f56bfc062723c751e8b465ee728b)  -> (artifact id: '29051189a73c920659dbe3452bd3da70') in 0.005645 seconds 
Number of asset objects unloaded after import = 1
========================================================================
Received Import Request.
  Time since last request: 0.000006 seconds.
  path: Assets/PolygonWestern/Models/SM_Prop_Bottle_Broken_02.fbx
  artifactKey: Guid(737afd5c444ebc140b33fb34a674359b) Importer(815301076,1909f56bfc062723c751e8b465ee728b)
Number of updated assets reloaded before import = 0
Start importing Assets/PolygonWestern/Models/SM_Prop_Bottle_Broken_02.fbx using Guid(737afd5c444ebc140b33fb34a674359b) Importer(815301076,1909f56bfc062723c751e8b465ee728b)  -> (artifact id: '2c1382427f998ed9b75825e71ebf1dcb') in 0.007743 seconds 
Number of asset objects unloaded after import = 7
========================================================================
Received Import Request.
  Time since last request: 0.000009 seconds.
  path: Assets/PolygonWestern/Models/CollisionConvex/SM_Prop_Bone_Cracked_02_Convex.asset
  artifactKey: Guid(2f8e4cb189f62364f88f71d152fada09) Importer(815301076,1909f56bfc062723c751e8b465ee728b)
Number of updated assets reloaded before import = 0
Start importing Assets/PolygonWestern/Models/CollisionConvex/SM_Prop_Bone_Cracked_02_Convex.asset using Guid(2f8e4cb189f62364f88f71d152fada09) Importer(815301076,1909f56bfc062723c751e8b465ee728b)  -> (artifact id: '967db32a024106cc3d249afa24d63cc8') in 0.006476 seconds 
Number of asset objects unloaded after import = 1
========================================================================
Received Import Request.
  Time since last request: 0.000007 seconds.
  path: Assets/PolygonWestern/Models/CollisionConvex/SM_Prop_Bottle_04_Convex.asset
  artifactKey: Guid(c23fcf1f21e918947be3922eb01dfabe) Importer(815301076,1909f56bfc062723c751e8b465ee728b)
Number of updated assets reloaded before import = 0
Start importing Assets/PolygonWestern/Models/CollisionConvex/SM_Prop_Bottle_04_Convex.asset using Guid(c23fcf1f21e918947be3922eb01dfabe) Importer(815301076,1909f56bfc062723c751e8b465ee728b)  -> (artifact id: 'db06be9eeed35e2de92ed708c26fc772') in 0.005696 seconds 
Number of asset objects unloaded after import = 1
========================================================================
Received Import Request.
  Time since last request: 0.000009 seconds.
  path: Assets/PolygonPirates/Models/ConvexCollisions/SM_Item_Bomb_01_Convex.asset
  artifactKey: Guid(a2d082eff7eed2746bac6acc7a92cddf) Importer(815301076,1909f56bfc062723c751e8b465ee728b)
Number of updated assets reloaded before import = 0
Start importing Assets/PolygonPirates/Models/ConvexCollisions/SM_Item_Bomb_01_Convex.asset using Guid(a2d082eff7eed2746bac6acc7a92cddf) Importer(815301076,1909f56bfc062723c751e8b465ee728b)  -> (artifact id: 'd549c134218350fdfa3c96b04a1c812f') in 0.006120 seconds 
Number of asset objects unloaded after import = 1
========================================================================
Received Import Request.
  Time since last request: 0.000006 seconds.
  path: Assets/PolygonPirates/Models/SM_Item_Bottle_04.fbx
  artifactKey: Guid(dd8a53f8637a96c4fa4ab7f1c187f963) Importer(815301076,1909f56bfc062723c751e8b465ee728b)
Number of updated assets reloaded before import = 0
Start importing Assets/PolygonPirates/Models/SM_Item_Bottle_04.fbx using Guid(dd8a53f8637a96c4fa4ab7f1c187f963) Importer(815301076,1909f56bfc062723c751e8b465ee728b)  -> (artifact id: 'd5f862129b375d01d3a18e23071b203b') in 0.007295 seconds 
Number of asset objects unloaded after import = 7
========================================================================
Received Import Request.
  Time since last request: 0.000006 seconds.
  path: Assets/PolygonWestern/Models/SM_Prop_Bottle_Broken_04.fbx
  artifactKey: Guid(02c241ee54fa3b74bb76131a27e54f16) Importer(815301076,1909f56bfc062723c751e8b465ee728b)
Number of updated assets reloaded before import = 0
Start importing Assets/PolygonWestern/Models/SM_Prop_Bottle_Broken_04.fbx using Guid(02c241ee54fa3b74bb76131a27e54f16) Importer(815301076,1909f56bfc062723c751e8b465ee728b)  -> (artifact id: '0fe6f2239803deb9af513d4df2453688') in 0.006852 seconds 
Number of asset objects unloaded after import = 7
========================================================================
Received Import Request.
  Time since last request: 0.000007 seconds.
  path: Assets/PolygonWestern/Models/SM_Prop_Bottle_04.fbx
  artifactKey: Guid(036946aea9bac684c929694b766ea08c) Importer(815301076,1909f56bfc062723c751e8b465ee728b)
Number of updated assets reloaded before import = 0
Start importing Assets/PolygonWestern/Models/SM_Prop_Bottle_04.fbx using Guid(036946aea9bac684c929694b766ea08c) Importer(815301076,1909f56bfc062723c751e8b465ee728b)  -> (artifact id: '532cbef404f0d3b3357af7857357f46a') in 0.007399 seconds 
Number of asset objects unloaded after import = 7
========================================================================
Received Import Request.
  Time since last request: 0.000006 seconds.
  path: Assets/PolygonPirates/Models/ConvexCollisions/SM_Item_Bottle_Attachment_01_Convex.asset
  artifactKey: Guid(5fdcb2b54a6b7ae4b8fb9e13e106d5bb) Importer(815301076,1909f56bfc062723c751e8b465ee728b)
Number of updated assets reloaded before import = 0
Start importing Assets/PolygonPirates/Models/ConvexCollisions/SM_Item_Bottle_Attachment_01_Convex.asset using Guid(5fdcb2b54a6b7ae4b8fb9e13e106d5bb) Importer(815301076,1909f56bfc062723c751e8b465ee728b)  -> (artifact id: '49f1ac7851f6209546f7c1e29ecb95af') in 0.006529 seconds 
Number of asset objects unloaded after import = 1
========================================================================
Received Import Request.
  Time since last request: 0.000006 seconds.
  path: Assets/PolygonWestern/Models/CollisionConvex/SM_Prop_Bottle_Broken_02_Convex.asset
  artifactKey: Guid(6713e0f0846bd1f458d850e9dade226d) Importer(815301076,1909f56bfc062723c751e8b465ee728b)
Number of updated assets reloaded before import = 0
Start importing Assets/PolygonWestern/Models/CollisionConvex/SM_Prop_Bottle_Broken_02_Convex.asset using Guid(6713e0f0846bd1f458d850e9dade226d) Importer(815301076,1909f56bfc062723c751e8b465ee728b)  -> (artifact id: 'e8259a99dffc1f6de56714552bfe9242') in 0.006399 seconds 
Number of asset objects unloaded after import = 1
========================================================================
Received Import Request.
  Time since last request: 0.000007 seconds.
  path: Assets/PolygonWestern/Models/CollisionConvex/SM_Prop_Bottle_05_Convex.asset
  artifactKey: Guid(b08292c2e85f36a48a9b8bb7422f7413) Importer(815301076,1909f56bfc062723c751e8b465ee728b)
Number of updated assets reloaded before import = 0
Start importing Assets/PolygonWestern/Models/CollisionConvex/SM_Prop_Bottle_05_Convex.asset using Guid(b08292c2e85f36a48a9b8bb7422f7413) Importer(815301076,1909f56bfc062723c751e8b465ee728b)  -> (artifact id: 'e8285b5f26b9ef243dc7eacea4a7d7cd') in 0.006181 seconds 
Number of asset objects unloaded after import = 1
========================================================================
Received Import Request.
  Time since last request: 0.000007 seconds.
  path: Assets/PolygonPirates/Models/ConvexCollisions/SM_Item_Bottle_02_Convex.asset
  artifactKey: Guid(f66dc8f885709a04ca20517dadf644a8) Importer(815301076,1909f56bfc062723c751e8b465ee728b)
Number of updated assets reloaded before import = 0
Start importing Assets/PolygonPirates/Models/ConvexCollisions/SM_Item_Bottle_02_Convex.asset using Guid(f66dc8f885709a04ca20517dadf644a8) Importer(815301076,1909f56bfc062723c751e8b465ee728b)  -> (artifact id: '29398470dce238f3caaf607e3bbdad63') in 0.006153 seconds 
Number of asset objects unloaded after import = 1
========================================================================
Received Import Request.
  Time since last request: 0.000008 seconds.
  path: Assets/PolygonPirates/Models/ConvexCollisions/SM_Item_Bottle_03_Convex.asset
  artifactKey: Guid(194e2072a5e68f54aaee088e845e8182) Importer(815301076,1909f56bfc062723c751e8b465ee728b)
Number of updated assets reloaded before import = 0
Start importing Assets/PolygonPirates/Models/ConvexCollisions/SM_Item_Bottle_03_Convex.asset using Guid(194e2072a5e68f54aaee088e845e8182) Importer(815301076,1909f56bfc062723c751e8b465ee728b)  -> (artifact id: 'b155166c72409c1a7deecdef3681c1a1') in 0.006859 seconds 
Number of asset objects unloaded after import = 1
========================================================================
Received Import Request.
  Time since last request: 0.000010 seconds.
  path: Assets/PolygonPirates/Models/ConvexCollisions/SM_Item_Bottle_04_Convex.asset
  artifactKey: Guid(604c66b785b67c643bfd03af64a1fac1) Importer(815301076,1909f56bfc062723c751e8b465ee728b)
Number of updated assets reloaded before import = 0
Start importing Assets/PolygonPirates/Models/ConvexCollisions/SM_Item_Bottle_04_Convex.asset using Guid(604c66b785b67c643bfd03af64a1fac1) Importer(815301076,1909f56bfc062723c751e8b465ee728b)  -> (artifact id: 'bc835a1faaa1ce6be532cf0fb75cb936') in 0.006335 seconds 
Number of asset objects unloaded after import = 1
========================================================================
Received Import Request.
  Time since last request: 0.000016 seconds.
  path: Assets/PolygonWestern/Models/CollisionConvex/SM_Prop_Bone_Cracked_01_Convex.asset
  artifactKey: Guid(f5275190a73eec74a9bfe494b4579928) Importer(815301076,1909f56bfc062723c751e8b465ee728b)
Number of updated assets reloaded before import = 0
Start importing Assets/PolygonWestern/Models/CollisionConvex/SM_Prop_Bone_Cracked_01_Convex.asset using Guid(f5275190a73eec74a9bfe494b4579928) Importer(815301076,1909f56bfc062723c751e8b465ee728b)  -> (artifact id: '53de9f967b41a9a42ae2a6b50e954b0e') in 0.006306 seconds 
Number of asset objects unloaded after import = 1
========================================================================
Received Import Request.
  Time since last request: 0.000006 seconds.
  path: Assets/PolygonWestern/Models/CollisionConvex/SM_Prop_Bottle_07_Convex.asset
  artifactKey: Guid(b5550b812e10b0541acdce3130a158b7) Importer(815301076,1909f56bfc062723c751e8b465ee728b)
Number of updated assets reloaded before import = 0
Start importing Assets/PolygonWestern/Models/CollisionConvex/SM_Prop_Bottle_07_Convex.asset using Guid(b5550b812e10b0541acdce3130a158b7) Importer(815301076,1909f56bfc062723c751e8b465ee728b)  -> (artifact id: 'b600252b0a622ff738866ee0ef06b252') in 0.006059 seconds 
Number of asset objects unloaded after import = 1
========================================================================
Received Import Request.
  Time since last request: 0.000009 seconds.
  path: Assets/PolygonPirates/Models/SM_Item_Bottle_01.fbx
  artifactKey: Guid(1d532f67d8dffaf49ae296feee6cffe8) Importer(815301076,1909f56bfc062723c751e8b465ee728b)
Number of updated assets reloaded before import = 0
Start importing Assets/PolygonPirates/Models/SM_Item_Bottle_01.fbx using Guid(1d532f67d8dffaf49ae296feee6cffe8) Importer(815301076,1909f56bfc062723c751e8b465ee728b)  -> (artifact id: 'b33065eb1f7eecf82948c9fc32571be8') in 0.007767 seconds 
Number of asset objects unloaded after import = 7
========================================================================
Received Import Request.
  Time since last request: 0.000007 seconds.
  path: Assets/PolygonWestern/Models/SM_Prop_Bone_Cracked_02.fbx
  artifactKey: Guid(75ca18c5a16c45044a34e8098683ce58) Importer(815301076,1909f56bfc062723c751e8b465ee728b)
Number of updated assets reloaded before import = 0
Start importing Assets/PolygonWestern/Models/SM_Prop_Bone_Cracked_02.fbx using Guid(75ca18c5a16c45044a34e8098683ce58) Importer(815301076,1909f56bfc062723c751e8b465ee728b)  -> (artifact id: 'c85f5d1c2a75a0b4f140b86e40c19d01') in 0.007225 seconds 
Number of asset objects unloaded after import = 7
========================================================================
Received Import Request.
  Time since last request: 0.000007 seconds.
  path: Assets/PolygonWestern/Models/SM_Prop_Bottle_02.fbx
  artifactKey: Guid(4956bdb6d9d0f3a48a8a58bc7fd17dbd) Importer(815301076,1909f56bfc062723c751e8b465ee728b)
Number of updated assets reloaded before import = 0
Start importing Assets/PolygonWestern/Models/SM_Prop_Bottle_02.fbx using Guid(4956bdb6d9d0f3a48a8a58bc7fd17dbd) Importer(815301076,1909f56bfc062723c751e8b465ee728b)  -> (artifact id: '2b48d91e8dbf6cecc7a0859cfba3cb6f') in 0.006774 seconds 
Number of asset objects unloaded after import = 7
========================================================================
Received Import Request.
  Time since last request: 0.000006 seconds.
  path: Assets/PolygonWestern/Models/SM_Prop_Bottle_05.fbx
  artifactKey: Guid(c666ab606086aed4eafe459feb139100) Importer(815301076,1909f56bfc062723c751e8b465ee728b)
Number of updated assets reloaded before import = 0
Start importing Assets/PolygonWestern/Models/SM_Prop_Bottle_05.fbx using Guid(c666ab606086aed4eafe459feb139100) Importer(815301076,1909f56bfc062723c751e8b465ee728b)  -> (artifact id: '96679b2e0c9c90b5eea554779a803a9c') in 0.007402 seconds 
Number of asset objects unloaded after import = 7
========================================================================
Received Import Request.
  Time since last request: 0.307002 seconds.
  path: Assets/PolygonPirates/Models/SM_Prop_BottleTorch_01.fbx
  artifactKey: Guid(6ed1f903c4e46bb40ab965f0bd01041c) Importer(815301076,1909f56bfc062723c751e8b465ee728b)
Number of updated assets reloaded before import = 0
Start importing Assets/PolygonPirates/Models/SM_Prop_BottleTorch_01.fbx using Guid(6ed1f903c4e46bb40ab965f0bd01041c) Importer(815301076,1909f56bfc062723c751e8b465ee728b)  -> (artifact id: 'f1e9a428ffdca040383917eeff103689') in 0.009547 seconds 
Number of asset objects unloaded after import = 7
========================================================================
Received Import Request.
  Time since last request: 0.000012 seconds.
  path: Assets/PolygonNatureBiomes/PNB_Tropical_Jungle/Models/SM_Prop_Message_Bottle_01.fbx
  artifactKey: Guid(a935bd3725d8a74418a15365db0b18d9) Importer(815301076,1909f56bfc062723c751e8b465ee728b)
Number of updated assets reloaded before import = 0
Start importing Assets/PolygonNatureBiomes/PNB_Tropical_Jungle/Models/SM_Prop_Message_Bottle_01.fbx using Guid(a935bd3725d8a74418a15365db0b18d9) Importer(815301076,1909f56bfc062723c751e8b465ee728b)  -> (artifact id: '176ccd1f6cf35a1fc7a3855eb4b97a8d') in 0.009479 seconds 
Number of asset objects unloaded after import = 7
========================================================================
Received Import Request.
  Time since last request: 8.841447 seconds.
  path: Assets/Minigames/Shooting range/prefabs/Bottle.prefab
  artifactKey: Guid(6e6a0268618f6c24088094cc8affcb9c) Importer(815301076,1909f56bfc062723c751e8b465ee728b)
Number of updated assets reloaded before import = 0
Start importing Assets/Minigames/Shooting range/prefabs/Bottle.prefab using Guid(6e6a0268618f6c24088094cc8affcb9c) Importer(815301076,1909f56bfc062723c751e8b465ee728b)  -> (artifact id: 'b2af7447966431ab3929e046e2d85289') in 0.012181 seconds 
Number of asset objects unloaded after import = 21
========================================================================
Received Import Request.
  Time since last request: 2.599270 seconds.
  path: Assets/Minigames/Shooting range/prefabs/Bottle.prefab
  artifactKey: Guid(6e6a0268618f6c24088094cc8affcb9c) Importer(815301076,1909f56bfc062723c751e8b465ee728b)
Number of updated assets reloaded before import = 0
Start importing Assets/Minigames/Shooting range/prefabs/Bottle.prefab using Guid(6e6a0268618f6c24088094cc8affcb9c) Importer(815301076,1909f56bfc062723c751e8b465ee728b)  -> (artifact id: '3ba85e7581f6429d5fcfeee20b21b18a') in 0.009823 seconds 
Number of asset objects unloaded after import = 21
========================================================================
Received Import Request.
  Time since last request: 0.591518 seconds.
  path: Assets/Minigames/Shooting range/prefabs/Bottle.prefab
  artifactKey: Guid(6e6a0268618f6c24088094cc8affcb9c) Importer(815301076,1909f56bfc062723c751e8b465ee728b)
Number of updated assets reloaded before import = 0
Start importing Assets/Minigames/Shooting range/prefabs/Bottle.prefab using Guid(6e6a0268618f6c24088094cc8affcb9c) Importer(815301076,1909f56bfc062723c751e8b465ee728b)  -> (artifact id: '7ee6f46073caba69edf4a9cb79112fb3') in 0.009946 seconds 
Number of asset objects unloaded after import = 21
========================================================================
Received Import Request.
  Time since last request: 1.818329 seconds.
  path: Assets/Minigames/Shooting range/prefabs/Bottle.prefab
  artifactKey: Guid(6e6a0268618f6c24088094cc8affcb9c) Importer(815301076,1909f56bfc062723c751e8b465ee728b)
Number of updated assets reloaded before import = 0
Start importing Assets/Minigames/Shooting range/prefabs/Bottle.prefab using Guid(6e6a0268618f6c24088094cc8affcb9c) Importer(815301076,1909f56bfc062723c751e8b465ee728b)  -> (artifact id: '8a134144f39516c6b0238f7bee6992d8') in 0.010437 seconds 
Number of asset objects unloaded after import = 21
========================================================================
Received Import Request.
  Time since last request: 0.389859 seconds.
  path: Assets/Minigames/Shooting range/prefabs/Bottle.prefab
  artifactKey: Guid(6e6a0268618f6c24088094cc8affcb9c) Importer(815301076,1909f56bfc062723c751e8b465ee728b)
Number of updated assets reloaded before import = 0
Start importing Assets/Minigames/Shooting range/prefabs/Bottle.prefab using Guid(6e6a0268618f6c24088094cc8affcb9c) Importer(815301076,1909f56bfc062723c751e8b465ee728b)  -> (artifact id: '3d3101aba33752f4ae55c368481ca51e') in 0.009686 seconds 
Number of asset objects unloaded after import = 21
========================================================================
Received Import Request.
  Time since last request: 1.390432 seconds.
  path: Assets/Minigames/Shooting range/prefabs/Bottle.prefab
  artifactKey: Guid(6e6a0268618f6c24088094cc8affcb9c) Importer(815301076,1909f56bfc062723c751e8b465ee728b)
Number of updated assets reloaded before import = 0
Start importing Assets/Minigames/Shooting range/prefabs/Bottle.prefab using Guid(6e6a0268618f6c24088094cc8affcb9c) Importer(815301076,1909f56bfc062723c751e8b465ee728b)  -> (artifact id: 'abadc4c980a811e085831611347ea02c') in 0.009364 seconds 
Number of asset objects unloaded after import = 21
========================================================================
Received Import Request.
  Time since last request: 8.456872 seconds.
  path: Assets/Minigames/Shooting range/prefabs/Bottle.prefab
  artifactKey: Guid(6e6a0268618f6c24088094cc8affcb9c) Importer(815301076,1909f56bfc062723c751e8b465ee728b)
Number of updated assets reloaded before import = 0
Start importing Assets/Minigames/Shooting range/prefabs/Bottle.prefab using Guid(6e6a0268618f6c24088094cc8affcb9c) Importer(815301076,1909f56bfc062723c751e8b465ee728b)  -> (artifact id: 'd07aaf2a24dde4453af3b8dc5658e717') in 0.009804 seconds 
Number of asset objects unloaded after import = 22
========================================================================
Received Import Request.
  Time since last request: 14.010799 seconds.
  path: Assets/PolygonNatureBiomes/PNB_Tropical_Jungle/Prefabs/SM_Bld_Shack_Pirate_01.prefab
  artifactKey: Guid(e95e061153a79cb4195a0e822885f9f8) Importer(815301076,1909f56bfc062723c751e8b465ee728b)
Number of updated assets reloaded before import = 0
Start importing Assets/PolygonNatureBiomes/PNB_Tropical_Jungle/Prefabs/SM_Bld_Shack_Pirate_01.prefab using Guid(e95e061153a79cb4195a0e822885f9f8) Importer(815301076,1909f56bfc062723c751e8b465ee728b)  -> (artifact id: '41039c315137efbc5239635e508307a9') in 0.013418 seconds 
Number of asset objects unloaded after import = 12
========================================================================
Received Import Request.
  Time since last request: 0.000010 seconds.
  path: Assets/PolygonPirates/Models/SM_Bld_Shanty_Base_02.fbx
  artifactKey: Guid(3433418b47a403b44a9d661a79a1614d) Importer(815301076,1909f56bfc062723c751e8b465ee728b)
Number of updated assets reloaded before import = 0
Start importing Assets/PolygonPirates/Models/SM_Bld_Shanty_Base_02.fbx using Guid(3433418b47a403b44a9d661a79a1614d) Importer(815301076,1909f56bfc062723c751e8b465ee728b)  -> (artifact id: 'b427c0d9d9c95e5cdd12ba6083883ef5') in 0.007986 seconds 
Number of asset objects unloaded after import = 7
========================================================================
Received Import Request.
  Time since last request: 0.000008 seconds.
  path: Assets/PolygonPirates/Prefabs/Buildings/SM_Bld_Shanty_Stairs_01.prefab
  artifactKey: Guid(6bfcc3e78698e6344b7b5308e1bbd877) Importer(815301076,1909f56bfc062723c751e8b465ee728b)
Number of updated assets reloaded before import = 0
Start importing Assets/PolygonPirates/Prefabs/Buildings/SM_Bld_Shanty_Stairs_01.prefab using Guid(6bfcc3e78698e6344b7b5308e1bbd877) Importer(815301076,1909f56bfc062723c751e8b465ee728b)  -> (artifact id: 'b350f61622556b050eac52e7dd10202b') in 0.009739 seconds 
Number of asset objects unloaded after import = 12
========================================================================
Received Import Request.
  Time since last request: 0.000008 seconds.
  path: Assets/PolygonPirates/Models/SM_Bld_Shanty_Roof_02.fbx
  artifactKey: Guid(7be5da51567f6a044913051f3fd6ac69) Importer(815301076,1909f56bfc062723c751e8b465ee728b)
Number of updated assets reloaded before import = 0
Start importing Assets/PolygonPirates/Models/SM_Bld_Shanty_Roof_02.fbx using Guid(7be5da51567f6a044913051f3fd6ac69) Importer(815301076,1909f56bfc062723c751e8b465ee728b)  -> (artifact id: 'c52e08436d3d5ff944e0188f8ff3b555') in 0.010498 seconds 
Number of asset objects unloaded after import = 7
========================================================================
Received Import Request.
  Time since last request: 0.000007 seconds.
  path: Assets/PolygonPirates/Prefabs/Buildings/SM_Bld_Shanty_Room_01.prefab
  artifactKey: Guid(4201997824bd90744b5393bad6f063d9) Importer(815301076,1909f56bfc062723c751e8b465ee728b)
Number of updated assets reloaded before import = 0
Start importing Assets/PolygonPirates/Prefabs/Buildings/SM_Bld_Shanty_Room_01.prefab using Guid(4201997824bd90744b5393bad6f063d9) Importer(815301076,1909f56bfc062723c751e8b465ee728b)  -> (artifact id: 'd5861bcf90f4576211df0f90c4a44bb3') in 0.009461 seconds 
Number of asset objects unloaded after import = 12
========================================================================
Received Import Request.
  Time since last request: 0.000010 seconds.
  path: Assets/PolygonPirates/Models/SM_Bld_Shanty_Roof_01.fbx
  artifactKey: Guid(3cdc6d216007c184ca6432bcb63b6838) Importer(815301076,1909f56bfc062723c751e8b465ee728b)
Number of updated assets reloaded before import = 0
Start importing Assets/PolygonPirates/Models/SM_Bld_Shanty_Roof_01.fbx using Guid(3cdc6d216007c184ca6432bcb63b6838) Importer(815301076,1909f56bfc062723c751e8b465ee728b)  -> (artifact id: 'c125def01ac9b349f21fc9912fe5b52f') in 0.007412 seconds 
Number of asset objects unloaded after import = 7
========================================================================
Received Import Request.
  Time since last request: 0.000007 seconds.
  path: Assets/PolygonPirates/Models/SM_Bld_Shanty_Preset_05.fbx
  artifactKey: Guid(d2c07928a3ac8cd48a2be3e6579eb617) Importer(815301076,1909f56bfc062723c751e8b465ee728b)
Number of updated assets reloaded before import = 0
Start importing Assets/PolygonPirates/Models/SM_Bld_Shanty_Preset_05.fbx using Guid(d2c07928a3ac8cd48a2be3e6579eb617) Importer(815301076,1909f56bfc062723c751e8b465ee728b)  -> (artifact id: '5570e48af21680e94f113aee173141db') in 0.009477 seconds 
Number of asset objects unloaded after import = 7
========================================================================
Received Import Request.
  Time since last request: 0.000007 seconds.
  path: Assets/PolygonPirates/Prefabs/Buildings/SM_Bld_Shanty_Preset_06.prefab
  artifactKey: Guid(fece7ebecc6caad448be7fe592de95cc) Importer(815301076,1909f56bfc062723c751e8b465ee728b)
Number of updated assets reloaded before import = 0
Start importing Assets/PolygonPirates/Prefabs/Buildings/SM_Bld_Shanty_Preset_06.prefab using Guid(fece7ebecc6caad448be7fe592de95cc) Importer(815301076,1909f56bfc062723c751e8b465ee728b)  -> (artifact id: '5106306f620bd98d438cc7ee476caf3b') in 0.009801 seconds 
Number of asset objects unloaded after import = 12
========================================================================
Received Import Request.
  Time since last request: 0.000009 seconds.
  path: Assets/PolygonNatureBiomes/PNB_Tropical_Jungle/Prefabs/SM_Env_Bush_Palm_01.prefab
  artifactKey: Guid(ba9ccab05041f1b49841d2d6213640e0) Importer(815301076,1909f56bfc062723c751e8b465ee728b)
Number of updated assets reloaded before import = 0
Start importing Assets/PolygonNatureBiomes/PNB_Tropical_Jungle/Prefabs/SM_Env_Bush_Palm_01.prefab using Guid(ba9ccab05041f1b49841d2d6213640e0) Importer(815301076,1909f56bfc062723c751e8b465ee728b)  -> (artifact id: '7678ce849c5b74367adcf5c8ee36d498') in 0.048003 seconds 
Number of asset objects unloaded after import = 43
========================================================================
Received Import Request.
  Time since last request: 0.000011 seconds.
  path: Assets/PolygonPirates/Prefabs/Environments/SM_Env_Bush_01.prefab
  artifactKey: Guid(80d8a0a4c08d03e4182949075206e069) Importer(815301076,1909f56bfc062723c751e8b465ee728b)
Number of updated assets reloaded before import = 0
Start importing Assets/PolygonPirates/Prefabs/Environments/SM_Env_Bush_01.prefab using Guid(80d8a0a4c08d03e4182949075206e069) Importer(815301076,1909f56bfc062723c751e8b465ee728b)  -> (artifact id: 'b8258488b9a2281132de736dc821712c') in 0.010199 seconds 
Number of asset objects unloaded after import = 12
========================================================================
Received Import Request.
  Time since last request: 0.000013 seconds.
  path: Assets/PolygonPirates/Prefabs/Buildings/SM_Bld_Shanty_Preset_01.prefab
  artifactKey: Guid(b3973fc6d839e1648bf8e4af0578e64c) Importer(815301076,1909f56bfc062723c751e8b465ee728b)
Number of updated assets reloaded before import = 0
Start importing Assets/PolygonPirates/Prefabs/Buildings/SM_Bld_Shanty_Preset_01.prefab using Guid(b3973fc6d839e1648bf8e4af0578e64c) Importer(815301076,1909f56bfc062723c751e8b465ee728b)  -> (artifact id: 'bfb93d10e4608f99fa461292ce996ae4') in 0.008920 seconds 
Number of asset objects unloaded after import = 12
========================================================================
Received Import Request.
  Time since last request: 0.000009 seconds.
  path: Assets/PolygonPirates/Prefabs/Buildings/SM_Bld_Shanty_SideAttachment_01.prefab
  artifactKey: Guid(cebd03adc1a52984c83f1a62e8615c5f) Importer(815301076,1909f56bfc062723c751e8b465ee728b)
Number of updated assets reloaded before import = 0
Start importing Assets/PolygonPirates/Prefabs/Buildings/SM_Bld_Shanty_SideAttachment_01.prefab using Guid(cebd03adc1a52984c83f1a62e8615c5f) Importer(815301076,1909f56bfc062723c751e8b465ee728b)  -> (artifact id: 'b631062be953f0da5a49816e2edfa7e0') in 0.009940 seconds 
Number of asset objects unloaded after import = 12
========================================================================
Received Import Request.
  Time since last request: 0.000008 seconds.
  path: Assets/PolygonPirates/Prefabs/Buildings/SM_Bld_Shanty_Preset_07.prefab
  artifactKey: Guid(18a89271d09f1e6438fcb03787394d0d) Importer(815301076,1909f56bfc062723c751e8b465ee728b)
Number of updated assets reloaded before import = 0
Start importing Assets/PolygonPirates/Prefabs/Buildings/SM_Bld_Shanty_Preset_07.prefab using Guid(18a89271d09f1e6438fcb03787394d0d) Importer(815301076,1909f56bfc062723c751e8b465ee728b)  -> (artifact id: '5aab244c7b5353b5a50a4dc0d3663a30') in 0.010093 seconds 
Number of asset objects unloaded after import = 12
========================================================================
Received Import Request.
  Time since last request: 0.000007 seconds.
  path: Assets/PolygonPirates/Models/SM_Bld_Shanty_Preset_02.fbx
  artifactKey: Guid(70dc06db218cf454c9aec31c85b565b0) Importer(815301076,1909f56bfc062723c751e8b465ee728b)
Number of updated assets reloaded before import = 0
Start importing Assets/PolygonPirates/Models/SM_Bld_Shanty_Preset_02.fbx using Guid(70dc06db218cf454c9aec31c85b565b0) Importer(815301076,1909f56bfc062723c751e8b465ee728b)  -> (artifact id: 'eb454cebed4bb31e0f10aa125db0a22a') in 0.009732 seconds 
Number of asset objects unloaded after import = 7
========================================================================
Received Import Request.
  Time since last request: 0.000007 seconds.
  path: Assets/PolygonPirates/Prefabs/Buildings/SM_Bld_Shanty_SideAttachment_04.prefab
  artifactKey: Guid(7024c6f0d04c2334283b2280b9e01b5b) Importer(815301076,1909f56bfc062723c751e8b465ee728b)
Number of updated assets reloaded before import = 0
Start importing Assets/PolygonPirates/Prefabs/Buildings/SM_Bld_Shanty_SideAttachment_04.prefab using Guid(7024c6f0d04c2334283b2280b9e01b5b) Importer(815301076,1909f56bfc062723c751e8b465ee728b)  -> (artifact id: 'f1b3eda36edbc73047d12f4ab34fa5a3') in 0.011132 seconds 
Number of asset objects unloaded after import = 24
========================================================================
Received Import Request.
  Time since last request: 0.000008 seconds.
  path: Assets/PolygonPirates/Models/SM_Bld_Shanty_Preset_07.fbx
  artifactKey: Guid(1f142fde068643744af28f68720d5c0f) Importer(815301076,1909f56bfc062723c751e8b465ee728b)
Number of updated assets reloaded before import = 0
Start importing Assets/PolygonPirates/Models/SM_Bld_Shanty_Preset_07.fbx using Guid(1f142fde068643744af28f68720d5c0f) Importer(815301076,1909f56bfc062723c751e8b465ee728b)  -> (artifact id: '15578add0e3b5185c232fbc23f4fb889') in 0.008175 seconds 
Number of asset objects unloaded after import = 7
========================================================================
Received Import Request.
  Time since last request: 0.000007 seconds.
  path: Assets/PolygonPirates/Prefabs/Buildings/SM_Bld_Shanty_SideAttachment_02.prefab
  artifactKey: Guid(55deae894dcf8e340ba7cc54cddf5ab5) Importer(815301076,1909f56bfc062723c751e8b465ee728b)
Number of updated assets reloaded before import = 0
Start importing Assets/PolygonPirates/Prefabs/Buildings/SM_Bld_Shanty_SideAttachment_02.prefab using Guid(55deae894dcf8e340ba7cc54cddf5ab5) Importer(815301076,1909f56bfc062723c751e8b465ee728b)  -> (artifact id: 'bec6c276d9bd0afa19c6dff264dfdfce') in 0.009593 seconds 
Number of asset objects unloaded after import = 12
========================================================================
Received Import Request.
  Time since last request: 0.000008 seconds.
  path: Assets/PolygonPirates/Models/CollisionCustom/SM_Bld_Shanty_Preset_01_Collision.fbx
  artifactKey: Guid(0b7181212dbfb394f8d00e0ace4e7a54) Importer(815301076,1909f56bfc062723c751e8b465ee728b)
Number of updated assets reloaded before import = 0
Start importing Assets/PolygonPirates/Models/CollisionCustom/SM_Bld_Shanty_Preset_01_Collision.fbx using Guid(0b7181212dbfb394f8d00e0ace4e7a54) Importer(815301076,1909f56bfc062723c751e8b465ee728b)  -> (artifact id: '1613ef293a17c22b888f25b54a6028c2') in 0.008389 seconds 
Number of asset objects unloaded after import = 7
========================================================================
Received Import Request.
  Time since last request: 0.000007 seconds.
  path: Assets/PolygonPirates/Models/SM_Bld_Shanty_Room_01.fbx
  artifactKey: Guid(2a3e42eaf7d5d7c448abcea92348e549) Importer(815301076,1909f56bfc062723c751e8b465ee728b)
Number of updated assets reloaded before import = 0
Start importing Assets/PolygonPirates/Models/SM_Bld_Shanty_Room_01.fbx using Guid(2a3e42eaf7d5d7c448abcea92348e549) Importer(815301076,1909f56bfc062723c751e8b465ee728b)  -> (artifact id: '2ee29a9d64d86056dae20d384edbac4c') in 0.007531 seconds 
Number of asset objects unloaded after import = 7
========================================================================
Received Import Request.
  Time since last request: 0.000007 seconds.
  path: Assets/PolygonPirates/Prefabs/Buildings/SM_Bld_Shanty_Preset_02.prefab
  artifactKey: Guid(0f2c24d6d5629e348b89418d85ed89ca) Importer(815301076,1909f56bfc062723c751e8b465ee728b)
Number of updated assets reloaded before import = 0
Start importing Assets/PolygonPirates/Prefabs/Buildings/SM_Bld_Shanty_Preset_02.prefab using Guid(0f2c24d6d5629e348b89418d85ed89ca) Importer(815301076,1909f56bfc062723c751e8b465ee728b)  -> (artifact id: 'f4f2285f58e849f1e892fb7bf5fb0ca4') in 0.009325 seconds 
Number of asset objects unloaded after import = 12
========================================================================
Received Import Request.
  Time since last request: 0.000010 seconds.
  path: Assets/PolygonPirates/Prefabs/Buildings/SM_Bld_Shanty_Preset_03.prefab
  artifactKey: Guid(b29aec4749f571f4ebd074e202f6bd51) Importer(815301076,1909f56bfc062723c751e8b465ee728b)
Number of updated assets reloaded before import = 0
Start importing Assets/PolygonPirates/Prefabs/Buildings/SM_Bld_Shanty_Preset_03.prefab using Guid(b29aec4749f571f4ebd074e202f6bd51) Importer(815301076,1909f56bfc062723c751e8b465ee728b)  -> (artifact id: 'ab2c84bd4300e44d4c61f975e43b163a') in 0.008152 seconds 
Number of asset objects unloaded after import = 12
========================================================================
Received Import Request.
  Time since last request: 0.000008 seconds.
  path: Assets/PolygonPirates/Models/SM_Bld_Shanty_Roof_04.fbx
  artifactKey: Guid(21c5617eb8370c14bbe68bd5a5d7b676) Importer(815301076,1909f56bfc062723c751e8b465ee728b)
Number of updated assets reloaded before import = 0
Start importing Assets/PolygonPirates/Models/SM_Bld_Shanty_Roof_04.fbx using Guid(21c5617eb8370c14bbe68bd5a5d7b676) Importer(815301076,1909f56bfc062723c751e8b465ee728b)  -> (artifact id: '633e9675616b8503ec368602e1c3caf3') in 0.008364 seconds 
Number of asset objects unloaded after import = 7
========================================================================
Received Import Request.
  Time since last request: 0.000010 seconds.
  path: Assets/PolygonPirates/Prefabs/Buildings/SM_Bld_Shanty_Preset_04.prefab
  artifactKey: Guid(0e7de606c4f8f4043af20d610c589c69) Importer(815301076,1909f56bfc062723c751e8b465ee728b)
Number of updated assets reloaded before import = 0
Start importing Assets/PolygonPirates/Prefabs/Buildings/SM_Bld_Shanty_Preset_04.prefab using Guid(0e7de606c4f8f4043af20d610c589c69) Importer(815301076,1909f56bfc062723c751e8b465ee728b)  -> (artifact id: '5e4d15c4006dd0683064ee11636bfc78') in 0.008370 seconds 
Number of asset objects unloaded after import = 12
========================================================================
Received Import Request.
  Time since last request: 0.000007 seconds.
  path: Assets/PolygonPirates/Models/CollisionCustom/SM_Bld_Shanty_Preset_05_Collision.fbx
  artifactKey: Guid(07e3bbe18afbc0c47b8c5c1ca00c7d4c) Importer(815301076,1909f56bfc062723c751e8b465ee728b)
Number of updated assets reloaded before import = 0
Start importing Assets/PolygonPirates/Models/CollisionCustom/SM_Bld_Shanty_Preset_05_Collision.fbx using Guid(07e3bbe18afbc0c47b8c5c1ca00c7d4c) Importer(815301076,1909f56bfc062723c751e8b465ee728b)  -> (artifact id: '4e90c1653d53c334f7b98de25c200883') in 0.008172 seconds 
Number of asset objects unloaded after import = 7
========================================================================
Received Import Request.
  Time since last request: 0.000010 seconds.
  path: Assets/PolygonPirates/Models/SM_Bld_Shop_02.fbx
  artifactKey: Guid(7af5ff5895152c549a7e0f441eb9abf1) Importer(815301076,1909f56bfc062723c751e8b465ee728b)
Number of updated assets reloaded before import = 0
Start importing Assets/PolygonPirates/Models/SM_Bld_Shop_02.fbx using Guid(7af5ff5895152c549a7e0f441eb9abf1) Importer(815301076,1909f56bfc062723c751e8b465ee728b)  -> (artifact id: '0d3c07d7bc0f524f18dfe91d34e9d7ca') in 0.008122 seconds 
Number of asset objects unloaded after import = 7
========================================================================
Received Import Request.
  Time since last request: 0.000008 seconds.
  path: Assets/PolygonPirates/Models/CollisionCustom/SM_Bld_Shanty_Preset_02_Collision.fbx
  artifactKey: Guid(047fb1a80c0d65240ba62296a2a7338c) Importer(815301076,1909f56bfc062723c751e8b465ee728b)
Number of updated assets reloaded before import = 0
Start importing Assets/PolygonPirates/Models/CollisionCustom/SM_Bld_Shanty_Preset_02_Collision.fbx using Guid(047fb1a80c0d65240ba62296a2a7338c) Importer(815301076,1909f56bfc062723c751e8b465ee728b)  -> (artifact id: '12656ac9eaff2885088fe207f4c64556') in 0.007956 seconds 
Number of asset objects unloaded after import = 7
========================================================================
Received Import Request.
  Time since last request: 0.000007 seconds.
  path: Assets/PolygonPirates/Prefabs/Environments/SM_Env_Bush_02.prefab
  artifactKey: Guid(4db48eea64d7e7e45a3cb199ee70e23f) Importer(815301076,1909f56bfc062723c751e8b465ee728b)
Number of updated assets reloaded before import = 0
Start importing Assets/PolygonPirates/Prefabs/Environments/SM_Env_Bush_02.prefab using Guid(4db48eea64d7e7e45a3cb199ee70e23f) Importer(815301076,1909f56bfc062723c751e8b465ee728b)  -> (artifact id: 'b971d924f349d3afe24053a2dd7f7b32') in 0.008730 seconds 
Number of asset objects unloaded after import = 12
========================================================================
Received Import Request.
  Time since last request: 0.000009 seconds.
  path: Assets/PolygonPirates/Models/SM_Bld_Shanty_SideAttachment_01.fbx
  artifactKey: Guid(1ea410b5145b1bf459d212e5bbedceb7) Importer(815301076,1909f56bfc062723c751e8b465ee728b)
Number of updated assets reloaded before import = 0
Start importing Assets/PolygonPirates/Models/SM_Bld_Shanty_SideAttachment_01.fbx using Guid(1ea410b5145b1bf459d212e5bbedceb7) Importer(815301076,1909f56bfc062723c751e8b465ee728b)  -> (artifact id: 'b4121819d6046c5047ebce1e2c69860e') in 0.007627 seconds 
Number of asset objects unloaded after import = 7
========================================================================
Received Import Request.
  Time since last request: 0.284288 seconds.
  path: Assets/PolygonPirates/Models/SM_Prop_Crane_Shark_01.fbx
  artifactKey: Guid(a4b794bac686bfd45a0e6ceb28b9506d) Importer(815301076,1909f56bfc062723c751e8b465ee728b)
Number of updated assets reloaded before import = 0
Start importing Assets/PolygonPirates/Models/SM_Prop_Crane_Shark_01.fbx using Guid(a4b794bac686bfd45a0e6ceb28b9506d) Importer(815301076,1909f56bfc062723c751e8b465ee728b)  -> (artifact id: '6ffa5e634770b8a8039b261777143891') in 0.010552 seconds 
Number of asset objects unloaded after import = 7
========================================================================
Received Import Request.
  Time since last request: 0.000009 seconds.
  path: Assets/PolygonPirates/Prefabs/Props/SM_Prop_Skeleton_Shackle_01.prefab
  artifactKey: Guid(b9b4687017d6ec74182587f8093dfec9) Importer(815301076,1909f56bfc062723c751e8b465ee728b)
Number of updated assets reloaded before import = 0
Start importing Assets/PolygonPirates/Prefabs/Props/SM_Prop_Skeleton_Shackle_01.prefab using Guid(b9b4687017d6ec74182587f8093dfec9) Importer(815301076,1909f56bfc062723c751e8b465ee728b)  -> (artifact id: 'f64e830f3c63392763b1bdaaae871beb') in 0.011271 seconds 
Number of asset objects unloaded after import = 12
========================================================================
Received Import Request.
  Time since last request: 0.000010 seconds.
  path: Assets/PolygonPirates/Models/SM_Prop_Skeleton_Shackle_01.fbx
  artifactKey: Guid(002185e453c54bc4c8ad5855b9b1e258) Importer(815301076,1909f56bfc062723c751e8b465ee728b)
Number of updated assets reloaded before import = 0
Start importing Assets/PolygonPirates/Models/SM_Prop_Skeleton_Shackle_01.fbx using Guid(002185e453c54bc4c8ad5855b9b1e258) Importer(815301076,1909f56bfc062723c751e8b465ee728b)  -> (artifact id: 'ce903c94f57968c61e5458761070be30') in 0.008774 seconds 
Number of asset objects unloaded after import = 7
========================================================================
Received Import Request.
  Time since last request: 0.000007 seconds.
  path: Assets/PolygonPirates/Models/SM_Prop_Shanty_BuildingAttachment_04.fbx
  artifactKey: Guid(6e317402d9e3db348ba39e4f448a6b69) Importer(815301076,1909f56bfc062723c751e8b465ee728b)
Number of updated assets reloaded before import = 0
Start importing Assets/PolygonPirates/Models/SM_Prop_Shanty_BuildingAttachment_04.fbx using Guid(6e317402d9e3db348ba39e4f448a6b69) Importer(815301076,1909f56bfc062723c751e8b465ee728b)  -> (artifact id: '8d757f4c7114690fd3d39c3b7cace2c9') in 0.008079 seconds 
Number of asset objects unloaded after import = 7
========================================================================
Received Import Request.
  Time since last request: 4.198727 seconds.
  path: Assets/PolygonNatureBiomes/PNB_Tropical_Jungle/Models/SM_Bld_Giant_Column_01.fbx
  artifactKey: Guid(64194a419101e734991063ae93079950) Importer(815301076,1909f56bfc062723c751e8b465ee728b)
Number of updated assets reloaded before import = 0
Start importing Assets/PolygonNatureBiomes/PNB_Tropical_Jungle/Models/SM_Bld_Giant_Column_01.fbx using Guid(64194a419101e734991063ae93079950) Importer(815301076,1909f56bfc062723c751e8b465ee728b)  -> (artifact id: '82fc8adce10fb340ae85d9dc98868e69') in 0.009477 seconds 
Number of asset objects unloaded after import = 7
========================================================================
Received Import Request.
  Time since last request: 0.000007 seconds.
  path: Assets/PolygonWestern/Models/SM_Bld_Sign_03.fbx
  artifactKey: Guid(8033cc6dddc010b4f82ed073b7bd5834) Importer(815301076,1909f56bfc062723c751e8b465ee728b)
Number of updated assets reloaded before import = 0
Start importing Assets/PolygonWestern/Models/SM_Bld_Sign_03.fbx using Guid(8033cc6dddc010b4f82ed073b7bd5834) Importer(815301076,1909f56bfc062723c751e8b465ee728b)  -> (artifact id: '4e28268ea7a607c282fcbeb6f66cb0f5') in 0.007346 seconds 
Number of asset objects unloaded after import = 7
========================================================================
Received Import Request.
  Time since last request: 0.000006 seconds.
  path: Assets/PolygonWestern/Prefabs/Buildings/SM_Bld_Single_Balcony_02.prefab
  artifactKey: Guid(2405b0b9d9678d74da733693589e6f46) Importer(815301076,1909f56bfc062723c751e8b465ee728b)
Number of updated assets reloaded before import = 0
Start importing Assets/PolygonWestern/Prefabs/Buildings/SM_Bld_Single_Balcony_02.prefab using Guid(2405b0b9d9678d74da733693589e6f46) Importer(815301076,1909f56bfc062723c751e8b465ee728b)  -> (artifact id: '1659ca47f091c17241fe278e97c85c66') in 0.011229 seconds 
Number of asset objects unloaded after import = 12
========================================================================
Received Import Request.
  Time since last request: 0.000008 seconds.
  path: Assets/PolygonWestern/Models/Colliders/SM_Bld_Single_Balcony_01_Collision.fbx
  artifactKey: Guid(2bb89d5c32b74f84d83d4cc6348f01b0) Importer(815301076,1909f56bfc062723c751e8b465ee728b)
Number of updated assets reloaded before import = 0
Start importing Assets/PolygonWestern/Models/Colliders/SM_Bld_Single_Balcony_01_Collision.fbx using Guid(2bb89d5c32b74f84d83d4cc6348f01b0) Importer(815301076,1909f56bfc062723c751e8b465ee728b)  -> (artifact id: 'adaae679b4a906a4323bd32a3b22454d') in 0.008409 seconds 
Number of asset objects unloaded after import = 7
========================================================================
Received Import Request.
  Time since last request: 0.000007 seconds.
  path: Assets/PolygonWestern/Models/SM_Bld_Sign_08.fbx
  artifactKey: Guid(a601a4200c69fd340827c3b7962e0a6b) Importer(815301076,1909f56bfc062723c751e8b465ee728b)
Number of updated assets reloaded before import = 0
Start importing Assets/PolygonWestern/Models/SM_Bld_Sign_08.fbx using Guid(a601a4200c69fd340827c3b7962e0a6b) Importer(815301076,1909f56bfc062723c751e8b465ee728b)  -> (artifact id: '137c08b614b7780bdba8016a5c6b2561') in 0.007999 seconds 
Number of asset objects unloaded after import = 7
========================================================================
Received Import Request.
  Time since last request: 0.000008 seconds.
  path: Assets/PolygonWestern/Prefabs/Buildings/SM_Bld_Sign_11.prefab
  artifactKey: Guid(8f13f87c0d441ef45af03b503114f42c) Importer(815301076,1909f56bfc062723c751e8b465ee728b)
Number of updated assets reloaded before import = 0
Start importing Assets/PolygonWestern/Prefabs/Buildings/SM_Bld_Sign_11.prefab using Guid(8f13f87c0d441ef45af03b503114f42c) Importer(815301076,1909f56bfc062723c751e8b465ee728b)  -> (artifact id: '63a62e715ad7e8e8d5ebca3cff047fbd') in 0.008387 seconds 
Number of asset objects unloaded after import = 10
========================================================================
Received Import Request.
  Time since last request: 0.000007 seconds.
  path: Assets/PolygonWestern/Models/Colliders/SM_Bld_Single_01_Door_Collisions.fbx
  artifactKey: Guid(3e0c9692a915f15438bb6182a6a916db) Importer(815301076,1909f56bfc062723c751e8b465ee728b)
Number of updated assets reloaded before import = 0
Start importing Assets/PolygonWestern/Models/Colliders/SM_Bld_Single_01_Door_Collisions.fbx using Guid(3e0c9692a915f15438bb6182a6a916db) Importer(815301076,1909f56bfc062723c751e8b465ee728b)  -> (artifact id: '583dd22d7a13b2dc6ec13948ea670475') in 0.008403 seconds 
Number of asset objects unloaded after import = 9
========================================================================
Received Import Request.
  Time since last request: 0.000006 seconds.
  path: Assets/PolygonNatureBiomes/PNB_Tropical_Jungle/Models/SM_Bld_RopeBridge_01.fbx
  artifactKey: Guid(2bd9940051d6ec249a5155cfcb89c6ed) Importer(815301076,1909f56bfc062723c751e8b465ee728b)
Number of updated assets reloaded before import = 0
Start importing Assets/PolygonNatureBiomes/PNB_Tropical_Jungle/Models/SM_Bld_RopeBridge_01.fbx using Guid(2bd9940051d6ec249a5155cfcb89c6ed) Importer(815301076,1909f56bfc062723c751e8b465ee728b)  -> (artifact id: 'c76aa12c3155a2a82761d77a38965ab4') in 0.009596 seconds 
Number of asset objects unloaded after import = 7
========================================================================
Received Import Request.
  Time since last request: 0.000007 seconds.
  path: Assets/PolygonWestern/Prefabs/Buildings/SM_Bld_Single_Deck_03.prefab
  artifactKey: Guid(c8b468721989d7144b1906a726a66425) Importer(815301076,1909f56bfc062723c751e8b465ee728b)
Number of updated assets reloaded before import = 0
Start importing Assets/PolygonWestern/Prefabs/Buildings/SM_Bld_Single_Deck_03.prefab using Guid(c8b468721989d7144b1906a726a66425) Importer(815301076,1909f56bfc062723c751e8b465ee728b)  -> (artifact id: '6f266a99eee482c1170d5d1748cb488e') in 0.011623 seconds 
Number of asset objects unloaded after import = 12
========================================================================
Received Import Request.
  Time since last request: 0.000009 seconds.
  path: Assets/PolygonNatureBiomes/PNB_Tropical_Jungle/Prefabs/SM_Bld_RopeBridge_01.prefab
  artifactKey: Guid(1bb6ebdae52e65548ad7282208fffa55) Importer(815301076,1909f56bfc062723c751e8b465ee728b)
Number of updated assets reloaded before import = 0
Start importing Assets/PolygonNatureBiomes/PNB_Tropical_Jungle/Prefabs/SM_Bld_RopeBridge_01.prefab using Guid(1bb6ebdae52e65548ad7282208fffa55) Importer(815301076,1909f56bfc062723c751e8b465ee728b)  -> (artifact id: '18b4449b2a60b1dd161c13d532f8e749') in 0.010220 seconds 
Number of asset objects unloaded after import = 15
========================================================================
Received Import Request.
  Time since last request: 0.000007 seconds.
  path: Assets/PolygonWestern/Models/SM_Bld_Single_Deck_03.fbx
  artifactKey: Guid(1b868f597c435d145bbb662e0cc2a5bd) Importer(815301076,1909f56bfc062723c751e8b465ee728b)
Number of updated assets reloaded before import = 0
Start importing Assets/PolygonWestern/Models/SM_Bld_Single_Deck_03.fbx using Guid(1b868f597c435d145bbb662e0cc2a5bd) Importer(815301076,1909f56bfc062723c751e8b465ee728b)  -> (artifact id: '84631a29dd4e5d47deb7742c861b967e') in 0.007797 seconds 
Number of asset objects unloaded after import = 7
========================================================================
Received Import Request.
  Time since last request: 0.000007 seconds.
  path: Assets/PolygonWestern/Models/SM_Bld_Sign_20.fbx
  artifactKey: Guid(578cdeea9d1dbc148bc966b0a7216b7e) Importer(815301076,1909f56bfc062723c751e8b465ee728b)
Number of updated assets reloaded before import = 0
Start importing Assets/PolygonWestern/Models/SM_Bld_Sign_20.fbx using Guid(578cdeea9d1dbc148bc966b0a7216b7e) Importer(815301076,1909f56bfc062723c751e8b465ee728b)  -> (artifact id: '0e79b0a2fba811025654087612cf37e6') in 0.007883 seconds 
Number of asset objects unloaded after import = 7
========================================================================
Received Import Request.
  Time since last request: 0.000008 seconds.
  path: Assets/PolygonWestern/Models/Colliders/SM_Bld_Single_Deck_03_Collision.fbx
  artifactKey: Guid(9a7f4b62df29ad340b0fbdeeeeead8a7) Importer(815301076,1909f56bfc062723c751e8b465ee728b)
Number of updated assets reloaded before import = 0
Start importing Assets/PolygonWestern/Models/Colliders/SM_Bld_Single_Deck_03_Collision.fbx using Guid(9a7f4b62df29ad340b0fbdeeeeead8a7) Importer(815301076,1909f56bfc062723c751e8b465ee728b)  -> (artifact id: '27b6ae0f270bd959c4dde7a6792edf47') in 0.009220 seconds 
Number of asset objects unloaded after import = 7
========================================================================
Received Import Request.
  Time since last request: 0.000007 seconds.
  path: Assets/PolygonWestern/Prefabs/Buildings/SM_Bld_Sign_08.prefab
  artifactKey: Guid(96435c05f5cf08744ad9f5b8dd716222) Importer(815301076,1909f56bfc062723c751e8b465ee728b)
Number of updated assets reloaded before import = 0
Start importing Assets/PolygonWestern/Prefabs/Buildings/SM_Bld_Sign_08.prefab using Guid(96435c05f5cf08744ad9f5b8dd716222) Importer(815301076,1909f56bfc062723c751e8b465ee728b)  -> (artifact id: '4036e391dca5d865b0ac634ccb2e0cb2') in 0.007434 seconds 
Number of asset objects unloaded after import = 10
========================================================================
Received Import Request.
  Time since last request: 0.000007 seconds.
  path: Assets/PolygonWestern/Prefabs/Buildings/SM_Bld_Sign_03.prefab
  artifactKey: Guid(67db57a3cb5af88428c98726df345b8f) Importer(815301076,1909f56bfc062723c751e8b465ee728b)
Number of updated assets reloaded before import = 0
Start importing Assets/PolygonWestern/Prefabs/Buildings/SM_Bld_Sign_03.prefab using Guid(67db57a3cb5af88428c98726df345b8f) Importer(815301076,1909f56bfc062723c751e8b465ee728b)  -> (artifact id: 'f9d6511e1d6823d9f1130fa8503e88e0') in 0.006985 seconds 
Number of asset objects unloaded after import = 10
========================================================================
Received Import Request.
  Time since last request: 0.000007 seconds.
  path: Assets/PolygonWestern/Models/SM_Bld_Single_BackDoor_01.fbx
  artifactKey: Guid(c42dea0156159c046a2d7d60c664b561) Importer(815301076,1909f56bfc062723c751e8b465ee728b)
Number of updated assets reloaded before import = 0
Start importing Assets/PolygonWestern/Models/SM_Bld_Single_BackDoor_01.fbx using Guid(c42dea0156159c046a2d7d60c664b561) Importer(815301076,1909f56bfc062723c751e8b465ee728b)  -> (artifact id: '96025bc5b121613f62822fc9e9e90b80') in 0.011387 seconds 
Number of asset objects unloaded after import = 12
========================================================================
Received Import Request.
  Time since last request: 0.000007 seconds.
  path: Assets/PolygonWestern/Prefabs/Buildings/SM_Bld_Sign_02.prefab
  artifactKey: Guid(d01f6d7f0e0d7eb4a948cd9a5fd193a1) Importer(815301076,1909f56bfc062723c751e8b465ee728b)
Number of updated assets reloaded before import = 0
Start importing Assets/PolygonWestern/Prefabs/Buildings/SM_Bld_Sign_02.prefab using Guid(d01f6d7f0e0d7eb4a948cd9a5fd193a1) Importer(815301076,1909f56bfc062723c751e8b465ee728b)  -> (artifact id: '362ad9adbcec358dbc353a0abc5f8a32') in 0.008060 seconds 
Number of asset objects unloaded after import = 11
========================================================================
Received Import Request.
  Time since last request: 0.000008 seconds.
  path: Assets/PolygonWestern/Models/SM_Bld_Sign_09.fbx
  artifactKey: Guid(23b3dfe69b2cf824fb49b84fdb87f2df) Importer(815301076,1909f56bfc062723c751e8b465ee728b)
Number of updated assets reloaded before import = 0
Start importing Assets/PolygonWestern/Models/SM_Bld_Sign_09.fbx using Guid(23b3dfe69b2cf824fb49b84fdb87f2df) Importer(815301076,1909f56bfc062723c751e8b465ee728b)  -> (artifact id: '343245231d49fc786d4f7bdc7c6729c7') in 0.007391 seconds 
Number of asset objects unloaded after import = 7
========================================================================
Received Import Request.
  Time since last request: 0.000012 seconds.
  path: Assets/PolygonWestern/Models/SM_Bld_Single_Balcony_02.fbx
  artifactKey: Guid(e0cd0326d95addc4891bbfcee2f46914) Importer(815301076,1909f56bfc062723c751e8b465ee728b)
Number of updated assets reloaded before import = 0
Start importing Assets/PolygonWestern/Models/SM_Bld_Single_Balcony_02.fbx using Guid(e0cd0326d95addc4891bbfcee2f46914) Importer(815301076,1909f56bfc062723c751e8b465ee728b)  -> (artifact id: 'e2d536ff8778d98625e2e53eaa0384b8') in 0.007882 seconds 
Number of asset objects unloaded after import = 7
========================================================================
Received Import Request.
  Time since last request: 0.000008 seconds.
  path: Assets/PolygonWestern/Models/SM_Bld_Sign_15.fbx
  artifactKey: Guid(59e668292648c794887fea0db526787a) Importer(815301076,1909f56bfc062723c751e8b465ee728b)
Number of updated assets reloaded before import = 0
Start importing Assets/PolygonWestern/Models/SM_Bld_Sign_15.fbx using Guid(59e668292648c794887fea0db526787a) Importer(815301076,1909f56bfc062723c751e8b465ee728b)  -> (artifact id: 'a664e249b8c4b81d8dd84f31f1d4940a') in 0.007752 seconds 
Number of asset objects unloaded after import = 7
========================================================================
Received Import Request.
  Time since last request: 0.000008 seconds.
  path: Assets/PolygonWestern/Prefabs/Buildings/SM_Bld_Single_Deck_01.prefab
  artifactKey: Guid(a0cfa537baaa2f3449d2a78af5339b47) Importer(815301076,1909f56bfc062723c751e8b465ee728b)
Number of updated assets reloaded before import = 0
Start importing Assets/PolygonWestern/Prefabs/Buildings/SM_Bld_Single_Deck_01.prefab using Guid(a0cfa537baaa2f3449d2a78af5339b47) Importer(815301076,1909f56bfc062723c751e8b465ee728b)  -> (artifact id: 'ec2107eec0511b257255bb4ba931a5a2') in 0.009837 seconds 
Number of asset objects unloaded after import = 12
========================================================================
Received Import Request.
  Time since last request: 0.000007 seconds.
  path: Assets/PolygonWestern/Prefabs/Buildings/SM_Bld_Sign_14.prefab
  artifactKey: Guid(cbdf8d37c4c5fae4ba2235af6cfd1244) Importer(815301076,1909f56bfc062723c751e8b465ee728b)
Number of updated assets reloaded before import = 0
Start importing Assets/PolygonWestern/Prefabs/Buildings/SM_Bld_Sign_14.prefab using Guid(cbdf8d37c4c5fae4ba2235af6cfd1244) Importer(815301076,1909f56bfc062723c751e8b465ee728b)  -> (artifact id: '18ce9949ba7102a1e8ce8289aec4a125') in 0.007803 seconds 
Number of asset objects unloaded after import = 10
========================================================================
Received Import Request.
  Time since last request: 0.227718 seconds.
  path: Assets/PolygonPirates/Models/SM_Item_Spyglass_01.fbx
  artifactKey: Guid(6ea9bae29017f954599ab09e190771b8) Importer(815301076,1909f56bfc062723c751e8b465ee728b)
Number of updated assets reloaded before import = 0
Start importing Assets/PolygonPirates/Models/SM_Item_Spyglass_01.fbx using Guid(6ea9bae29017f954599ab09e190771b8) Importer(815301076,1909f56bfc062723c751e8b465ee728b)  -> (artifact id: 'e2ee3a0c59a1416ca2fed66e36289ac0') in 0.017811 seconds 
Number of asset objects unloaded after import = 7
========================================================================
Received Import Request.
  Time since last request: 0.000008 seconds.
  path: Assets/PolygonPirates/Prefabs/Items/SM_Item_Spyglass_02.prefab
  artifactKey: Guid(c55650a6a5fdc224b92f63f1948ac19b) Importer(815301076,1909f56bfc062723c751e8b465ee728b)
Number of updated assets reloaded before import = 0
Start importing Assets/PolygonPirates/Prefabs/Items/SM_Item_Spyglass_02.prefab using Guid(c55650a6a5fdc224b92f63f1948ac19b) Importer(815301076,1909f56bfc062723c751e8b465ee728b)  -> (artifact id: '662f8515daf32d5232dbadd165aa97ea') in 0.008605 seconds 
Number of asset objects unloaded after import = 12
========================================================================
Received Import Request.
  Time since last request: 9.275945 seconds.
  path: Assets/Minigames/Shooting range/prefabs/Bottle.prefab
  artifactKey: Guid(6e6a0268618f6c24088094cc8affcb9c) Importer(815301076,1909f56bfc062723c751e8b465ee728b)
Number of updated assets reloaded before import = 0
Start importing Assets/Minigames/Shooting range/prefabs/Bottle.prefab using Guid(6e6a0268618f6c24088094cc8affcb9c) Importer(815301076,1909f56bfc062723c751e8b465ee728b)  -> (artifact id: 'c3027f49ebad6b3b35defce4f36465d3') in 0.009348 seconds 
Number of asset objects unloaded after import = 22
========================================================================
Received Import Request.
  Time since last request: 20.076810 seconds.
  path: Assets/glass shatter.prefab
  artifactKey: Guid(01a72f5c56d93fe48b6b173db160c333) Importer(815301076,1909f56bfc062723c751e8b465ee728b)
Number of updated assets reloaded before import = 0
Start importing Assets/glass shatter.prefab using Guid(01a72f5c56d93fe48b6b173db160c333) Importer(815301076,1909f56bfc062723c751e8b465ee728b)  -> (artifact id: '233159ec7dab76c871b9eda591113dde') in 0.009314 seconds 
Number of asset objects unloaded after import = 7
========================================================================
Received Import Request.
  Time since last request: 32.773538 seconds.
  path: Assets/PolygonPirates/Models/SM_Env_Background_Hills_01.fbx
  artifactKey: Guid(7c4afc34898e5d8449829ec99d374858) Importer(815301076,1909f56bfc062723c751e8b465ee728b)
Number of updated assets reloaded before import = 0
Start importing Assets/PolygonPirates/Models/SM_Env_Background_Hills_01.fbx using Guid(7c4afc34898e5d8449829ec99d374858) Importer(815301076,1909f56bfc062723c751e8b465ee728b)  -> (artifact id: '90b17655dd073902accaf5b9418a144b') in 0.023261 seconds 
Number of asset objects unloaded after import = 7
========================================================================
Received Import Request.
  Time since last request: 0.000008 seconds.
  path: Assets/PolygonWestern/Models/SM_Env_Grass_03.fbx
  artifactKey: Guid(d2661e78bfbc56f43a7666f62d7e67c6) Importer(815301076,1909f56bfc062723c751e8b465ee728b)
Number of updated assets reloaded before import = 0
Start importing Assets/PolygonWestern/Models/SM_Env_Grass_03.fbx using Guid(d2661e78bfbc56f43a7666f62d7e67c6) Importer(815301076,1909f56bfc062723c751e8b465ee728b)  -> (artifact id: 'd0b1c4f50d2c363161e34b1022cb2b20') in 0.007526 seconds 
Number of asset objects unloaded after import = 7
========================================================================
Received Import Request.
  Time since last request: 0.000007 seconds.
  path: Assets/PolygonPirates/Models/SM_Env_Background_Island_06.fbx
  artifactKey: Guid(6dc80ca655feb484989170e1b08fd582) Importer(815301076,1909f56bfc062723c751e8b465ee728b)
Number of updated assets reloaded before import = 0
Start importing Assets/PolygonPirates/Models/SM_Env_Background_Island_06.fbx using Guid(6dc80ca655feb484989170e1b08fd582) Importer(815301076,1909f56bfc062723c751e8b465ee728b)  -> (artifact id: '6cbb5f678f4efc7bccef79b7c6ab9ab2') in 0.007929 seconds 
Number of asset objects unloaded after import = 7
========================================================================
Received Import Request.
  Time since last request: 0.000008 seconds.
  path: Assets/PolygonPirates/Prefabs/Props/SM_Prop_Grave_03.prefab
  artifactKey: Guid(9ce87c7e4eef45d41a9dd4c4e63b4195) Importer(815301076,1909f56bfc062723c751e8b465ee728b)
Number of updated assets reloaded before import = 0
Start importing Assets/PolygonPirates/Prefabs/Props/SM_Prop_Grave_03.prefab using Guid(9ce87c7e4eef45d41a9dd4c4e63b4195) Importer(815301076,1909f56bfc062723c751e8b465ee728b)  -> (artifact id: '6289c30ae688550596b2f8fa7383f2ee') in 0.009002 seconds 
Number of asset objects unloaded after import = 12
========================================================================
Received Import Request.
  Time since last request: 0.000008 seconds.
  path: Assets/PolygonPirates/Prefabs/Environments/SM_Env_Background_Island_05.prefab
  artifactKey: Guid(2652382bdf3b0a74aba8d9c681fb9a5b) Importer(815301076,1909f56bfc062723c751e8b465ee728b)
Number of updated assets reloaded before import = 0
Start importing Assets/PolygonPirates/Prefabs/Environments/SM_Env_Background_Island_05.prefab using Guid(2652382bdf3b0a74aba8d9c681fb9a5b) Importer(815301076,1909f56bfc062723c751e8b465ee728b)  -> (artifact id: 'dc943f0faa758b453dd35c5318dc94ed') in 0.008024 seconds 
Number of asset objects unloaded after import = 10
========================================================================
Received Import Request.
  Time since last request: 0.000008 seconds.
  path: Assets/PolygonNatureBiomes/PNB_Tropical_Jungle/Prefabs/SM_Env_Grass_Bush_01.prefab
  artifactKey: Guid(597245baab5f7c149896c7cfecc011db) Importer(815301076,1909f56bfc062723c751e8b465ee728b)
Number of updated assets reloaded before import = 0
Start importing Assets/PolygonNatureBiomes/PNB_Tropical_Jungle/Prefabs/SM_Env_Grass_Bush_01.prefab using Guid(597245baab5f7c149896c7cfecc011db) Importer(815301076,1909f56bfc062723c751e8b465ee728b)  -> (artifact id: '7271d9587ee6fa7b2d0f928ad300cd93') in 0.011040 seconds 
Number of asset objects unloaded after import = 27
========================================================================
Received Import Request.
  Time since last request: 0.000008 seconds.
  path: Assets/PolygonPirates/Prefabs/Environments/SM_Env_Background_Island_03.prefab
  artifactKey: Guid(bb62663e50547134f979e4d05974ee17) Importer(815301076,1909f56bfc062723c751e8b465ee728b)
Number of updated assets reloaded before import = 0
Start importing Assets/PolygonPirates/Prefabs/Environments/SM_Env_Background_Island_03.prefab using Guid(bb62663e50547134f979e4d05974ee17) Importer(815301076,1909f56bfc062723c751e8b465ee728b)  -> (artifact id: '5de84648f4e3b35928a19b3af451b0d8') in 0.008093 seconds 
Number of asset objects unloaded after import = 10
========================================================================
Received Import Request.
  Time since last request: 0.000007 seconds.
  path: Assets/PolygonPirates/Prefabs/Environments/SM_Env_GroundLeaves_02.prefab
  artifactKey: Guid(4a65af0d985ec9a4eb06ab34c09e901a) Importer(815301076,1909f56bfc062723c751e8b465ee728b)
Number of updated assets reloaded before import = 0
Start importing Assets/PolygonPirates/Prefabs/Environments/SM_Env_GroundLeaves_02.prefab using Guid(4a65af0d985ec9a4eb06ab34c09e901a) Importer(815301076,1909f56bfc062723c751e8b465ee728b)  -> (artifact id: '0c9e7a00ba30b2a24c4d4e1f34188f3f') in 0.007836 seconds 
Number of asset objects unloaded after import = 10
========================================================================
Received Import Request.
  Time since last request: 0.000008 seconds.
  path: Assets/PolygonPirates/Models/SM_Env_Tile_Grass_01.fbx
  artifactKey: Guid(24174b6bf0ef21849930eeba49445577) Importer(815301076,1909f56bfc062723c751e8b465ee728b)
Number of updated assets reloaded before import = 0
Start importing Assets/PolygonPirates/Models/SM_Env_Tile_Grass_01.fbx using Guid(24174b6bf0ef21849930eeba49445577) Importer(815301076,1909f56bfc062723c751e8b465ee728b)  -> (artifact id: 'ec1b3221549b517cdf77e6215485489f') in 0.008488 seconds 
Number of asset objects unloaded after import = 7
========================================================================
Received Import Request.
  Time since last request: 0.000013 seconds.
  path: Assets/PolygonNatureBiomes/PNB_Tropical_Jungle/Prefabs/SM_Env_Ground_Cover_01.prefab
  artifactKey: Guid(c678dcba28d62ef4986c3aab66be783c) Importer(815301076,1909f56bfc062723c751e8b465ee728b)
Number of updated assets reloaded before import = 0
Start importing Assets/PolygonNatureBiomes/PNB_Tropical_Jungle/Prefabs/SM_Env_Ground_Cover_01.prefab using Guid(c678dcba28d62ef4986c3aab66be783c) Importer(815301076,1909f56bfc062723c751e8b465ee728b)  -> (artifact id: '64857cd7ddb9f51280dbd961c5c7a61c') in 0.012456 seconds 
Number of asset objects unloaded after import = 23
========================================================================
Received Import Request.
  Time since last request: 0.000008 seconds.
  path: Assets/PolygonNatureBiomes/PNB_Tropical_Jungle/Prefabs/SM_Env_Grass_Med_Clump_02.prefab
  artifactKey: Guid(2776eea652d10a443843f366acaef1b8) Importer(815301076,1909f56bfc062723c751e8b465ee728b)
Number of updated assets reloaded before import = 0
Start importing Assets/PolygonNatureBiomes/PNB_Tropical_Jungle/Prefabs/SM_Env_Grass_Med_Clump_02.prefab using Guid(2776eea652d10a443843f366acaef1b8) Importer(815301076,1909f56bfc062723c751e8b465ee728b)  -> (artifact id: '18c1665419f94a786d45371242736278') in 0.012495 seconds 
Number of asset objects unloaded after import = 23
========================================================================
Received Import Request.
  Time since last request: 0.000008 seconds.
  path: Assets/PolygonNatureBiomes/PNB_Tropical_Jungle/Prefabs/SM_Env_Ground_Cover_02.prefab
  artifactKey: Guid(d8d2be233e6d7a5498b2ae80147777ad) Importer(815301076,1909f56bfc062723c751e8b465ee728b)
Number of updated assets reloaded before import = 0
Start importing Assets/PolygonNatureBiomes/PNB_Tropical_Jungle/Prefabs/SM_Env_Ground_Cover_02.prefab using Guid(d8d2be233e6d7a5498b2ae80147777ad) Importer(815301076,1909f56bfc062723c751e8b465ee728b)  -> (artifact id: '7df30b906caaedeb131a537ee6eb0ebe') in 0.011406 seconds 
Number of asset objects unloaded after import = 28
========================================================================
Received Import Request.
  Time since last request: 0.000008 seconds.
  path: Assets/PolygonNatureBiomes/PNB_Tropical_Jungle/Models/SM_Env_Ground_Cover_02.fbx
  artifactKey: Guid(09e0df5f691d80844b893a4870ef1a07) Importer(815301076,1909f56bfc062723c751e8b465ee728b)
Number of updated assets reloaded before import = 0
Start importing Assets/PolygonNatureBiomes/PNB_Tropical_Jungle/Models/SM_Env_Ground_Cover_02.fbx using Guid(09e0df5f691d80844b893a4870ef1a07) Importer(815301076,1909f56bfc062723c751e8b465ee728b)  -> (artifact id: 'faa3cb9edd612b262ce42a92782b04c1') in 0.017167 seconds 
Number of asset objects unloaded after import = 20
========================================================================
Received Import Request.
  Time since last request: 0.000010 seconds.
  path: Assets/PolygonPirates/Models/SM_Env_Grass_02.fbx
  artifactKey: Guid(fb8f3df89edeff745b3a31657ef0c508) Importer(815301076,1909f56bfc062723c751e8b465ee728b)
Number of updated assets reloaded before import = 0
Start importing Assets/PolygonPirates/Models/SM_Env_Grass_02.fbx using Guid(fb8f3df89edeff745b3a31657ef0c508) Importer(815301076,1909f56bfc062723c751e8b465ee728b)  -> (artifact id: '95eb687ff16a14cb762383f936448836') in 0.007971 seconds 
Number of asset objects unloaded after import = 7
========================================================================
Received Import Request.
  Time since last request: 0.000009 seconds.
  path: Assets/PolygonPirates/Models/SM_Env_Background_Island_03.fbx
  artifactKey: Guid(1f184503d934e0b4d9001f9f2cb71fa6) Importer(815301076,1909f56bfc062723c751e8b465ee728b)
Number of updated assets reloaded before import = 0
Start importing Assets/PolygonPirates/Models/SM_Env_Background_Island_03.fbx using Guid(1f184503d934e0b4d9001f9f2cb71fa6) Importer(815301076,1909f56bfc062723c751e8b465ee728b)  -> (artifact id: 'c1ed7e538e810d497603d62a5b38ea39') in 0.006890 seconds 
Number of asset objects unloaded after import = 7
========================================================================
Received Import Request.
  Time since last request: 0.000007 seconds.
  path: Assets/PolygonPirates/Prefabs/Props/SM_Prop_Grave_04.prefab
  artifactKey: Guid(2428a1003c32a0b42aba6e97e339abbc) Importer(815301076,1909f56bfc062723c751e8b465ee728b)
Number of updated assets reloaded before import = 0
Start importing Assets/PolygonPirates/Prefabs/Props/SM_Prop_Grave_04.prefab using Guid(2428a1003c32a0b42aba6e97e339abbc) Importer(815301076,1909f56bfc062723c751e8b465ee728b)  -> (artifact id: 'e72c3fc5c43785d2fb819edca84e34ab') in 0.008424 seconds 
Number of asset objects unloaded after import = 12
========================================================================
Received Import Request.
  Time since last request: 0.000007 seconds.
  path: Assets/PolygonWestern/Models/SM_Env_Grass_01.fbx
  artifactKey: Guid(98f5ac8e5e72fe5409682c2cae104327) Importer(815301076,1909f56bfc062723c751e8b465ee728b)
Number of updated assets reloaded before import = 0
Start importing Assets/PolygonWestern/Models/SM_Env_Grass_01.fbx using Guid(98f5ac8e5e72fe5409682c2cae104327) Importer(815301076,1909f56bfc062723c751e8b465ee728b)  -> (artifact id: 'b006512fde73c69227a509782618b108') in 0.007369 seconds 
Number of asset objects unloaded after import = 7
========================================================================
Received Import Request.
  Time since last request: 0.000007 seconds.
  path: Assets/PolygonNatureBiomes/PNB_Tropical_Jungle/Prefabs/SM_Env_Growth_Plane_01.prefab
  artifactKey: Guid(246369b1e1968d9449e7d54faae84d6e) Importer(815301076,1909f56bfc062723c751e8b465ee728b)
Number of updated assets reloaded before import = 0
Start importing Assets/PolygonNatureBiomes/PNB_Tropical_Jungle/Prefabs/SM_Env_Growth_Plane_01.prefab using Guid(246369b1e1968d9449e7d54faae84d6e) Importer(815301076,1909f56bfc062723c751e8b465ee728b)  -> (artifact id: 'bb092b89e91621754369f6b2a3c086c3') in 0.013722 seconds 
Number of asset objects unloaded after import = 16
========================================================================
Received Import Request.
  Time since last request: 0.000008 seconds.
  path: Assets/PolygonPirates/Models/SM_Env_Mangrove_Tree_02.fbx
  artifactKey: Guid(ff2654df76532b042947cd7ac86be04f) Importer(815301076,1909f56bfc062723c751e8b465ee728b)
Number of updated assets reloaded before import = 0
Start importing Assets/PolygonPirates/Models/SM_Env_Mangrove_Tree_02.fbx using Guid(ff2654df76532b042947cd7ac86be04f) Importer(815301076,1909f56bfc062723c751e8b465ee728b)  -> (artifact id: '29dfc3fab3664f209e87c47cce0eabf0') in 0.008074 seconds 
Number of asset objects unloaded after import = 7
========================================================================
Received Import Request.
  Time since last request: 0.000007 seconds.
  path: Assets/PolygonNatureBiomes/PNB_Tropical_Jungle/Models/SM_Env_Grass_Short_Plane_01.fbx
  artifactKey: Guid(56cbae9b372c08c41a1c08e379da1944) Importer(815301076,1909f56bfc062723c751e8b465ee728b)
Number of updated assets reloaded before import = 0
Start importing Assets/PolygonNatureBiomes/PNB_Tropical_Jungle/Models/SM_Env_Grass_Short_Plane_01.fbx using Guid(56cbae9b372c08c41a1c08e379da1944) Importer(815301076,1909f56bfc062723c751e8b465ee728b)  -> (artifact id: '3b68f041ba7d49dd6aaca6e5962ce1bf') in 0.007997 seconds 
Number of asset objects unloaded after import = 7
========================================================================
Received Import Request.
  Time since last request: 0.000007 seconds.
  path: Assets/PolygonNatureBiomes/PNB_Tropical_Jungle/Models/SM_Env_Grass_Short_Clump_03.fbx
  artifactKey: Guid(bf9ad01d157c2b344be5a1057d5032a5) Importer(815301076,1909f56bfc062723c751e8b465ee728b)
Number of updated assets reloaded before import = 0
Start importing Assets/PolygonNatureBiomes/PNB_Tropical_Jungle/Models/SM_Env_Grass_Short_Clump_03.fbx using Guid(bf9ad01d157c2b344be5a1057d5032a5) Importer(815301076,1909f56bfc062723c751e8b465ee728b)  -> (artifact id: '6afcc7ed7527805992d1e7912c20fc5f') in 0.015435 seconds 
Number of asset objects unloaded after import = 20
========================================================================
Received Import Request.
  Time since last request: 0.000008 seconds.
  path: Assets/PolygonNatureBiomes/PNB_Tropical_Jungle/Models/SM_Env_Grass_Short_Clump_02.fbx
  artifactKey: Guid(55fccfb7c93baba44a0b9f1ff3a651e8) Importer(815301076,1909f56bfc062723c751e8b465ee728b)
Number of updated assets reloaded before import = 0
Start importing Assets/PolygonNatureBiomes/PNB_Tropical_Jungle/Models/SM_Env_Grass_Short_Clump_02.fbx using Guid(55fccfb7c93baba44a0b9f1ff3a651e8) Importer(815301076,1909f56bfc062723c751e8b465ee728b)  -> (artifact id: 'ccad67f89473878940a79fd688aede72') in 0.012818 seconds 
Number of asset objects unloaded after import = 15
========================================================================
Received Import Request.
  Time since last request: 0.000008 seconds.
  path: Assets/PolygonNatureBiomes/PNB_Core/Models/SM_Env_Grass_01.fbx
  artifactKey: Guid(ee26c0ade75d838479550e035b35ee19) Importer(815301076,1909f56bfc062723c751e8b465ee728b)
Number of updated assets reloaded before import = 0
Start importing Assets/PolygonNatureBiomes/PNB_Core/Models/SM_Env_Grass_01.fbx using Guid(ee26c0ade75d838479550e035b35ee19) Importer(815301076,1909f56bfc062723c751e8b465ee728b)  -> (artifact id: '9e6e5e826369581f4fc42551bbb9e762') in 0.015880 seconds 
Number of asset objects unloaded after import = 20
========================================================================
Received Import Request.
  Time since last request: 0.000007 seconds.
  path: Assets/PolygonNatureBiomes/PNB_Tropical_Jungle/Prefabs/SM_Env_Grass_Short_Clump_01.prefab
  artifactKey: Guid(f630b8efbb8dd0e448ddfb23531467e9) Importer(815301076,1909f56bfc062723c751e8b465ee728b)
Number of updated assets reloaded before import = 0
Start importing Assets/PolygonNatureBiomes/PNB_Tropical_Jungle/Prefabs/SM_Env_Grass_Short_Clump_01.prefab using Guid(f630b8efbb8dd0e448ddfb23531467e9) Importer(815301076,1909f56bfc062723c751e8b465ee728b)  -> (artifact id: 'f2303bea621bc4cf53a108ba23d53b7a') in 0.012444 seconds 
Number of asset objects unloaded after import = 23
========================================================================
Received Import Request.
  Time since last request: 0.000008 seconds.
  path: Assets/PolygonPirates/Prefabs/Props/SM_Prop_FishingRod_01.prefab
  artifactKey: Guid(c9fc547a7fe164146a5e9db2eacde169) Importer(815301076,1909f56bfc062723c751e8b465ee728b)
Number of updated assets reloaded before import = 0
Start importing Assets/PolygonPirates/Prefabs/Props/SM_Prop_FishingRod_01.prefab using Guid(c9fc547a7fe164146a5e9db2eacde169) Importer(815301076,1909f56bfc062723c751e8b465ee728b)  -> (artifact id: 'ef8b254e4de210bd212583a7b7eaa9e9') in 0.009985 seconds 
Number of asset objects unloaded after import = 12
========================================================================
Received Import Request.
  Time since last request: 0.000010 seconds.
  path: Assets/PolygonPirates/Models/SM_Env_GroundLeaves_02.fbx
  artifactKey: Guid(018579b36c77c0f4f900dab535decca9) Importer(815301076,1909f56bfc062723c751e8b465ee728b)
Number of updated assets reloaded before import = 0
Start importing Assets/PolygonPirates/Models/SM_Env_GroundLeaves_02.fbx using Guid(018579b36c77c0f4f900dab535decca9) Importer(815301076,1909f56bfc062723c751e8b465ee728b)  -> (artifact id: 'd36b31ae49e24eae8b5fb76054426346') in 0.008133 seconds 
Number of asset objects unloaded after import = 7
========================================================================
Received Import Request.
  Time since last request: 0.000015 seconds.
  path: Assets/PolygonNatureBiomes/PNB_Tropical_Jungle/Prefabs/SM_Env_Grass_Short_Plane_01.prefab
  artifactKey: Guid(c226c998ad6f3e24d9bbd6046ca1c4e8) Importer(815301076,1909f56bfc062723c751e8b465ee728b)
Number of updated assets reloaded before import = 0
Start importing Assets/PolygonNatureBiomes/PNB_Tropical_Jungle/Prefabs/SM_Env_Grass_Short_Plane_01.prefab using Guid(c226c998ad6f3e24d9bbd6046ca1c4e8) Importer(815301076,1909f56bfc062723c751e8b465ee728b)  -> (artifact id: 'cc408f052da3bcdecc9da758cb982576') in 0.012404 seconds 
Number of asset objects unloaded after import = 21
========================================================================
Received Import Request.
  Time since last request: 0.000012 seconds.
  path: Assets/PolygonWestern/Prefabs/Environments/SM_Env_BackgroundCard_02.prefab
  artifactKey: Guid(4d8fbd0c4418ddb4390b7f567d861560) Importer(815301076,1909f56bfc062723c751e8b465ee728b)
Number of updated assets reloaded before import = 0
Start importing Assets/PolygonWestern/Prefabs/Environments/SM_Env_BackgroundCard_02.prefab using Guid(4d8fbd0c4418ddb4390b7f567d861560) Importer(815301076,1909f56bfc062723c751e8b465ee728b)  -> (artifact id: '982f6633886ef16d5017682ec6aa7881') in 0.008027 seconds 
Number of asset objects unloaded after import = 8
========================================================================
Received Import Request.
  Time since last request: 0.000008 seconds.
  path: Assets/PolygonNatureBiomes/PNB_Tropical_Jungle/Models/SM_Env_Grass_Tall_Clump_03.fbx
  artifactKey: Guid(a84ba57def4d8934baea1bc54bf849c5) Importer(815301076,1909f56bfc062723c751e8b465ee728b)
Number of updated assets reloaded before import = 0
Start importing Assets/PolygonNatureBiomes/PNB_Tropical_Jungle/Models/SM_Env_Grass_Tall_Clump_03.fbx using Guid(a84ba57def4d8934baea1bc54bf849c5) Importer(815301076,1909f56bfc062723c751e8b465ee728b)  -> (artifact id: '01f3765cb32b1bdebeae98d5971b370c') in 0.017462 seconds 
Number of asset objects unloaded after import = 20
========================================================================
Received Import Request.
  Time since last request: 0.000011 seconds.
  path: Assets/PolygonNatureBiomes/PNB_Tropical_Jungle/Prefabs/SM_Env_Grass_Short_Clump_02.prefab
  artifactKey: Guid(6390209abbab74a4e90e15a5081f195b) Importer(815301076,1909f56bfc062723c751e8b465ee728b)
Number of updated assets reloaded before import = 0
Start importing Assets/PolygonNatureBiomes/PNB_Tropical_Jungle/Prefabs/SM_Env_Grass_Short_Clump_02.prefab using Guid(6390209abbab74a4e90e15a5081f195b) Importer(815301076,1909f56bfc062723c751e8b465ee728b)  -> (artifact id: '760015715d6d4ec0102af3166c39b730') in 0.011997 seconds 
Number of asset objects unloaded after import = 23
========================================================================
Received Import Request.
  Time since last request: 0.000008 seconds.
  path: Assets/PolygonPirates/Models/SM_Prop_Grave_03.fbx
  artifactKey: Guid(4a333fc3a3ff1114fbc1bdff1d49bca0) Importer(815301076,1909f56bfc062723c751e8b465ee728b)
Number of updated assets reloaded before import = 0
Start importing Assets/PolygonPirates/Models/SM_Prop_Grave_03.fbx using Guid(4a333fc3a3ff1114fbc1bdff1d49bca0) Importer(815301076,1909f56bfc062723c751e8b465ee728b)  -> (artifact id: '17ecabc8666e7916c1b9fe7b29a1de51') in 0.007220 seconds 
Number of asset objects unloaded after import = 7
========================================================================
Received Import Request.
  Time since last request: 0.000010 seconds.
  path: Assets/PolygonPirates/Models/SM_Prop_Grave_01.fbx
  artifactKey: Guid(a255f096302b74c4e93821085fc26ee9) Importer(815301076,1909f56bfc062723c751e8b465ee728b)
Number of updated assets reloaded before import = 0
Start importing Assets/PolygonPirates/Models/SM_Prop_Grave_01.fbx using Guid(a255f096302b74c4e93821085fc26ee9) Importer(815301076,1909f56bfc062723c751e8b465ee728b)  -> (artifact id: '81ec303e29b8d38b1ac59a4f1a5870ad') in 0.008198 seconds 
Number of asset objects unloaded after import = 7
========================================================================
Received Import Request.
  Time since last request: 0.000008 seconds.
  path: Assets/PolygonPirates/Models/SM_Env_Background_Island_05.fbx
  artifactKey: Guid(caedc9d621ddfa142ad3ec709ca2123e) Importer(815301076,1909f56bfc062723c751e8b465ee728b)
Number of updated assets reloaded before import = 0
Start importing Assets/PolygonPirates/Models/SM_Env_Background_Island_05.fbx using Guid(caedc9d621ddfa142ad3ec709ca2123e) Importer(815301076,1909f56bfc062723c751e8b465ee728b)  -> (artifact id: '0b670dac2fa30a9bf57f58fc94607f7f') in 0.007428 seconds 
Number of asset objects unloaded after import = 7
========================================================================
Received Import Request.
  Time since last request: 0.000009 seconds.
  path: Assets/PolygonPirates/Prefabs/Environments/SM_Env_Mangrove_Tree_02.prefab
  artifactKey: Guid(16b19d5b7b2ae024bab41e01ee8a37c5) Importer(815301076,1909f56bfc062723c751e8b465ee728b)
Number of updated assets reloaded before import = 0
Start importing Assets/PolygonPirates/Prefabs/Environments/SM_Env_Mangrove_Tree_02.prefab using Guid(16b19d5b7b2ae024bab41e01ee8a37c5) Importer(815301076,1909f56bfc062723c751e8b465ee728b)  -> (artifact id: '9e34f03761dc529c673ac646629a2149') in 0.009778 seconds 
Number of asset objects unloaded after import = 16
========================================================================
Received Import Request.
  Time since last request: 0.000008 seconds.
  path: Assets/PolygonNatureBiomes/PNB_Tropical_Jungle/Prefabs/SM_Env_Grass_Med_Clump_03.prefab
  artifactKey: Guid(b255c701e20163843b15c06e37c43746) Importer(815301076,1909f56bfc062723c751e8b465ee728b)
Number of updated assets reloaded before import = 0
Start importing Assets/PolygonNatureBiomes/PNB_Tropical_Jungle/Prefabs/SM_Env_Grass_Med_Clump_03.prefab using Guid(b255c701e20163843b15c06e37c43746) Importer(815301076,1909f56bfc062723c751e8b465ee728b)  -> (artifact id: '5afc1b1aa85007f2d674223893800fd2') in 0.012371 seconds 
Number of asset objects unloaded after import = 28
========================================================================
Received Import Request.
  Time since last request: 0.000010 seconds.
  path: Assets/PolygonNatureBiomes/PNB_Tropical_Jungle/Models/SM_Env_Grass_Tall_Clump_02.fbx
  artifactKey: Guid(193884ea57664b448bac1103b10fbeeb) Importer(815301076,1909f56bfc062723c751e8b465ee728b)
Number of updated assets reloaded before import = 0
Start importing Assets/PolygonNatureBiomes/PNB_Tropical_Jungle/Models/SM_Env_Grass_Tall_Clump_02.fbx using Guid(193884ea57664b448bac1103b10fbeeb) Importer(815301076,1909f56bfc062723c751e8b465ee728b)  -> (artifact id: '87d9f8212474136ce5fcfac7789a1288') in 0.013919 seconds 
Number of asset objects unloaded after import = 15
========================================================================
Received Import Request.
  Time since last request: 0.000011 seconds.
  path: Assets/PolygonNatureBiomes/PNB_Tropical_Jungle/Models/SM_Env_Rock_Ground_02.fbx
  artifactKey: Guid(4d570fb3ff838fc418124f6b93160fd6) Importer(815301076,1909f56bfc062723c751e8b465ee728b)
Number of updated assets reloaded before import = 0
Start importing Assets/PolygonNatureBiomes/PNB_Tropical_Jungle/Models/SM_Env_Rock_Ground_02.fbx using Guid(4d570fb3ff838fc418124f6b93160fd6) Importer(815301076,1909f56bfc062723c751e8b465ee728b)  -> (artifact id: '8128dc280def87b95b209dc6a3bb4590') in 0.007745 seconds 
Number of asset objects unloaded after import = 7
========================================================================
Received Import Request.
  Time since last request: 0.000008 seconds.
  path: Assets/PolygonNatureBiomes/PNB_Core/Prefabs/SM_Env_Grass_01.prefab
  artifactKey: Guid(5aa87785e1c41ae4ab86448549bc5503) Importer(815301076,1909f56bfc062723c751e8b465ee728b)
Number of updated assets reloaded before import = 0
Start importing Assets/PolygonNatureBiomes/PNB_Core/Prefabs/SM_Env_Grass_01.prefab using Guid(5aa87785e1c41ae4ab86448549bc5503) Importer(815301076,1909f56bfc062723c751e8b465ee728b)  -> (artifact id: '797c529c1ef32a6701afbbccbf3ce2e1') in 0.014288 seconds 
Number of asset objects unloaded after import = 29
========================================================================
Received Import Request.
  Time since last request: 0.000010 seconds.
  path: Assets/PolygonNatureBiomes/PNB_Tropical_Jungle/Models/SM_Env_Grass_Med_Clump_01.fbx
  artifactKey: Guid(44848de2ade97854bb1d834e40feaedd) Importer(815301076,1909f56bfc062723c751e8b465ee728b)
Number of updated assets reloaded before import = 0
Start importing Assets/PolygonNatureBiomes/PNB_Tropical_Jungle/Models/SM_Env_Grass_Med_Clump_01.fbx using Guid(44848de2ade97854bb1d834e40feaedd) Importer(815301076,1909f56bfc062723c751e8b465ee728b)  -> (artifact id: 'e584c883bf662859480d49e4dedd0e58') in 0.013753 seconds 
Number of asset objects unloaded after import = 15
========================================================================
Received Import Request.
  Time since last request: 0.000009 seconds.
  path: Assets/PolygonPirates/Prefabs/Environments/SM_Env_GrassPatch_01.prefab
  artifactKey: Guid(573aff33fc7399f4495992dfcd86f602) Importer(815301076,1909f56bfc062723c751e8b465ee728b)
Number of updated assets reloaded before import = 0
Start importing Assets/PolygonPirates/Prefabs/Environments/SM_Env_GrassPatch_01.prefab using Guid(573aff33fc7399f4495992dfcd86f602) Importer(815301076,1909f56bfc062723c751e8b465ee728b)  -> (artifact id: '5275e264176781954a4d3d3676e940d4') in 0.008062 seconds 
Number of asset objects unloaded after import = 12
========================================================================
Received Import Request.
  Time since last request: 0.000008 seconds.
  path: Assets/PolygonPirates/Prefabs/Environments/SM_Env_Grass_01.prefab
  artifactKey: Guid(4e8a28d96f745674ea61218c6b1c2b0f) Importer(815301076,1909f56bfc062723c751e8b465ee728b)
Number of updated assets reloaded before import = 0
Start importing Assets/PolygonPirates/Prefabs/Environments/SM_Env_Grass_01.prefab using Guid(4e8a28d96f745674ea61218c6b1c2b0f) Importer(815301076,1909f56bfc062723c751e8b465ee728b)  -> (artifact id: 'eb30e307bb03f6f4951627bbba5e1f4e') in 0.007812 seconds 
Number of asset objects unloaded after import = 10
========================================================================
Received Import Request.
  Time since last request: 0.000008 seconds.
  path: Assets/PolygonNatureBiomes/PNB_Tropical_Jungle/Models/SM_Env_Grass_Short_Clump_01.fbx
  artifactKey: Guid(fc01c2f6347d741459267459d9e08c99) Importer(815301076,1909f56bfc062723c751e8b465ee728b)
Number of updated assets reloaded before import = 0
Start importing Assets/PolygonNatureBiomes/PNB_Tropical_Jungle/Models/SM_Env_Grass_Short_Clump_01.fbx using Guid(fc01c2f6347d741459267459d9e08c99) Importer(815301076,1909f56bfc062723c751e8b465ee728b)  -> (artifact id: '47fdc19aede197fdfaf3654eb908ab8f') in 0.011764 seconds 
Number of asset objects unloaded after import = 15
========================================================================
Received Import Request.
  Time since last request: 0.000009 seconds.
  path: Assets/PolygonNatureBiomes/PNB_Tropical_Jungle/Models/SM_Env_Grass_Tall_Plane_01.fbx
  artifactKey: Guid(2503b712ddf01ff4081b54e0609580c0) Importer(815301076,1909f56bfc062723c751e8b465ee728b)
Number of updated assets reloaded before import = 0
Start importing Assets/PolygonNatureBiomes/PNB_Tropical_Jungle/Models/SM_Env_Grass_Tall_Plane_01.fbx using Guid(2503b712ddf01ff4081b54e0609580c0) Importer(815301076,1909f56bfc062723c751e8b465ee728b)  -> (artifact id: '4eaea5e26bc1eef01c9a9b780e6b69a5') in 0.008295 seconds 
Number of asset objects unloaded after import = 7
========================================================================
Received Import Request.
  Time since last request: 0.000013 seconds.
  path: Assets/PolygonNatureBiomes/PNB_Tropical_Jungle/Prefabs/SM_Env_Grass_Tall_Plane_01.prefab
  artifactKey: Guid(d5ea0befb9521514a82f2ca44ad9c8c2) Importer(815301076,1909f56bfc062723c751e8b465ee728b)
Number of updated assets reloaded before import = 0
Start importing Assets/PolygonNatureBiomes/PNB_Tropical_Jungle/Prefabs/SM_Env_Grass_Tall_Plane_01.prefab using Guid(d5ea0befb9521514a82f2ca44ad9c8c2) Importer(815301076,1909f56bfc062723c751e8b465ee728b)  -> (artifact id: '5f5cd0778781b55391097e4d8ed9590b') in 0.010930 seconds 
Number of asset objects unloaded after import = 20
========================================================================
Received Import Request.
  Time since last request: 0.000008 seconds.
  path: Assets/PolygonPirates/Models/SM_Env_GrassPatch_03.fbx
  artifactKey: Guid(dbd2b4203cd37e242b58bdbbfab585b7) Importer(815301076,1909f56bfc062723c751e8b465ee728b)
Number of updated assets reloaded before import = 0
Start importing Assets/PolygonPirates/Models/SM_Env_GrassPatch_03.fbx using Guid(dbd2b4203cd37e242b58bdbbfab585b7) Importer(815301076,1909f56bfc062723c751e8b465ee728b)  -> (artifact id: 'e37feb7fb8d6e7e3933364331a71c4ea') in 0.007022 seconds 
Number of asset objects unloaded after import = 7
========================================================================
Received Import Request.
  Time since last request: 0.000007 seconds.
  path: Assets/PolygonPirates/Prefabs/Environments/SM_Env_GrassPatch_02.prefab
  artifactKey: Guid(3d3746ee08967fa4fa80989f56318af1) Importer(815301076,1909f56bfc062723c751e8b465ee728b)
Number of updated assets reloaded before import = 0
Start importing Assets/PolygonPirates/Prefabs/Environments/SM_Env_GrassPatch_02.prefab using Guid(3d3746ee08967fa4fa80989f56318af1) Importer(815301076,1909f56bfc062723c751e8b465ee728b)  -> (artifact id: '417ed331a6be97cae7e415768e6bd76d') in 0.007782 seconds 
Number of asset objects unloaded after import = 12
========================================================================
Received Import Request.
  Time since last request: 0.000008 seconds.
  path: Assets/PolygonNatureBiomes/PNB_Tropical_Jungle/Prefabs/SM_Env_Grass_Med_Plane_01.prefab
  artifactKey: Guid(bf5e77f311107af4b9419316d6e2c083) Importer(815301076,1909f56bfc062723c751e8b465ee728b)
Number of updated assets reloaded before import = 0
Start importing Assets/PolygonNatureBiomes/PNB_Tropical_Jungle/Prefabs/SM_Env_Grass_Med_Plane_01.prefab using Guid(bf5e77f311107af4b9419316d6e2c083) Importer(815301076,1909f56bfc062723c751e8b465ee728b)  -> (artifact id: '45c8efff3d25a631fb65e84ec83fd76a') in 0.011271 seconds 
Number of asset objects unloaded after import = 21
========================================================================
Received Import Request.
  Time since last request: 0.000011 seconds.
  path: Assets/PolygonNatureBiomes/PNB_Tropical_Jungle/Prefabs/SM_Env_Ground_Cover_03.prefab
  artifactKey: Guid(3691b837c44b37a4ab637987551c4790) Importer(815301076,1909f56bfc062723c751e8b465ee728b)
Number of updated assets reloaded before import = 0
Start importing Assets/PolygonNatureBiomes/PNB_Tropical_Jungle/Prefabs/SM_Env_Ground_Cover_03.prefab using Guid(3691b837c44b37a4ab637987551c4790) Importer(815301076,1909f56bfc062723c751e8b465ee728b)  -> (artifact id: 'af2f55e66f15a0d59d07f98442a6476e') in 0.010268 seconds 
Number of asset objects unloaded after import = 28
========================================================================
Received Import Request.
  Time since last request: 0.956104 seconds.
  path: Assets/PolygonWestern/Models/SM_Bld_Single_Deck_04.fbx
  artifactKey: Guid(80ca21a786c8b37489c5ebf658ac2956) Importer(815301076,1909f56bfc062723c751e8b465ee728b)
Number of updated assets reloaded before import = 0
Start importing Assets/PolygonWestern/Models/SM_Bld_Single_Deck_04.fbx using Guid(80ca21a786c8b37489c5ebf658ac2956) Importer(815301076,1909f56bfc062723c751e8b465ee728b)  -> (artifact id: 'fda74fdc0a9c354d62a404e2b6962453') in 0.011911 seconds 
Number of asset objects unloaded after import = 7
========================================================================
Received Import Request.
  Time since last request: 0.000009 seconds.
  path: Assets/PolygonWestern/Models/SM_Bld_Single_Front_04.fbx
  artifactKey: Guid(e0a539f77f3efca4fb6dccbac286a1c3) Importer(815301076,1909f56bfc062723c751e8b465ee728b)
Number of updated assets reloaded before import = 0
Start importing Assets/PolygonWestern/Models/SM_Bld_Single_Front_04.fbx using Guid(e0a539f77f3efca4fb6dccbac286a1c3) Importer(815301076,1909f56bfc062723c751e8b465ee728b)  -> (artifact id: 'a7a5b6477103372f8c657260d346a6a4') in 0.011244 seconds 
Number of asset objects unloaded after import = 12
========================================================================
Received Import Request.
  Time since last request: 0.000014 seconds.
  path: Assets/PolygonWestern/Models/Colliders/SM_Bld_Single_Front_02_Collision.fbx
  artifactKey: Guid(189cc7b4cd0c67d4c8e4b72c65e7af8a) Importer(815301076,1909f56bfc062723c751e8b465ee728b)
Number of updated assets reloaded before import = 0
Start importing Assets/PolygonWestern/Models/Colliders/SM_Bld_Single_Front_02_Collision.fbx using Guid(189cc7b4cd0c67d4c8e4b72c65e7af8a) Importer(815301076,1909f56bfc062723c751e8b465ee728b)  -> (artifact id: '3a25cca4363ee55e2b78306ee60ea8cb') in 0.008745 seconds 
Number of asset objects unloaded after import = 7
========================================================================
Received Import Request.
  Time since last request: 0.000008 seconds.
  path: Assets/PolygonWestern/Models/Colliders/SM_Bld_Single_Front_01_Collision.fbx
  artifactKey: Guid(bdd2226e8d816aa40bad9b81ad2f47e1) Importer(815301076,1909f56bfc062723c751e8b465ee728b)
Number of updated assets reloaded before import = 0
Start importing Assets/PolygonWestern/Models/Colliders/SM_Bld_Single_Front_01_Collision.fbx using Guid(bdd2226e8d816aa40bad9b81ad2f47e1) Importer(815301076,1909f56bfc062723c751e8b465ee728b)  -> (artifact id: '72dc9a9f532113b9a66e7d250e9537ff') in 0.007592 seconds 
Number of asset objects unloaded after import = 7
========================================================================
Received Import Request.
  Time since last request: 0.000009 seconds.
  path: Assets/PolygonWestern/Models/SM_Bld_Single_Roof_01.fbx
  artifactKey: Guid(0f0632be3fd976c4aa1753167c18983c) Importer(815301076,1909f56bfc062723c751e8b465ee728b)
Number of updated assets reloaded before import = 0
Start importing Assets/PolygonWestern/Models/SM_Bld_Single_Roof_01.fbx using Guid(0f0632be3fd976c4aa1753167c18983c) Importer(815301076,1909f56bfc062723c751e8b465ee728b)  -> (artifact id: '7bad4e79a07bc00346e7bd720feb3f36') in 0.007250 seconds 
Number of asset objects unloaded after import = 7
========================================================================
Received Import Request.
  Time since last request: 0.000006 seconds.
  path: Assets/PolygonWestern/Models/SM_Bld_Single_Facade_03.fbx
  artifactKey: Guid(e07a5021f97ce3943bee8642075e2e53) Importer(815301076,1909f56bfc062723c751e8b465ee728b)
Number of updated assets reloaded before import = 0
Start importing Assets/PolygonWestern/Models/SM_Bld_Single_Facade_03.fbx using Guid(e07a5021f97ce3943bee8642075e2e53) Importer(815301076,1909f56bfc062723c751e8b465ee728b)  -> (artifact id: '06a88128b2996cfd275d6bed6f058c73') in 0.007554 seconds 
Number of asset objects unloaded after import = 7
========================================================================
Received Import Request.
  Time since last request: 0.000008 seconds.
  path: Assets/PolygonWestern/Models/SM_Bld_Single_Front_02.fbx
  artifactKey: Guid(30d7ce72ebe404c43be72759b81f411e) Importer(815301076,1909f56bfc062723c751e8b465ee728b)
Number of updated assets reloaded before import = 0
Start importing Assets/PolygonWestern/Models/SM_Bld_Single_Front_02.fbx using Guid(30d7ce72ebe404c43be72759b81f411e) Importer(815301076,1909f56bfc062723c751e8b465ee728b)  -> (artifact id: 'd71453a918d6ad82923b5b226cd83990') in 0.019182 seconds 
Number of asset objects unloaded after import = 22
========================================================================
Received Import Request.
  Time since last request: 0.000008 seconds.
  path: Assets/PolygonWestern/Prefabs/Buildings/SM_Bld_Single_Preset_02.prefab
  artifactKey: Guid(13785c27c2ab78d45bc9ac99a12ea6af) Importer(815301076,1909f56bfc062723c751e8b465ee728b)
Number of updated assets reloaded before import = 0
Start importing Assets/PolygonWestern/Prefabs/Buildings/SM_Bld_Single_Preset_02.prefab using Guid(13785c27c2ab78d45bc9ac99a12ea6af) Importer(815301076,1909f56bfc062723c751e8b465ee728b)  -> (artifact id: 'f31ae1998327a3e2676de9e9fdf1a591') in 0.021922 seconds 
Number of asset objects unloaded after import = 73
========================================================================
Received Import Request.
  Time since last request: 0.000011 seconds.
  path: Assets/PolygonWestern/Models/Colliders/SM_Bld_Single_Roof_02_Collision.fbx
  artifactKey: Guid(c0ab0b4796c7922498af25b61c1289ab) Importer(815301076,1909f56bfc062723c751e8b465ee728b)
Number of updated assets reloaded before import = 0
Start importing Assets/PolygonWestern/Models/Colliders/SM_Bld_Single_Roof_02_Collision.fbx using Guid(c0ab0b4796c7922498af25b61c1289ab) Importer(815301076,1909f56bfc062723c751e8b465ee728b)  -> (artifact id: 'a310dcaee608ab6eeece93ef82337ad4') in 0.007690 seconds 
Number of asset objects unloaded after import = 7
========================================================================
Received Import Request.
  Time since last request: 0.000008 seconds.
  path: Assets/PolygonWestern/Models/Colliders/SM_Bld_Single_DeckCover_01_Collision.fbx
  artifactKey: Guid(5a631db0cc681c746883034be8960804) Importer(815301076,1909f56bfc062723c751e8b465ee728b)
Number of updated assets reloaded before import = 0
Start importing Assets/PolygonWestern/Models/Colliders/SM_Bld_Single_DeckCover_01_Collision.fbx using Guid(5a631db0cc681c746883034be8960804) Importer(815301076,1909f56bfc062723c751e8b465ee728b)  -> (artifact id: '70abfaa799c1f4c8cd2ad7063f5d3ce3') in 0.008235 seconds 
Number of asset objects unloaded after import = 7
========================================================================
Received Import Request.
  Time since last request: 0.000007 seconds.
  path: Assets/PolygonWestern/Models/SM_Bld_Single_Front_03.fbx
  artifactKey: Guid(0dae0f4b1539b8049ba25d590991c557) Importer(815301076,1909f56bfc062723c751e8b465ee728b)
Number of updated assets reloaded before import = 0
Start importing Assets/PolygonWestern/Models/SM_Bld_Single_Front_03.fbx using Guid(0dae0f4b1539b8049ba25d590991c557) Importer(815301076,1909f56bfc062723c751e8b465ee728b)  -> (artifact id: 'ab185ae24e77295e9262858628ca50cb') in 0.016156 seconds 
Number of asset objects unloaded after import = 22
========================================================================
Received Import Request.
  Time since last request: 0.000007 seconds.
  path: Assets/PolygonWestern/Models/SM_Bld_Single_Facade_05.fbx
  artifactKey: Guid(898fd342db4ba994ebbf6e4518fb32cd) Importer(815301076,1909f56bfc062723c751e8b465ee728b)
Number of updated assets reloaded before import = 0
Start importing Assets/PolygonWestern/Models/SM_Bld_Single_Facade_05.fbx using Guid(898fd342db4ba994ebbf6e4518fb32cd) Importer(815301076,1909f56bfc062723c751e8b465ee728b)  -> (artifact id: 'f14576e74e6f36cce09d36efee118824') in 0.007764 seconds 
Number of asset objects unloaded after import = 7
========================================================================
Received Import Request.
  Time since last request: 0.000009 seconds.
  path: Assets/PolygonWestern/Models/SM_Bld_Single_Facade_01.fbx
  artifactKey: Guid(5378c733a0321e441b456c5d7de4c5c5) Importer(815301076,1909f56bfc062723c751e8b465ee728b)
Number of updated assets reloaded before import = 0
Start importing Assets/PolygonWestern/Models/SM_Bld_Single_Facade_01.fbx using Guid(5378c733a0321e441b456c5d7de4c5c5) Importer(815301076,1909f56bfc062723c751e8b465ee728b)  -> (artifact id: '530b258dfca077c486267da6978f477f') in 0.008663 seconds 
Number of asset objects unloaded after import = 7
========================================================================
Received Import Request.
  Time since last request: 1.357605 seconds.
  path: Assets/Minigames/Shooting range/prefabs/Bottle.prefab
  artifactKey: Guid(6e6a0268618f6c24088094cc8affcb9c) Importer(815301076,1909f56bfc062723c751e8b465ee728b)
Number of updated assets reloaded before import = 0
Start importing Assets/Minigames/Shooting range/prefabs/Bottle.prefab using Guid(6e6a0268618f6c24088094cc8affcb9c) Importer(815301076,1909f56bfc062723c751e8b465ee728b)  -> (artifact id: 'e83081169531b26a70bbb35d4ffbf694') in 0.010663 seconds 
Number of asset objects unloaded after import = 28
========================================================================
Received Import Request.
  Time since last request: 33.559769 seconds.
  path: Assets/Minigames/Shooting range/prefabs/UpperBottle.prefab
  artifactKey: Guid(65852b6f7133eda4881e15622626aa78) Importer(815301076,1909f56bfc062723c751e8b465ee728b)
Number of updated assets reloaded before import = 0
Start importing Assets/Minigames/Shooting range/prefabs/UpperBottle.prefab using Guid(65852b6f7133eda4881e15622626aa78) Importer(815301076,1909f56bfc062723c751e8b465ee728b)  -> (artifact id: '6349d0508012dd6561adc219044bde9b') in 0.003381 seconds 
Number of asset objects unloaded after import = 4
========================================================================
Received Import Request.
  Time since last request: 4.781557 seconds.
  path: Assets/PolygonWestern/Models/SM_Prop_Barrel_Broken_01.fbx
  artifactKey: Guid(4e2ff6490b171cc4999e7abe426b9b98) Importer(815301076,1909f56bfc062723c751e8b465ee728b)
Number of updated assets reloaded before import = 0
Start importing Assets/PolygonWestern/Models/SM_Prop_Barrel_Broken_01.fbx using Guid(4e2ff6490b171cc4999e7abe426b9b98) Importer(815301076,1909f56bfc062723c751e8b465ee728b)  -> (artifact id: '62cebb4ad94dd358ac6f0a5b5537494e') in 0.010999 seconds 
Number of asset objects unloaded after import = 7
========================================================================
Received Import Request.
  Time since last request: 0.000009 seconds.
  path: Assets/PolygonNatureBiomes/PNB_Tropical_Jungle/Models/SM_Prop_Barrel_Broken_02.fbx
  artifactKey: Guid(b9529e06d817c6042926e1dd2c240ad6) Importer(815301076,1909f56bfc062723c751e8b465ee728b)
Number of updated assets reloaded before import = 0
Start importing Assets/PolygonNatureBiomes/PNB_Tropical_Jungle/Models/SM_Prop_Barrel_Broken_02.fbx using Guid(b9529e06d817c6042926e1dd2c240ad6) Importer(815301076,1909f56bfc062723c751e8b465ee728b)  -> (artifact id: '671eb2232f3c2dc2e2655eabc75eb335') in 0.008308 seconds 
Number of asset objects unloaded after import = 7
========================================================================
Received Import Request.
  Time since last request: 0.000013 seconds.
  path: Assets/PolygonPirates/Models/SM_Wep_Broken_01.fbx
  artifactKey: Guid(b4fb04e61edc49040a4c12704e730018) Importer(815301076,1909f56bfc062723c751e8b465ee728b)
Number of updated assets reloaded before import = 0
Start importing Assets/PolygonPirates/Models/SM_Wep_Broken_01.fbx using Guid(b4fb04e61edc49040a4c12704e730018) Importer(815301076,1909f56bfc062723c751e8b465ee728b)  -> (artifact id: '7cf2bf978d11247328144c0e532a24c8') in 0.009405 seconds 
Number of asset objects unloaded after import = 7
========================================================================
Received Import Request.
  Time since last request: 0.000013 seconds.
  path: Assets/PolygonWestern/Models/SM_Prop_Barrel_Broken_02.fbx
  artifactKey: Guid(86d23b3a54b86d24da4e5ae1cca7e27b) Importer(815301076,1909f56bfc062723c751e8b465ee728b)
Number of updated assets reloaded before import = 0
Start importing Assets/PolygonWestern/Models/SM_Prop_Barrel_Broken_02.fbx using Guid(86d23b3a54b86d24da4e5ae1cca7e27b) Importer(815301076,1909f56bfc062723c751e8b465ee728b)  -> (artifact id: '6de4c251f9e7b138c1dbd27225ec2634') in 0.009640 seconds 
Number of asset objects unloaded after import = 7
========================================================================
Received Import Request.
  Time since last request: 0.000008 seconds.
  path: Assets/PolygonWestern/Models/CollisionConvex/SM_Prop_Barrel_Broken_02_Convex.asset
  artifactKey: Guid(e2f4bb9a79bfbb048b9bdf247838f7b6) Importer(815301076,1909f56bfc062723c751e8b465ee728b)
Number of updated assets reloaded before import = 0
Start importing Assets/PolygonWestern/Models/CollisionConvex/SM_Prop_Barrel_Broken_02_Convex.asset using Guid(e2f4bb9a79bfbb048b9bdf247838f7b6) Importer(815301076,1909f56bfc062723c751e8b465ee728b)  -> (artifact id: 'b7496941aaaba283e1dce132aa3282bc') in 0.006251 seconds 
Number of asset objects unloaded after import = 1
========================================================================
Received Import Request.
  Time since last request: 0.000007 seconds.
  path: Assets/PolygonWestern/Models/SM_Prop_Barrel_Broken_03.fbx
  artifactKey: Guid(1d9b3b36c7ab99f45b0ec6e75a68bf61) Importer(815301076,1909f56bfc062723c751e8b465ee728b)
Number of updated assets reloaded before import = 0
Start importing Assets/PolygonWestern/Models/SM_Prop_Barrel_Broken_03.fbx using Guid(1d9b3b36c7ab99f45b0ec6e75a68bf61) Importer(815301076,1909f56bfc062723c751e8b465ee728b)  -> (artifact id: '867ea8c28c7df4939a19f2f2a84a345b') in 0.007702 seconds 
Number of asset objects unloaded after import = 7
========================================================================
Received Import Request.
  Time since last request: 0.000007 seconds.
  path: Assets/PolygonWestern/Models/CollisionConvex/SM_Prop_Barrel_Broken_03_Convex.asset
  artifactKey: Guid(a7becf496a500c34485cc153397cfb2b) Importer(815301076,1909f56bfc062723c751e8b465ee728b)
Number of updated assets reloaded before import = 0
Start importing Assets/PolygonWestern/Models/CollisionConvex/SM_Prop_Barrel_Broken_03_Convex.asset using Guid(a7becf496a500c34485cc153397cfb2b) Importer(815301076,1909f56bfc062723c751e8b465ee728b)  -> (artifact id: '88999b1eed6912219bbf2b035e1259f8') in 0.006930 seconds 
Number of asset objects unloaded after import = 1
========================================================================
Received Import Request.
  Time since last request: 11.302651 seconds.
  path: Assets/Minigames/Shooting range/prefabs/UpperBottle.prefab
  artifactKey: Guid(65852b6f7133eda4881e15622626aa78) Importer(815301076,1909f56bfc062723c751e8b465ee728b)
Number of updated assets reloaded before import = 0
Start importing Assets/Minigames/Shooting range/prefabs/UpperBottle.prefab using Guid(65852b6f7133eda4881e15622626aa78) Importer(815301076,1909f56bfc062723c751e8b465ee728b)  -> (artifact id: 'a0e57f16ab69162177e8baf220d67dbf') in 0.010848 seconds 
Number of asset objects unloaded after import = 21
========================================================================
Received Import Request.
  Time since last request: 3.294594 seconds.
  path: Assets/Minigames/Shooting range/prefabs/Bottle.prefab
  artifactKey: Guid(6e6a0268618f6c24088094cc8affcb9c) Importer(815301076,1909f56bfc062723c751e8b465ee728b)
Number of updated assets reloaded before import = 0
Start importing Assets/Minigames/Shooting range/prefabs/Bottle.prefab using Guid(6e6a0268618f6c24088094cc8affcb9c) Importer(815301076,1909f56bfc062723c751e8b465ee728b)  -> (artifact id: '0a6aa6d63511234f1955faa4ced0e8e9') in 0.016755 seconds 
Number of asset objects unloaded after import = 45
========================================================================
Received Import Request.
  Time since last request: 31.140571 seconds.
  path: Assets/InventoryScripts/ItemScripts/Resources/ItemData/Banana.asset
  artifactKey: Guid(f9fe9316b35444e4dbf916ba194dd5ba) Importer(815301076,1909f56bfc062723c751e8b465ee728b)
Number of updated assets reloaded before import = 0
Start importing Assets/InventoryScripts/ItemScripts/Resources/ItemData/Banana.asset using Guid(f9fe9316b35444e4dbf916ba194dd5ba) Importer(815301076,1909f56bfc062723c751e8b465ee728b)  -> (artifact id: 'e7e7849c709d166311fb0ba7dc8d699f') in 0.003056 seconds 
Number of asset objects unloaded after import = 1
========================================================================
Received Import Request.
  Time since last request: 0.005840 seconds.
  path: Assets/InventoryScripts/ItemScripts/Resources/ItemData/CrabMeat.asset
  artifactKey: Guid(c08cc4740f30dcb428ef494ebd129144) Importer(815301076,1909f56bfc062723c751e8b465ee728b)
Number of updated assets reloaded before import = 0
Start importing Assets/InventoryScripts/ItemScripts/Resources/ItemData/CrabMeat.asset using Guid(c08cc4740f30dcb428ef494ebd129144) Importer(815301076,1909f56bfc062723c751e8b465ee728b)  -> (artifact id: '874a7bb4d291eb5e0959bb17440fdaa6') in 0.002660 seconds 
Number of asset objects unloaded after import = 1
========================================================================
Received Import Request.
  Time since last request: 84.693793 seconds.
  path: Assets/Minigames/Shooting range/prefabs/BrokenBottle.prefab
  artifactKey: Guid(65852b6f7133eda4881e15622626aa78) Importer(815301076,1909f56bfc062723c751e8b465ee728b)
Number of updated assets reloaded before import = 0
Start importing Assets/Minigames/Shooting range/prefabs/BrokenBottle.prefab using Guid(65852b6f7133eda4881e15622626aa78) Importer(815301076,1909f56bfc062723c751e8b465ee728b)  -> (artifact id: 'b82f88e56f2c5f522296fee7bbb3364b') in 0.011623 seconds 
Number of asset objects unloaded after import = 35
========================================================================
Received Import Request.
  Time since last request: 3.277250 seconds.
  path: Assets/Minigames/Shooting range/prefabs/Bottle.prefab
  artifactKey: Guid(6e6a0268618f6c24088094cc8affcb9c) Importer(815301076,1909f56bfc062723c751e8b465ee728b)
Number of updated assets reloaded before import = 0
Start importing Assets/Minigames/Shooting range/prefabs/Bottle.prefab using Guid(6e6a0268618f6c24088094cc8affcb9c) Importer(815301076,1909f56bfc062723c751e8b465ee728b)  -> (artifact id: 'fb83bc8b3662af5a35c0b9b298692bc9') in 0.013154 seconds 
Number of asset objects unloaded after import = 59
========================================================================
Received Import Request.
  Time since last request: 8.671192 seconds.
  path: Assets/Minigames/Shooting range/prefabs/Bottle.prefab
  artifactKey: Guid(6e6a0268618f6c24088094cc8affcb9c) Importer(815301076,1909f56bfc062723c751e8b465ee728b)
Number of updated assets reloaded before import = 0
Start importing Assets/Minigames/Shooting range/prefabs/Bottle.prefab using Guid(6e6a0268618f6c24088094cc8affcb9c) Importer(815301076,1909f56bfc062723c751e8b465ee728b)  -> (artifact id: '4348c9b4ed19de3cc4b97ded220cc7fa') in 0.014417 seconds 
Number of asset objects unloaded after import = 60
========================================================================
Received Import Request.
  Time since last request: 34.451311 seconds.
  path: Assets/PolygonWestern/Textures/PolygonWestern_Sign_01.png
  artifactKey: Guid(3440ece14f04ce24482fb70e8a80a10a) Importer(815301076,1909f56bfc062723c751e8b465ee728b)
Number of updated assets reloaded before import = 0
Start importing Assets/PolygonWestern/Textures/PolygonWestern_Sign_01.png using Guid(3440ece14f04ce24482fb70e8a80a10a) Importer(815301076,1909f56bfc062723c751e8b465ee728b)  -> (artifact id: 'df347a6651d42d20a77e1f0ad7dee1c9') in 0.031046 seconds 
Number of asset objects unloaded after import = 2
========================================================================
Received Import Request.
  Time since last request: 0.000008 seconds.
  path: Assets/PolygonWestern/Textures/PolygonWestern_Texture_04_A.png
  artifactKey: Guid(0f34bafebd967e347899fc5058f42639) Importer(815301076,1909f56bfc062723c751e8b465ee728b)
Number of updated assets reloaded before import = 0
Start importing Assets/PolygonWestern/Textures/PolygonWestern_Texture_04_A.png using Guid(0f34bafebd967e347899fc5058f42639) Importer(815301076,1909f56bfc062723c751e8b465ee728b)  -> (artifact id: '755e7fdba9e4e18aab3c79d7997da362') in 0.025641 seconds 
Number of asset objects unloaded after import = 2
========================================================================
Received Import Request.
  Time since last request: 0.000011 seconds.
  path: Assets/PolygonWestern/Models/SM_Bld_Well_01.fbx
  artifactKey: Guid(5ff185ae0321a674a959e90bfd690bc7) Importer(815301076,1909f56bfc062723c751e8b465ee728b)
Number of updated assets reloaded before import = 0
Start importing Assets/PolygonWestern/Models/SM_Bld_Well_01.fbx using Guid(5ff185ae0321a674a959e90bfd690bc7) Importer(815301076,1909f56bfc062723c751e8b465ee728b)  -> (artifact id: '0dffee1aa71762fa7492e9a5396ec63c') in 0.010647 seconds 
Number of asset objects unloaded after import = 7
========================================================================
Received Import Request.
  Time since last request: 0.000014 seconds.
  path: Assets/PolygonPirates/Models/SM_Bld_Fort_Tower_Room_01.fbx
  artifactKey: Guid(c90ffb4d7c6180a45848ff62b7c3609a) Importer(815301076,1909f56bfc062723c751e8b465ee728b)
Number of updated assets reloaded before import = 0
Start importing Assets/PolygonPirates/Models/SM_Bld_Fort_Tower_Room_01.fbx using Guid(c90ffb4d7c6180a45848ff62b7c3609a) Importer(815301076,1909f56bfc062723c751e8b465ee728b)  -> (artifact id: 'e9336b7aed15e45aabdf8b0c6ea63284') in 0.008488 seconds 
Number of asset objects unloaded after import = 7
========================================================================
Received Import Request.
  Time since last request: 0.000008 seconds.
  path: Assets/PolygonNatureBiomes/PNB_Tropical_Jungle/Textures/Normals/Seaweed_Normals_01.png
  artifactKey: Guid(dd9481927444c6f479c45da599b0d2c0) Importer(815301076,1909f56bfc062723c751e8b465ee728b)
Number of updated assets reloaded before import = 0
Start importing Assets/PolygonNatureBiomes/PNB_Tropical_Jungle/Textures/Normals/Seaweed_Normals_01.png using Guid(dd9481927444c6f479c45da599b0d2c0) Importer(815301076,1909f56bfc062723c751e8b465ee728b)  -> (artifact id: '959bd7249a654570aa9fb4a28f75d3a1') in 0.021540 seconds 
Number of asset objects unloaded after import = 2
========================================================================
Received Import Request.
  Time since last request: 0.000008 seconds.
  path: Assets/PolygonWestern/Textures/PolygonWestern_Texture_02.png
  artifactKey: Guid(6c88b4dd65148ae45a4464437b3ef2a6) Importer(815301076,1909f56bfc062723c751e8b465ee728b)
Number of updated assets reloaded before import = 0
Start importing Assets/PolygonWestern/Textures/PolygonWestern_Texture_02.png using Guid(6c88b4dd65148ae45a4464437b3ef2a6) Importer(815301076,1909f56bfc062723c751e8b465ee728b)  -> (artifact id: 'a136559489ce777c04c7ecfdacef7505') in 0.018485 seconds 
Number of asset objects unloaded after import = 2
========================================================================
Received Import Request.
  Time since last request: 0.000007 seconds.
  path: Assets/PolygonPirates/Models/ConvexCollisions/SM_Bld_Fort_Tower_Room_01_Convex.asset
  artifactKey: Guid(b0a29f1c4e028ff4eb06b01e60677a7d) Importer(815301076,1909f56bfc062723c751e8b465ee728b)
Number of updated assets reloaded before import = 0
Start importing Assets/PolygonPirates/Models/ConvexCollisions/SM_Bld_Fort_Tower_Room_01_Convex.asset using Guid(b0a29f1c4e028ff4eb06b01e60677a7d) Importer(815301076,1909f56bfc062723c751e8b465ee728b)  -> (artifact id: '31535c90a72bcb2ab9466e690e142c8a') in 0.006402 seconds 
Number of asset objects unloaded after import = 1
========================================================================
Received Import Request.
  Time since last request: 0.000007 seconds.
  path: Assets/PolygonWestern/Models/CollisionConvex/SM_Bld_Well_01_Convex 1.asset
  artifactKey: Guid(978d951ea3cabbb49ae6ce89fa486a80) Importer(815301076,1909f56bfc062723c751e8b465ee728b)
Number of updated assets reloaded before import = 0
Start importing Assets/PolygonWestern/Models/CollisionConvex/SM_Bld_Well_01_Convex 1.asset using Guid(978d951ea3cabbb49ae6ce89fa486a80) Importer(815301076,1909f56bfc062723c751e8b465ee728b)  -> (artifact id: '1021c1497327ee3c59c1bbbe724b3883') in 0.007921 seconds 
Number of asset objects unloaded after import = 2
========================================================================
Received Import Request.
  Time since last request: 0.000008 seconds.
  path: Assets/PolygonNatureBiomes/PNB_Tropical_Jungle/Models/SM_Env_Flower_03.fbx
  artifactKey: Guid(80bb75c2da9dd9443a215b8507e130ea) Importer(815301076,1909f56bfc062723c751e8b465ee728b)
Number of updated assets reloaded before import = 0
Start importing Assets/PolygonNatureBiomes/PNB_Tropical_Jungle/Models/SM_Env_Flower_03.fbx using Guid(80bb75c2da9dd9443a215b8507e130ea) Importer(815301076,1909f56bfc062723c751e8b465ee728b)  -> (artifact id: '9d0c29fc5e0bb79600674ad128632337') in 0.013141 seconds 
Number of asset objects unloaded after import = 15
========================================================================
Received Import Request.
  Time since last request: 0.000008 seconds.
  path: Assets/PolygonNatureBiomes/PNB_Tropical_Jungle/Models/SM_Env_Flower_Pitcher_01.fbx
  artifactKey: Guid(b0d3ef757b8f2e44e8c8adba64d90280) Importer(815301076,1909f56bfc062723c751e8b465ee728b)
Number of updated assets reloaded before import = 0
Start importing Assets/PolygonNatureBiomes/PNB_Tropical_Jungle/Models/SM_Env_Flower_Pitcher_01.fbx using Guid(b0d3ef757b8f2e44e8c8adba64d90280) Importer(815301076,1909f56bfc062723c751e8b465ee728b)  -> (artifact id: 'c60fff89c83e0597d89275bf16ab95e9') in 0.017167 seconds 
Number of asset objects unloaded after import = 20
========================================================================
Received Import Request.
  Time since last request: 0.000007 seconds.
  path: Assets/PolygonPirates/Models/SM_Bld_Mansion_Tower_01.fbx
  artifactKey: Guid(d50524bd15d611749b162ee41810320c) Importer(815301076,1909f56bfc062723c751e8b465ee728b)
Number of updated assets reloaded before import = 0
Start importing Assets/PolygonPirates/Models/SM_Bld_Mansion_Tower_01.fbx using Guid(d50524bd15d611749b162ee41810320c) Importer(815301076,1909f56bfc062723c751e8b465ee728b)  -> (artifact id: '8c6ed81b5beb111f41d36641593e2ff1') in 0.009067 seconds 
Number of asset objects unloaded after import = 7
========================================================================
Received Import Request.
  Time since last request: 0.000007 seconds.
  path: Assets/PolygonWestern/Textures/PolygonWestern_Texture_Mike.png
  artifactKey: Guid(560116b8f7bbe2a41a530fae59f4190e) Importer(815301076,1909f56bfc062723c751e8b465ee728b)
Number of updated assets reloaded before import = 0
Start importing Assets/PolygonWestern/Textures/PolygonWestern_Texture_Mike.png using Guid(560116b8f7bbe2a41a530fae59f4190e) Importer(815301076,1909f56bfc062723c751e8b465ee728b)  -> (artifact id: '94c0a597cb087686c35ec56248e666a6') in 0.021351 seconds 
Number of asset objects unloaded after import = 2
========================================================================
Received Import Request.
  Time since last request: 0.000008 seconds.
  path: Assets/PolygonNatureBiomes/PNB_Tropical_Jungle/Models/SM_Env_Flower_Pitcher_02.fbx
  artifactKey: Guid(06ac935f1e3a09e49bbb8ebec1e718db) Importer(815301076,1909f56bfc062723c751e8b465ee728b)
Number of updated assets reloaded before import = 0
Start importing Assets/PolygonNatureBiomes/PNB_Tropical_Jungle/Models/SM_Env_Flower_Pitcher_02.fbx using Guid(06ac935f1e3a09e49bbb8ebec1e718db) Importer(815301076,1909f56bfc062723c751e8b465ee728b)  -> (artifact id: 'a50e84d6f56c35063c2ed64123fd7a24') in 0.016075 seconds 
Number of asset objects unloaded after import = 20
========================================================================
Received Import Request.
  Time since last request: 0.000007 seconds.
  path: Assets/PolygonWestern/Prefabs/Buildings/SM_Bld_Water_Tower_01.prefab
  artifactKey: Guid(7c1021e011fe0c54abeb05fcb2447989) Importer(815301076,1909f56bfc062723c751e8b465ee728b)
Number of updated assets reloaded before import = 0
Start importing Assets/PolygonWestern/Prefabs/Buildings/SM_Bld_Water_Tower_01.prefab using Guid(7c1021e011fe0c54abeb05fcb2447989) Importer(815301076,1909f56bfc062723c751e8b465ee728b)  -> (artifact id: '5bcc73b0fecc9fffb487617a2eb9dcb7') in 0.012445 seconds 
Number of asset objects unloaded after import = 14
========================================================================
Received Import Request.
  Time since last request: 0.000008 seconds.
  path: Assets/PolygonPirates/Prefabs/Buildings/SM_Bld_Rickety_Tower_03.prefab
  artifactKey: Guid(be5b4381dc9e4814b9db55a58c8c9d30) Importer(815301076,1909f56bfc062723c751e8b465ee728b)
Number of updated assets reloaded before import = 0
Start importing Assets/PolygonPirates/Prefabs/Buildings/SM_Bld_Rickety_Tower_03.prefab using Guid(be5b4381dc9e4814b9db55a58c8c9d30) Importer(815301076,1909f56bfc062723c751e8b465ee728b)  -> (artifact id: 'd4dc6d7ec7ff8a4eb87f8e6056cd3e7e') in 0.008909 seconds 
Number of asset objects unloaded after import = 12
========================================================================
Received Import Request.
  Time since last request: 0.000008 seconds.
  path: Assets/PolygonWestern/Textures/PolygonWestern_Texture_01_B.png
  artifactKey: Guid(1b70ea072930be048a51e32bc50964a1) Importer(815301076,1909f56bfc062723c751e8b465ee728b)
Number of updated assets reloaded before import = 0
Start importing Assets/PolygonWestern/Textures/PolygonWestern_Texture_01_B.png using Guid(1b70ea072930be048a51e32bc50964a1) Importer(815301076,1909f56bfc062723c751e8b465ee728b)  -> (artifact id: '9194bd78cdf71d014a92775183688716') in 0.021053 seconds 
Number of asset objects unloaded after import = 2
========================================================================
Received Import Request.
  Time since last request: 0.000012 seconds.
  path: Assets/PolygonNatureBiomes/PNB_Tropical_Jungle/Prefabs/SM_Env_Flower_Pitcher_01.prefab
  artifactKey: Guid(acf42a4b54b06464aa67fa54408a7ff9) Importer(815301076,1909f56bfc062723c751e8b465ee728b)
Number of updated assets reloaded before import = 0
Start importing Assets/PolygonNatureBiomes/PNB_Tropical_Jungle/Prefabs/SM_Env_Flower_Pitcher_01.prefab using Guid(acf42a4b54b06464aa67fa54408a7ff9) Importer(815301076,1909f56bfc062723c751e8b465ee728b)  -> (artifact id: 'f7b1933b81bb1021ce0857cdd0c2342c') in 0.010796 seconds 
Number of asset objects unloaded after import = 26
========================================================================
Received Import Request.
  Time since last request: 0.000014 seconds.
  path: Assets/PolygonWestern/Prefabs/Buildings/SM_Bld_Well_01.prefab
  artifactKey: Guid(d233e7b1003c7784a8ca678eeb862782) Importer(815301076,1909f56bfc062723c751e8b465ee728b)
Number of updated assets reloaded before import = 0
Start importing Assets/PolygonWestern/Prefabs/Buildings/SM_Bld_Well_01.prefab using Guid(d233e7b1003c7784a8ca678eeb862782) Importer(815301076,1909f56bfc062723c751e8b465ee728b)  -> (artifact id: '98596056ed930ac71cc77ee5b79233a9') in 0.011273 seconds 
Number of asset objects unloaded after import = 14
========================================================================
Received Import Request.
  Time since last request: 0.000017 seconds.
  path: Assets/PolygonWestern/Models/CollisionConvex/SM_Bld_Well_01_Convex.asset
  artifactKey: Guid(aeca04ee6720c3241a547d3db45c7f9e) Importer(815301076,1909f56bfc062723c751e8b465ee728b)
Number of updated assets reloaded before import = 0
Start importing Assets/PolygonWestern/Models/CollisionConvex/SM_Bld_Well_01_Convex.asset using Guid(aeca04ee6720c3241a547d3db45c7f9e) Importer(815301076,1909f56bfc062723c751e8b465ee728b)  -> (artifact id: '59888d97575b675a9e63aae670c6329d') in 0.006286 seconds 
Number of asset objects unloaded after import = 1
========================================================================
Received Import Request.
  Time since last request: 0.000007 seconds.
  path: Assets/PolygonNatureBiomes/PNB_Tropical_Jungle/Models/SM_Env_Flower_01.fbx
  artifactKey: Guid(8024c9d9c02a29f4c984c2a182a140f1) Importer(815301076,1909f56bfc062723c751e8b465ee728b)
Number of updated assets reloaded before import = 0
Start importing Assets/PolygonNatureBiomes/PNB_Tropical_Jungle/Models/SM_Env_Flower_01.fbx using Guid(8024c9d9c02a29f4c984c2a182a140f1) Importer(815301076,1909f56bfc062723c751e8b465ee728b)  -> (artifact id: '7a97ef88ac2d8a8834051cf2bd19dd06') in 0.014120 seconds 
Number of asset objects unloaded after import = 15
========================================================================
Received Import Request.
  Time since last request: 0.000008 seconds.
  path: Assets/PolygonWestern/Textures/PolygonWestern_Texture_02_C.png
  artifactKey: Guid(cc5f48d5151ea0545a026bca4e6d7885) Importer(815301076,1909f56bfc062723c751e8b465ee728b)
Number of updated assets reloaded before import = 0
Start importing Assets/PolygonWestern/Textures/PolygonWestern_Texture_02_C.png using Guid(cc5f48d5151ea0545a026bca4e6d7885) Importer(815301076,1909f56bfc062723c751e8b465ee728b)  -> (artifact id: '5bed1f5f8156eb9276a31c4b921ff521') in 0.021822 seconds 
Number of asset objects unloaded after import = 2
========================================================================
Received Import Request.
  Time since last request: 0.000012 seconds.
  path: Assets/PolygonWestern/Prefabs/Buildings/SM_Bld_Tower_01.prefab
  artifactKey: Guid(f25c27b7a1bf7b749aafe3e69b5fce44) Importer(815301076,1909f56bfc062723c751e8b465ee728b)
Number of updated assets reloaded before import = 0
Start importing Assets/PolygonWestern/Prefabs/Buildings/SM_Bld_Tower_01.prefab using Guid(f25c27b7a1bf7b749aafe3e69b5fce44) Importer(815301076,1909f56bfc062723c751e8b465ee728b)  -> (artifact id: '06fbd53f5eabb2bc81bfb6218dc5689e') in 0.011261 seconds 
Number of asset objects unloaded after import = 12
========================================================================
Received Import Request.
  Time since last request: 0.000009 seconds.
  path: Assets/PolygonWestern/Textures/PolygonWestern_Texture1.png
  artifactKey: Guid(2f94f6bda2ac07743b44aa2ea4b791e1) Importer(815301076,1909f56bfc062723c751e8b465ee728b)
Number of updated assets reloaded before import = 0
Start importing Assets/PolygonWestern/Textures/PolygonWestern_Texture1.png using Guid(2f94f6bda2ac07743b44aa2ea4b791e1) Importer(815301076,1909f56bfc062723c751e8b465ee728b)  -> (artifact id: '24add70710c05d138e4399ee8ad252fb') in 0.021921 seconds 
Number of asset objects unloaded after import = 2
========================================================================
Received Import Request.
  Time since last request: 0.000010 seconds.
  path: Assets/PolygonNatureBiomes/PNB_Tropical_Jungle/Prefabs/SM_Env_Flowers_01.prefab
  artifactKey: Guid(f6d807cdc9d6a13419285ced310d33a3) Importer(815301076,1909f56bfc062723c751e8b465ee728b)
Number of updated assets reloaded before import = 0
Start importing Assets/PolygonNatureBiomes/PNB_Tropical_Jungle/Prefabs/SM_Env_Flowers_01.prefab using Guid(f6d807cdc9d6a13419285ced310d33a3) Importer(815301076,1909f56bfc062723c751e8b465ee728b)  -> (artifact id: 'dc14d0a2f43358e320cb733bedcdbcd5') in 0.010052 seconds 
Number of asset objects unloaded after import = 26
========================================================================
Received Import Request.
  Time since last request: 0.000008 seconds.
  path: Assets/PolygonWestern/Textures/PolygonWestern_Texture_04_B.png
  artifactKey: Guid(6bd8f41e055ee30468703cc63498337a) Importer(815301076,1909f56bfc062723c751e8b465ee728b)
Number of updated assets reloaded before import = 0
Start importing Assets/PolygonWestern/Textures/PolygonWestern_Texture_04_B.png using Guid(6bd8f41e055ee30468703cc63498337a) Importer(815301076,1909f56bfc062723c751e8b465ee728b)  -> (artifact id: 'b71c8840d199b0fb7bb170b65ee2af2e') in 0.019340 seconds 
Number of asset objects unloaded after import = 2
========================================================================
Received Import Request.
  Time since last request: 0.000008 seconds.
  path: Assets/PolygonWestern/Textures/PolygonWestern_Texture_01_C.png
  artifactKey: Guid(105f80efe20ead547ab33f2649bd1a84) Importer(815301076,1909f56bfc062723c751e8b465ee728b)
Number of updated assets reloaded before import = 0
Start importing Assets/PolygonWestern/Textures/PolygonWestern_Texture_01_C.png using Guid(105f80efe20ead547ab33f2649bd1a84) Importer(815301076,1909f56bfc062723c751e8b465ee728b)  -> (artifact id: 'a107141aae6c3910d7050aef47e8f9c4') in 0.021013 seconds 
Number of asset objects unloaded after import = 2
========================================================================
Received Import Request.
  Time since last request: 0.000008 seconds.
  path: Assets/PolygonNatureBiomes/PNB_Tropical_Jungle/Models/SM_Env_Flower_02.fbx
  artifactKey: Guid(cff280da9d0ca2746a035f1a5728a692) Importer(815301076,1909f56bfc062723c751e8b465ee728b)
Number of updated assets reloaded before import = 0
Start importing Assets/PolygonNatureBiomes/PNB_Tropical_Jungle/Models/SM_Env_Flower_02.fbx using Guid(cff280da9d0ca2746a035f1a5728a692) Importer(815301076,1909f56bfc062723c751e8b465ee728b)  -> (artifact id: '120a9cb7b944b92852b71a77c85c2fc0') in 0.013768 seconds 
Number of asset objects unloaded after import = 15
========================================================================
Received Import Request.
  Time since last request: 0.000008 seconds.
  path: Assets/PolygonPirates/Models/ConvexCollisions/SM_Bld_Rickety_Tower_03_Convex.asset
  artifactKey: Guid(29a67c639f788f64d89cb08e20482872) Importer(815301076,1909f56bfc062723c751e8b465ee728b)
Number of updated assets reloaded before import = 0
Start importing Assets/PolygonPirates/Models/ConvexCollisions/SM_Bld_Rickety_Tower_03_Convex.asset using Guid(29a67c639f788f64d89cb08e20482872) Importer(815301076,1909f56bfc062723c751e8b465ee728b)  -> (artifact id: '9a6e4e166885bf62c0e2c69eeadbb2a6') in 0.006797 seconds 
Number of asset objects unloaded after import = 1
========================================================================
Received Import Request.
  Time since last request: 0.000008 seconds.
  path: Assets/PolygonWestern/Models/SM_Bld_TrainStation_01.fbx
  artifactKey: Guid(86dc5dbfc3d7c2347bde608d51a7d2dc) Importer(815301076,1909f56bfc062723c751e8b465ee728b)
Number of updated assets reloaded before import = 0
Start importing Assets/PolygonWestern/Models/SM_Bld_TrainStation_01.fbx using Guid(86dc5dbfc3d7c2347bde608d51a7d2dc) Importer(815301076,1909f56bfc062723c751e8b465ee728b)  -> (artifact id: 'e3fb27963ebea3a6e6e840c118e6406f') in 0.029243 seconds 
Number of asset objects unloaded after import = 32
========================================================================
Received Import Request.
  Time since last request: 0.000008 seconds.
  path: Assets/PolygonPirates/Prefabs/Buildings/SM_Bld_Mansion_Tower_01.prefab
  artifactKey: Guid(c973e4fa41dd2394cba85c1ece6cc9cf) Importer(815301076,1909f56bfc062723c751e8b465ee728b)
Number of updated assets reloaded before import = 0
Start importing Assets/PolygonPirates/Prefabs/Buildings/SM_Bld_Mansion_Tower_01.prefab using Guid(c973e4fa41dd2394cba85c1ece6cc9cf) Importer(815301076,1909f56bfc062723c751e8b465ee728b)  -> (artifact id: '10e05f78df3e773d0ce23ac84d4989f7') in 0.008181 seconds 
Number of asset objects unloaded after import = 12
========================================================================
Received Import Request.
  Time since last request: 1.196553 seconds.
  path: Assets/Combat/WeaponHandler.cs
  artifactKey: Guid(1b0d53593408bf44fb0b3f2fee0121dd) Importer(815301076,1909f56bfc062723c751e8b465ee728b)
Number of updated assets reloaded before import = 0
Start importing Assets/Combat/WeaponHandler.cs using Guid(1b0d53593408bf44fb0b3f2fee0121dd) Importer(815301076,1909f56bfc062723c751e8b465ee728b)  -> (artifact id: 'b8320ae57fddc930d5591c9b6755e8ef') in 0.010966 seconds 
Number of asset objects unloaded after import = 0
========================================================================
Received Prepare
Registering precompiled user dll's ...
Registered in 0.011711 seconds.
Begin MonoManager ReloadAssembly
Native extension for WindowsStandalone target not found
Refreshing native plugins compatible for Editor in 0.99 ms, found 3 plugins.
Preloading 0 native plugins for Editor in 0.00 ms.
Mono: successfully reloaded assembly
- Completed reload, in  0.958 seconds
Domain Reload Profiling:
	ReloadAssembly (959ms)
		BeginReloadAssembly (185ms)
			ExecutionOrderSort (0ms)
			DisableScriptedObjects (3ms)
			BackupInstance (0ms)
			ReleaseScriptingObjects (0ms)
			CreateAndSetChildDomain (24ms)
		EndReloadAssembly (686ms)
			LoadAssemblies (158ms)
			RebuildTransferFunctionScriptingTraits (0ms)
			SetupTypeCache (177ms)
			ReleaseScriptCaches (1ms)
			RebuildScriptCaches (29ms)
			SetupLoadedEditorAssemblies (356ms)
				LogAssemblyErrors (0ms)
				InitializePlatformSupportModulesInManaged (8ms)
				SetLoadedEditorAssemblies (1ms)
				RefreshPlugins (1ms)
				BeforeProcessingInitializeOnLoad (74ms)
				ProcessInitializeOnLoadAttributes (244ms)
				ProcessInitializeOnLoadMethodAttributes (14ms)
				AfterProcessingInitializeOnLoad (16ms)
				EditorAssembliesLoaded (0ms)
			ExecutionOrderSort2 (0ms)
			AwakeInstancesAfterBackupRestoration (4ms)
Platform modules already initialized, skipping
Refreshing native plugins compatible for Editor in 0.75 ms, found 3 plugins.
Preloading 0 native plugins for Editor in 0.00 ms.
Unloading 3974 Unused Serialized files (Serialized files now loaded: 0)
Unloading 43 unused Assets / (2.7 MB). Loaded Objects now: 4615.
Memory consumption went from 251.2 MB to 248.5 MB.
Total: 2.574500 ms (FindLiveObjects: 0.218100 ms CreateObjectMapping: 0.077300 ms MarkObjects: 1.895800 ms  DeleteObjects: 0.382800 ms)

AssetImportParameters requested are different than current active one (requested -> active):
  custom:video-decoder-ogg-theora: a1e56fd34408186e4bbccfd4996cb3dc -> 
  custom:container-muxer-webm: aa71ff27fc2769a1b78a27578f13a17b -> 
  custom:container-demuxer-webm: 4f35f7cbe854078d1ac9338744f61a02 -> 
  custom:video-encoder-webm-vp8: eb34c28f22e8b96e1ab97ce403110664 -> 
  custom:video-codec-MediaFoundation-h265: 746d11721c4dcdbdad8f713fa42b33f4 -> 
  custom:CustomObjectIndexerAttribute: bc11b3a6c3213fcdd17b65e7da85e133 -> 
  custom:audio-encoder-webm-vorbis: bf7c407c2cedff20999df2af8eb42d56 -> 
  custom:framework-win-MediaFoundation: 216162199b28c13a410421893ffa2e32 -> 
  custom:SearchIndexIgnoredProperties: e643bd26f0fe6173181afceb89e7c659 -> 
  custom:container-demuxer-ogg: 62fdf1f143b41e24485cea50d1cbac27 -> 
  custom:video-decoder-webm-vp8: 9c59270c3fd7afecdb556c50c9e8de78 -> 
  custom:audio-decoder-ogg-vorbis: bf7c407c2cedff20999df2af8eb42d56 -> 
========================================================================
Received Import Request.
  Time since last request: 342.298669 seconds.
  path: Assets/PolygonWestern/Models/SM_Veh_Train_Carriage_01.fbx
  artifactKey: Guid(6e17b4f6d557b41488d66ba9d108795d) Importer(815301076,1909f56bfc062723c751e8b465ee728b)
Number of updated assets reloaded before import = 0
Start importing Assets/PolygonWestern/Models/SM_Veh_Train_Carriage_01.fbx using Guid(6e17b4f6d557b41488d66ba9d108795d) Importer(815301076,1909f56bfc062723c751e8b465ee728b)  -> (artifact id: '992f0fb93ea43119e98b3038b890b83a') in 0.085124 seconds 
Number of asset objects unloaded after import = 57
========================================================================
Received Import Request.
  Time since last request: 6.143311 seconds.
  path: Assets/Movement/HorseInteraction.cs
  artifactKey: Guid(98d95a64ea3551d44b616b60ebe99497) Importer(815301076,1909f56bfc062723c751e8b465ee728b)
Number of updated assets reloaded before import = 0
Start importing Assets/Movement/HorseInteraction.cs using Guid(98d95a64ea3551d44b616b60ebe99497) Importer(815301076,1909f56bfc062723c751e8b465ee728b)  -> (artifact id: '63918769f33bad85208c5e14081219e4') in 0.001993 seconds 
Number of asset objects unloaded after import = 0
========================================================================
Received Import Request.
  Time since last request: 0.821770 seconds.
  path: Assets/InventoryScripts/Interfaces/IInteractable.cs
  artifactKey: Guid(966c4cbead6f34446bcb4e6c58aeed85) Importer(815301076,1909f56bfc062723c751e8b465ee728b)
Number of updated assets reloaded before import = 0
Start importing Assets/InventoryScripts/Interfaces/IInteractable.cs using Guid(966c4cbead6f34446bcb4e6c58aeed85) Importer(815301076,1909f56bfc062723c751e8b465ee728b)  -> (artifact id: '2397f62dd385b7c98a1e23ff686ac91c') in 0.002466 seconds 
Number of asset objects unloaded after import = 0
========================================================================
Received Import Request.
  Time since last request: 0.795147 seconds.
  path: Assets/InteractionPromptUI.cs
  artifactKey: Guid(64e91a4981103c34faa9f4fe0fbfd29e) Importer(815301076,1909f56bfc062723c751e8b465ee728b)
Number of updated assets reloaded before import = 0
Start importing Assets/InteractionPromptUI.cs using Guid(64e91a4981103c34faa9f4fe0fbfd29e) Importer(815301076,1909f56bfc062723c751e8b465ee728b)  -> (artifact id: 'fa1607b91b2ecfab14a3411cbc7fb025') in 0.001930 seconds 
Number of asset objects unloaded after import = 0
========================================================================
Received Import Request.
  Time since last request: 34.796671 seconds.
  path: Assets/InventoryScripts/Interactor.cs
  artifactKey: Guid(3aa5191791f7c174eaf54c0c7439000d) Importer(815301076,1909f56bfc062723c751e8b465ee728b)
Number of updated assets reloaded before import = 0
Start importing Assets/InventoryScripts/Interactor.cs using Guid(3aa5191791f7c174eaf54c0c7439000d) Importer(815301076,1909f56bfc062723c751e8b465ee728b)  -> (artifact id: '2b59556c2b6576b14db8985974d0f463') in 0.002090 seconds 
Number of asset objects unloaded after import = 0
========================================================================
Received Import Request.
  Time since last request: 430.801497 seconds.
  path: Assets/Combat/WeaponHandler.cs
  artifactKey: Guid(1b0d53593408bf44fb0b3f2fee0121dd) Importer(815301076,1909f56bfc062723c751e8b465ee728b)
Number of updated assets reloaded before import = 0
Start importing Assets/Combat/WeaponHandler.cs using Guid(1b0d53593408bf44fb0b3f2fee0121dd) Importer(815301076,1909f56bfc062723c751e8b465ee728b)  -> (artifact id: '9febb782ea884265bb1cc89d62387e47') in 0.001579 seconds 
Number of asset objects unloaded after import = 0
========================================================================
Received Import Request.
  Time since last request: 6.056682 seconds.
  path: Assets/PolygonPirates/Models/ConvexCollisions/SM_Env_PalmTree_01_Convex 1.asset
  artifactKey: Guid(9b313fe90e95bc34b82ccbda7c76dfe7) Importer(815301076,1909f56bfc062723c751e8b465ee728b)
Number of updated assets reloaded before import = 0
Start importing Assets/PolygonPirates/Models/ConvexCollisions/SM_Env_PalmTree_01_Convex 1.asset using Guid(9b313fe90e95bc34b82ccbda7c76dfe7) Importer(815301076,1909f56bfc062723c751e8b465ee728b)  -> (artifact id: '34ea9ecac27a60902c9d92ebc59f6537') in 0.014632 seconds 
Number of asset objects unloaded after import = 5
========================================================================
Received Import Request.
  Time since last request: 27.235108 seconds.
  path: Assets/Minigames/Shooting range/ShootingRangeInteractable.cs
  artifactKey: Guid(b8c852a66e0ea7046acad7b81c561a7d) Importer(815301076,1909f56bfc062723c751e8b465ee728b)
Number of updated assets reloaded before import = 0
Start importing Assets/Minigames/Shooting range/ShootingRangeInteractable.cs using Guid(b8c852a66e0ea7046acad7b81c561a7d) Importer(815301076,1909f56bfc062723c751e8b465ee728b)  -> (artifact id: 'a4012b69d0fa8822277ccf3f01adb033') in 0.002383 seconds 
Number of asset objects unloaded after import = 0
========================================================================
Received Import Request.
  Time since last request: 20.250553 seconds.
  path: Assets/Minigames/Shooting range/ShootingRangeInteractable.cs
  artifactKey: Guid(b8c852a66e0ea7046acad7b81c561a7d) Importer(815301076,1909f56bfc062723c751e8b465ee728b)
Number of updated assets reloaded before import = 0
Start importing Assets/Minigames/Shooting range/ShootingRangeInteractable.cs using Guid(b8c852a66e0ea7046acad7b81c561a7d) Importer(815301076,1909f56bfc062723c751e8b465ee728b)  -> (artifact id: '9f667eb3a5383448f63294d545b36b5c') in 0.001918 seconds 
Number of asset objects unloaded after import = 0
========================================================================
Received Import Request.
  Time since last request: 11.170377 seconds.
  path: Assets/Minigames/Shooting range/ShootingRangeManager.cs
  artifactKey: Guid(18b46b0d5536f754b992991a279b4c37) Importer(815301076,1909f56bfc062723c751e8b465ee728b)
Number of updated assets reloaded before import = 0
Start importing Assets/Minigames/Shooting range/ShootingRangeManager.cs using Guid(18b46b0d5536f754b992991a279b4c37) Importer(815301076,1909f56bfc062723c751e8b465ee728b)  -> (artifact id: '3b44d5e73d12c571284906f04d679eda') in 0.002075 seconds 
Number of asset objects unloaded after import = 0
========================================================================
Received Prepare
Registering precompiled user dll's ...
Registered in 0.009965 seconds.
Begin MonoManager ReloadAssembly
Native extension for WindowsStandalone target not found
Refreshing native plugins compatible for Editor in 0.95 ms, found 3 plugins.
Preloading 0 native plugins for Editor in 0.00 ms.
Mono: successfully reloaded assembly
- Completed reload, in  1.196 seconds
Domain Reload Profiling:
	ReloadAssembly (1197ms)
		BeginReloadAssembly (189ms)
			ExecutionOrderSort (0ms)
			DisableScriptedObjects (3ms)
			BackupInstance (0ms)
			ReleaseScriptingObjects (0ms)
			CreateAndSetChildDomain (27ms)
		EndReloadAssembly (887ms)
			LoadAssemblies (155ms)
			RebuildTransferFunctionScriptingTraits (0ms)
			SetupTypeCache (240ms)
			ReleaseScriptCaches (1ms)
			RebuildScriptCaches (35ms)
			SetupLoadedEditorAssemblies (470ms)
				LogAssemblyErrors (0ms)
				InitializePlatformSupportModulesInManaged (9ms)
				SetLoadedEditorAssemblies (0ms)
				RefreshPlugins (1ms)
				BeforeProcessingInitializeOnLoad (95ms)
				ProcessInitializeOnLoadAttributes (323ms)
				ProcessInitializeOnLoadMethodAttributes (18ms)
				AfterProcessingInitializeOnLoad (23ms)
				EditorAssembliesLoaded (0ms)
			ExecutionOrderSort2 (0ms)
			AwakeInstancesAfterBackupRestoration (5ms)
Platform modules already initialized, skipping
Refreshing native plugins compatible for Editor in 1.21 ms, found 3 plugins.
Preloading 0 native plugins for Editor in 0.00 ms.
Unloading 3976 Unused Serialized files (Serialized files now loaded: 0)
Unloading 43 unused Assets / (2.7 MB). Loaded Objects now: 4620.
Memory consumption went from 251.3 MB to 248.6 MB.
Total: 3.287300 ms (FindLiveObjects: 0.188200 ms CreateObjectMapping: 0.068600 ms MarkObjects: 2.618500 ms  DeleteObjects: 0.411200 ms)

AssetImportParameters requested are different than current active one (requested -> active):
  custom:video-decoder-ogg-theora: a1e56fd34408186e4bbccfd4996cb3dc -> 
  custom:container-muxer-webm: aa71ff27fc2769a1b78a27578f13a17b -> 
  custom:container-demuxer-webm: 4f35f7cbe854078d1ac9338744f61a02 -> 
  custom:video-encoder-webm-vp8: eb34c28f22e8b96e1ab97ce403110664 -> 
  custom:video-codec-MediaFoundation-h265: 746d11721c4dcdbdad8f713fa42b33f4 -> 
  custom:CustomObjectIndexerAttribute: bc11b3a6c3213fcdd17b65e7da85e133 -> 
  custom:audio-encoder-webm-vorbis: bf7c407c2cedff20999df2af8eb42d56 -> 
  custom:framework-win-MediaFoundation: 216162199b28c13a410421893ffa2e32 -> 
  custom:SearchIndexIgnoredProperties: e643bd26f0fe6173181afceb89e7c659 -> 
  custom:container-demuxer-ogg: 62fdf1f143b41e24485cea50d1cbac27 -> 
  custom:video-decoder-webm-vp8: 9c59270c3fd7afecdb556c50c9e8de78 -> 
  custom:audio-decoder-ogg-vorbis: bf7c407c2cedff20999df2af8eb42d56 -> 
========================================================================
Received Import Request.
  Time since last request: 49.631853 seconds.
  path: Assets/nTools/PrefabPainter/GUI/PPIconW.png
  artifactKey: Guid(8dec757710cb44f04b214bacbafb5f40) Importer(815301076,1909f56bfc062723c751e8b465ee728b)
Number of updated assets reloaded before import = 0
Start importing Assets/nTools/PrefabPainter/GUI/PPIconW.png using Guid(8dec757710cb44f04b214bacbafb5f40) Importer(815301076,1909f56bfc062723c751e8b465ee728b)  -> (artifact id: '134f1637b8a6b0d41bc3fcf35f1e242c') in 0.042510 seconds 
Number of asset objects unloaded after import = 2
========================================================================
Received Import Request.
  Time since last request: 0.000011 seconds.
  path: Assets/PolygonPirates/Models/ConvexCollisions/SM_Bld_Cuba_VineWall_01_Convex.asset
  artifactKey: Guid(fdfe86fdb15d38b44a9088ccc0d2c763) Importer(815301076,1909f56bfc062723c751e8b465ee728b)
Number of updated assets reloaded before import = 0
Start importing Assets/PolygonPirates/Models/ConvexCollisions/SM_Bld_Cuba_VineWall_01_Convex.asset using Guid(fdfe86fdb15d38b44a9088ccc0d2c763) Importer(815301076,1909f56bfc062723c751e8b465ee728b)  -> (artifact id: 'faaabdeabbb025d326d176a13f22f826') in 0.021408 seconds 
Number of asset objects unloaded after import = 1
========================================================================
Received Import Request.
  Time since last request: 3.896121 seconds.
  path: Assets/PolygonWestern/Models/CollisionConvex/SM_Bld_Sign_01_Convex.asset
  artifactKey: Guid(c4bf8d9e595a72744a746ffabeb71264) Importer(815301076,1909f56bfc062723c751e8b465ee728b)
Number of updated assets reloaded before import = 0
Start importing Assets/PolygonWestern/Models/CollisionConvex/SM_Bld_Sign_01_Convex.asset using Guid(c4bf8d9e595a72744a746ffabeb71264) Importer(815301076,1909f56bfc062723c751e8b465ee728b)  -> (artifact id: '33a5eb74ffc1a998bdd0a305ade75608') in 0.006396 seconds 
Number of asset objects unloaded after import = 1
========================================================================
Received Import Request.
  Time since last request: 0.004681 seconds.
  path: Assets/PolygonWestern/Models/CollisionConvex/SM_Prop_RoadSign_01_Convex.asset
  artifactKey: Guid(887610903d5b1744cb304ab331106e26) Importer(815301076,1909f56bfc062723c751e8b465ee728b)
Number of updated assets reloaded before import = 0
Start importing Assets/PolygonWestern/Models/CollisionConvex/SM_Prop_RoadSign_01_Convex.asset using Guid(887610903d5b1744cb304ab331106e26) Importer(815301076,1909f56bfc062723c751e8b465ee728b)  -> (artifact id: 'e600358e484e1852a9159f405719a116') in 0.007628 seconds 
Number of asset objects unloaded after import = 1
========================================================================
Received Import Request.
  Time since last request: 0.000010 seconds.
  path: Assets/PolygonPirates/Models/SM_Prop_Sign_Attachment_03.fbx
  artifactKey: Guid(0aa820dc2fc1d9841891b6fa3558aba6) Importer(815301076,1909f56bfc062723c751e8b465ee728b)
Number of updated assets reloaded before import = 0
Start importing Assets/PolygonPirates/Models/SM_Prop_Sign_Attachment_03.fbx using Guid(0aa820dc2fc1d9841891b6fa3558aba6) Importer(815301076,1909f56bfc062723c751e8b465ee728b)  -> (artifact id: 'bfddc70b4a5516367d781d4f7e986619') in 0.016374 seconds 
Number of asset objects unloaded after import = 7
========================================================================
Received Import Request.
  Time since last request: 0.000011 seconds.
  path: Assets/PolygonPirates/Models/ConvexCollisions/SM_Prop_Sign_Attachment_02_Convex.asset
  artifactKey: Guid(bebf6cf36d9d89644bd611c2fdb832a1) Importer(815301076,1909f56bfc062723c751e8b465ee728b)
Number of updated assets reloaded before import = 0
Start importing Assets/PolygonPirates/Models/ConvexCollisions/SM_Prop_Sign_Attachment_02_Convex.asset using Guid(bebf6cf36d9d89644bd611c2fdb832a1) Importer(815301076,1909f56bfc062723c751e8b465ee728b)  -> (artifact id: 'cf833a161eadd34e2aea50e2e1185a83') in 0.007035 seconds 
Number of asset objects unloaded after import = 1
========================================================================
Received Import Request.
  Time since last request: 0.000007 seconds.
  path: Assets/PolygonPirates/Models/SM_Prop_Sign_Attachment_01.fbx
  artifactKey: Guid(0c1f7ccc81e3afb4bb81d97898463675) Importer(815301076,1909f56bfc062723c751e8b465ee728b)
Number of updated assets reloaded before import = 0
Start importing Assets/PolygonPirates/Models/SM_Prop_Sign_Attachment_01.fbx using Guid(0c1f7ccc81e3afb4bb81d97898463675) Importer(815301076,1909f56bfc062723c751e8b465ee728b)  -> (artifact id: '73e15f4e51367bf20d495c073b09dcb1') in 0.008687 seconds 
Number of asset objects unloaded after import = 7
========================================================================
Received Import Request.
  Time since last request: 0.000007 seconds.
  path: Assets/PolygonPirates/Prefabs/Props/SM_Prop_Sign_Attachment_02.prefab
  artifactKey: Guid(21c2454ff732f88439ef7beddec73fa7) Importer(815301076,1909f56bfc062723c751e8b465ee728b)
Number of updated assets reloaded before import = 0
Start importing Assets/PolygonPirates/Prefabs/Props/SM_Prop_Sign_Attachment_02.prefab using Guid(21c2454ff732f88439ef7beddec73fa7) Importer(815301076,1909f56bfc062723c751e8b465ee728b)  -> (artifact id: 'ecbce35cc0815a209e0f726dd695be01') in 0.010057 seconds 
Number of asset objects unloaded after import = 12
========================================================================
Received Import Request.
  Time since last request: 0.000007 seconds.
  path: Assets/PolygonPirates/Prefabs/Props/SM_Prop_Sign_Attachment_03.prefab
  artifactKey: Guid(3af466f370080f14480ef5bab30d0139) Importer(815301076,1909f56bfc062723c751e8b465ee728b)
Number of updated assets reloaded before import = 0
Start importing Assets/PolygonPirates/Prefabs/Props/SM_Prop_Sign_Attachment_03.prefab using Guid(3af466f370080f14480ef5bab30d0139) Importer(815301076,1909f56bfc062723c751e8b465ee728b)  -> (artifact id: '0f14b1cffd5aaa1e929a82e15e424964') in 0.008341 seconds 
Number of asset objects unloaded after import = 12
========================================================================
Received Import Request.
  Time since last request: 0.000007 seconds.
  path: Assets/PolygonPirates/Prefabs/Props/SM_Prop_Sign_Attachment_01.prefab
  artifactKey: Guid(8634e1fd55204b0498a859184ffeab6e) Importer(815301076,1909f56bfc062723c751e8b465ee728b)
Number of updated assets reloaded before import = 0
Start importing Assets/PolygonPirates/Prefabs/Props/SM_Prop_Sign_Attachment_01.prefab using Guid(8634e1fd55204b0498a859184ffeab6e) Importer(815301076,1909f56bfc062723c751e8b465ee728b)  -> (artifact id: '3a1962d11d06eda086e4637d0ccc4532') in 0.007666 seconds 
Number of asset objects unloaded after import = 12
========================================================================
Received Prepare
Registering precompiled user dll's ...
Registered in 0.008192 seconds.
Begin MonoManager ReloadAssembly
Native extension for WindowsStandalone target not found
Refreshing native plugins compatible for Editor in 0.90 ms, found 3 plugins.
Preloading 0 native plugins for Editor in 0.00 ms.
Mono: successfully reloaded assembly
- Completed reload, in  0.872 seconds
Domain Reload Profiling:
	ReloadAssembly (873ms)
		BeginReloadAssembly (149ms)
			ExecutionOrderSort (0ms)
			DisableScriptedObjects (3ms)
			BackupInstance (0ms)
			ReleaseScriptingObjects (0ms)
			CreateAndSetChildDomain (23ms)
		EndReloadAssembly (643ms)
			LoadAssemblies (119ms)
			RebuildTransferFunctionScriptingTraits (0ms)
			SetupTypeCache (153ms)
			ReleaseScriptCaches (1ms)
			RebuildScriptCaches (25ms)
			SetupLoadedEditorAssemblies (356ms)
				LogAssemblyErrors (0ms)
				InitializePlatformSupportModulesInManaged (7ms)
				SetLoadedEditorAssemblies (0ms)
				RefreshPlugins (1ms)
				BeforeProcessingInitializeOnLoad (68ms)
				ProcessInitializeOnLoadAttributes (249ms)
				ProcessInitializeOnLoadMethodAttributes (15ms)
				AfterProcessingInitializeOnLoad (16ms)
				EditorAssembliesLoaded (0ms)
			ExecutionOrderSort2 (0ms)
			AwakeInstancesAfterBackupRestoration (4ms)
Platform modules already initialized, skipping
Refreshing native plugins compatible for Editor in 0.85 ms, found 3 plugins.
Preloading 0 native plugins for Editor in 0.00 ms.
Unloading 3976 Unused Serialized files (Serialized files now loaded: 0)
Unloading 43 unused Assets / (2.7 MB). Loaded Objects now: 4623.
Memory consumption went from 251.3 MB to 248.6 MB.
Total: 2.715500 ms (FindLiveObjects: 0.199400 ms CreateObjectMapping: 0.071100 ms MarkObjects: 1.932400 ms  DeleteObjects: 0.511900 ms)

AssetImportParameters requested are different than current active one (requested -> active):
  custom:video-decoder-ogg-theora: a1e56fd34408186e4bbccfd4996cb3dc -> 
  custom:container-muxer-webm: aa71ff27fc2769a1b78a27578f13a17b -> 
  custom:container-demuxer-webm: 4f35f7cbe854078d1ac9338744f61a02 -> 
  custom:video-encoder-webm-vp8: eb34c28f22e8b96e1ab97ce403110664 -> 
  custom:video-codec-MediaFoundation-h265: 746d11721c4dcdbdad8f713fa42b33f4 -> 
  custom:CustomObjectIndexerAttribute: bc11b3a6c3213fcdd17b65e7da85e133 -> 
  custom:audio-encoder-webm-vorbis: bf7c407c2cedff20999df2af8eb42d56 -> 
  custom:framework-win-MediaFoundation: 216162199b28c13a410421893ffa2e32 -> 
  custom:SearchIndexIgnoredProperties: e643bd26f0fe6173181afceb89e7c659 -> 
  custom:container-demuxer-ogg: 62fdf1f143b41e24485cea50d1cbac27 -> 
  custom:video-decoder-webm-vp8: 9c59270c3fd7afecdb556c50c9e8de78 -> 
  custom:audio-decoder-ogg-vorbis: bf7c407c2cedff20999df2af8eb42d56 -> 
========================================================================
Received Prepare
Registering precompiled user dll's ...
Registered in 0.008411 seconds.
Begin MonoManager ReloadAssembly
Native extension for WindowsStandalone target not found
Refreshing native plugins compatible for Editor in 0.87 ms, found 3 plugins.
Preloading 0 native plugins for Editor in 0.00 ms.
Mono: successfully reloaded assembly
- Completed reload, in  0.877 seconds
Domain Reload Profiling:
	ReloadAssembly (878ms)
		BeginReloadAssembly (153ms)
			ExecutionOrderSort (0ms)
			DisableScriptedObjects (3ms)
			BackupInstance (0ms)
			ReleaseScriptingObjects (0ms)
			CreateAndSetChildDomain (23ms)
		EndReloadAssembly (639ms)
			LoadAssemblies (124ms)
			RebuildTransferFunctionScriptingTraits (0ms)
			SetupTypeCache (160ms)
			ReleaseScriptCaches (1ms)
			RebuildScriptCaches (24ms)
			SetupLoadedEditorAssemblies (341ms)
				LogAssemblyErrors (0ms)
				InitializePlatformSupportModulesInManaged (6ms)
				SetLoadedEditorAssemblies (1ms)
				RefreshPlugins (1ms)
				BeforeProcessingInitializeOnLoad (67ms)
				ProcessInitializeOnLoadAttributes (234ms)
				ProcessInitializeOnLoadMethodAttributes (14ms)
				AfterProcessingInitializeOnLoad (18ms)
				EditorAssembliesLoaded (0ms)
			ExecutionOrderSort2 (0ms)
			AwakeInstancesAfterBackupRestoration (4ms)
Platform modules already initialized, skipping
Refreshing native plugins compatible for Editor in 0.85 ms, found 3 plugins.
Preloading 0 native plugins for Editor in 0.00 ms.
Unloading 3976 Unused Serialized files (Serialized files now loaded: 0)
Unloading 43 unused Assets / (2.7 MB). Loaded Objects now: 4626.
Memory consumption went from 251.3 MB to 248.6 MB.
Total: 2.800600 ms (FindLiveObjects: 0.220100 ms CreateObjectMapping: 0.098700 ms MarkObjects: 2.110700 ms  DeleteObjects: 0.370600 ms)

AssetImportParameters requested are different than current active one (requested -> active):
  custom:video-decoder-ogg-theora: a1e56fd34408186e4bbccfd4996cb3dc -> 
  custom:container-muxer-webm: aa71ff27fc2769a1b78a27578f13a17b -> 
  custom:container-demuxer-webm: 4f35f7cbe854078d1ac9338744f61a02 -> 
  custom:video-encoder-webm-vp8: eb34c28f22e8b96e1ab97ce403110664 -> 
  custom:video-codec-MediaFoundation-h265: 746d11721c4dcdbdad8f713fa42b33f4 -> 
  custom:CustomObjectIndexerAttribute: bc11b3a6c3213fcdd17b65e7da85e133 -> 
  custom:audio-encoder-webm-vorbis: bf7c407c2cedff20999df2af8eb42d56 -> 
  custom:framework-win-MediaFoundation: 216162199b28c13a410421893ffa2e32 -> 
  custom:SearchIndexIgnoredProperties: e643bd26f0fe6173181afceb89e7c659 -> 
  custom:container-demuxer-ogg: 62fdf1f143b41e24485cea50d1cbac27 -> 
  custom:video-decoder-webm-vp8: 9c59270c3fd7afecdb556c50c9e8de78 -> 
  custom:audio-decoder-ogg-vorbis: bf7c407c2cedff20999df2af8eb42d56 -> 
========================================================================
Received Prepare
Registering precompiled user dll's ...
Registered in 0.009513 seconds.
Begin MonoManager ReloadAssembly
Native extension for WindowsStandalone target not found
Refreshing native plugins compatible for Editor in 0.80 ms, found 3 plugins.
Preloading 0 native plugins for Editor in 0.00 ms.
Mono: successfully reloaded assembly
- Completed reload, in  0.858 seconds
Domain Reload Profiling:
	ReloadAssembly (858ms)
		BeginReloadAssembly (148ms)
			ExecutionOrderSort (0ms)
			DisableScriptedObjects (3ms)
			BackupInstance (0ms)
			ReleaseScriptingObjects (0ms)
			CreateAndSetChildDomain (22ms)
		EndReloadAssembly (631ms)
			LoadAssemblies (121ms)
			RebuildTransferFunctionScriptingTraits (0ms)
			SetupTypeCache (156ms)
			ReleaseScriptCaches (1ms)
			RebuildScriptCaches (25ms)
			SetupLoadedEditorAssemblies (339ms)
				LogAssemblyErrors (0ms)
				InitializePlatformSupportModulesInManaged (6ms)
				SetLoadedEditorAssemblies (0ms)
				RefreshPlugins (1ms)
				BeforeProcessingInitializeOnLoad (68ms)
				ProcessInitializeOnLoadAttributes (232ms)
				ProcessInitializeOnLoadMethodAttributes (14ms)
				AfterProcessingInitializeOnLoad (18ms)
				EditorAssembliesLoaded (0ms)
			ExecutionOrderSort2 (0ms)
			AwakeInstancesAfterBackupRestoration (5ms)
Platform modules already initialized, skipping
Refreshing native plugins compatible for Editor in 0.79 ms, found 3 plugins.
Preloading 0 native plugins for Editor in 0.00 ms.
Unloading 3976 Unused Serialized files (Serialized files now loaded: 0)
Unloading 43 unused Assets / (2.7 MB). Loaded Objects now: 4629.
Memory consumption went from 251.3 MB to 248.6 MB.
Total: 2.490300 ms (FindLiveObjects: 0.180900 ms CreateObjectMapping: 0.063300 ms MarkObjects: 1.886600 ms  DeleteObjects: 0.358900 ms)

AssetImportParameters requested are different than current active one (requested -> active):
  custom:video-decoder-ogg-theora: a1e56fd34408186e4bbccfd4996cb3dc -> 
  custom:container-muxer-webm: aa71ff27fc2769a1b78a27578f13a17b -> 
  custom:container-demuxer-webm: 4f35f7cbe854078d1ac9338744f61a02 -> 
  custom:video-encoder-webm-vp8: eb34c28f22e8b96e1ab97ce403110664 -> 
  custom:video-codec-MediaFoundation-h265: 746d11721c4dcdbdad8f713fa42b33f4 -> 
  custom:CustomObjectIndexerAttribute: bc11b3a6c3213fcdd17b65e7da85e133 -> 
  custom:audio-encoder-webm-vorbis: bf7c407c2cedff20999df2af8eb42d56 -> 
  custom:framework-win-MediaFoundation: 216162199b28c13a410421893ffa2e32 -> 
  custom:SearchIndexIgnoredProperties: e643bd26f0fe6173181afceb89e7c659 -> 
  custom:container-demuxer-ogg: 62fdf1f143b41e24485cea50d1cbac27 -> 
  custom:video-decoder-webm-vp8: 9c59270c3fd7afecdb556c50c9e8de78 -> 
  custom:audio-decoder-ogg-vorbis: bf7c407c2cedff20999df2af8eb42d56 -> 
========================================================================
Received Import Request.
  Time since last request: 212.083996 seconds.
  path: ProjectSettings/TagManager.asset
  artifactKey: Guid(00000000000000003000000000000000) Importer(815301076,1909f56bfc062723c751e8b465ee728b)
Number of updated assets reloaded before import = 0
Start importing ProjectSettings/TagManager.asset using Guid(00000000000000003000000000000000) Importer(815301076,1909f56bfc062723c751e8b465ee728b)  -> (artifact id: '918499983e0f2d071cee925fc22bbf9e') in 0.011451 seconds 
Number of asset objects unloaded after import = 0
========================================================================
Received Import Request.
  Time since last request: 51.985949 seconds.
  path: Assets/Minigames/Shooting range/prefabs/Bottle 2.prefab
  artifactKey: Guid(d24d1ce4db0d9d442aa15f19becb8163) Importer(815301076,1909f56bfc062723c751e8b465ee728b)
Number of updated assets reloaded before import = 0
Start importing Assets/Minigames/Shooting range/prefabs/Bottle 2.prefab using Guid(d24d1ce4db0d9d442aa15f19becb8163) Importer(815301076,1909f56bfc062723c751e8b465ee728b)  -> (artifact id: 'dcd930c4691e6389cc5527e9253f061b') in 0.010053 seconds 
Number of asset objects unloaded after import = 4
========================================================================
Received Import Request.
  Time since last request: 74.861322 seconds.
  path: Assets/Minigames/Shooting range/prefabs/Bottle 2.prefab
  artifactKey: Guid(d24d1ce4db0d9d442aa15f19becb8163) Importer(815301076,1909f56bfc062723c751e8b465ee728b)
Number of updated assets reloaded before import = 0
Start importing Assets/Minigames/Shooting range/prefabs/Bottle 2.prefab using Guid(d24d1ce4db0d9d442aa15f19becb8163) Importer(815301076,1909f56bfc062723c751e8b465ee728b)  -> (artifact id: '77ec614686b1da19cabce812e4125568') in 0.031440 seconds 
Number of asset objects unloaded after import = 21
========================================================================
Received Import Request.
  Time since last request: 1.965600 seconds.
  path: Assets/Minigames/Shooting range/prefabs/Bottle 2.prefab
  artifactKey: Guid(d24d1ce4db0d9d442aa15f19becb8163) Importer(815301076,1909f56bfc062723c751e8b465ee728b)
Number of updated assets reloaded before import = 0
Start importing Assets/Minigames/Shooting range/prefabs/Bottle 2.prefab using Guid(d24d1ce4db0d9d442aa15f19becb8163) Importer(815301076,1909f56bfc062723c751e8b465ee728b)  -> (artifact id: '612f5374ccf1fe2afec2ce8cdfc1ef64') in 0.010139 seconds 
Number of asset objects unloaded after import = 21
========================================================================
Received Import Request.
  Time since last request: 0.397738 seconds.
  path: Assets/Minigames/Shooting range/prefabs/Bottle 2.prefab
  artifactKey: Guid(d24d1ce4db0d9d442aa15f19becb8163) Importer(815301076,1909f56bfc062723c751e8b465ee728b)
Number of updated assets reloaded before import = 0
Start importing Assets/Minigames/Shooting range/prefabs/Bottle 2.prefab using Guid(d24d1ce4db0d9d442aa15f19becb8163) Importer(815301076,1909f56bfc062723c751e8b465ee728b)  -> (artifact id: '868ebe34bfa8272dad48b7dbd72ffb96') in 0.010583 seconds 
Number of asset objects unloaded after import = 21
========================================================================
Received Import Request.
  Time since last request: 2.206629 seconds.
  path: Assets/Minigames/Shooting range/prefabs/Bottle 2.prefab
  artifactKey: Guid(d24d1ce4db0d9d442aa15f19becb8163) Importer(815301076,1909f56bfc062723c751e8b465ee728b)
Number of updated assets reloaded before import = 0
Start importing Assets/Minigames/Shooting range/prefabs/Bottle 2.prefab using Guid(d24d1ce4db0d9d442aa15f19becb8163) Importer(815301076,1909f56bfc062723c751e8b465ee728b)  -> (artifact id: '6eb3c45e765deb57cb7ad0e889627474') in 0.010017 seconds 
Number of asset objects unloaded after import = 21
========================================================================
Received Import Request.
  Time since last request: 0.799947 seconds.
  path: Assets/Minigames/Shooting range/prefabs/Bottle 2.prefab
  artifactKey: Guid(d24d1ce4db0d9d442aa15f19becb8163) Importer(815301076,1909f56bfc062723c751e8b465ee728b)
Number of updated assets reloaded before import = 0
Start importing Assets/Minigames/Shooting range/prefabs/Bottle 2.prefab using Guid(d24d1ce4db0d9d442aa15f19becb8163) Importer(815301076,1909f56bfc062723c751e8b465ee728b)  -> (artifact id: 'b4e561bdfedf1eef6b3b2eb1cbd9b59f') in 0.009614 seconds 
Number of asset objects unloaded after import = 21
========================================================================
Received Import Request.
  Time since last request: 2.008278 seconds.
  path: Assets/Minigames/Shooting range/prefabs/Bottle 2.prefab
  artifactKey: Guid(d24d1ce4db0d9d442aa15f19becb8163) Importer(815301076,1909f56bfc062723c751e8b465ee728b)
Number of updated assets reloaded before import = 0
Start importing Assets/Minigames/Shooting range/prefabs/Bottle 2.prefab using Guid(d24d1ce4db0d9d442aa15f19becb8163) Importer(815301076,1909f56bfc062723c751e8b465ee728b)  -> (artifact id: '563d3b1e81b52a4b9a83839a8b43b0dd') in 0.009147 seconds 
Number of asset objects unloaded after import = 21
========================================================================
Received Import Request.
  Time since last request: 10.491687 seconds.
  path: Assets/Minigames/Shooting range/prefabs/Bottle 2.prefab
  artifactKey: Guid(d24d1ce4db0d9d442aa15f19becb8163) Importer(815301076,1909f56bfc062723c751e8b465ee728b)
Number of updated assets reloaded before import = 0
Start importing Assets/Minigames/Shooting range/prefabs/Bottle 2.prefab using Guid(d24d1ce4db0d9d442aa15f19becb8163) Importer(815301076,1909f56bfc062723c751e8b465ee728b)  -> (artifact id: '519a76e59583f00595aba187b6bf78ad') in 0.012174 seconds 
Number of asset objects unloaded after import = 28
========================================================================
Received Import Request.
  Time since last request: 5.625851 seconds.
  path: Assets/Minigames/Shooting range/prefabs/Bottle 2.prefab
  artifactKey: Guid(d24d1ce4db0d9d442aa15f19becb8163) Importer(815301076,1909f56bfc062723c751e8b465ee728b)
Number of updated assets reloaded before import = 0
Start importing Assets/Minigames/Shooting range/prefabs/Bottle 2.prefab using Guid(d24d1ce4db0d9d442aa15f19becb8163) Importer(815301076,1909f56bfc062723c751e8b465ee728b)  -> (artifact id: '232e15ac65a54258943ba7f58981dd5d') in 0.010103 seconds 
Number of asset objects unloaded after import = 28
========================================================================
Received Import Request.
  Time since last request: 16.262139 seconds.
  path: Assets/Minigames/Shooting range/prefabs/Bottle 2.prefab
  artifactKey: Guid(d24d1ce4db0d9d442aa15f19becb8163) Importer(815301076,1909f56bfc062723c751e8b465ee728b)
Number of updated assets reloaded before import = 0
Start importing Assets/Minigames/Shooting range/prefabs/Bottle 2.prefab using Guid(d24d1ce4db0d9d442aa15f19becb8163) Importer(815301076,1909f56bfc062723c751e8b465ee728b)  -> (artifact id: 'c7d66bcd9ea08cb9e5aaba049d2f5601') in 0.016788 seconds 
Number of asset objects unloaded after import = 28
========================================================================
Received Import Request.
  Time since last request: 17.876606 seconds.
  path: Assets/Minigames/Shooting range/prefabs/BrokenBottle 2.prefab
  artifactKey: Guid(fffcff0929a89614bbc012d096784304) Importer(815301076,1909f56bfc062723c751e8b465ee728b)
Number of updated assets reloaded before import = 0
Start importing Assets/Minigames/Shooting range/prefabs/BrokenBottle 2.prefab using Guid(fffcff0929a89614bbc012d096784304) Importer(815301076,1909f56bfc062723c751e8b465ee728b)  -> (artifact id: 'ede19e847803c6a21dc3de3fa828c0fd') in 0.003303 seconds 
Number of asset objects unloaded after import = 4
========================================================================
Received Import Request.
  Time since last request: 14.282292 seconds.
  path: Assets/Minigames/Shooting range/prefabs/BrokenBottle 2.prefab
  artifactKey: Guid(fffcff0929a89614bbc012d096784304) Importer(815301076,1909f56bfc062723c751e8b465ee728b)
Number of updated assets reloaded before import = 0
Start importing Assets/Minigames/Shooting range/prefabs/BrokenBottle 2.prefab using Guid(fffcff0929a89614bbc012d096784304) Importer(815301076,1909f56bfc062723c751e8b465ee728b)  -> (artifact id: '155f35ff54a2536a49cef664a8a81ba5') in 0.010671 seconds 
Number of asset objects unloaded after import = 21
========================================================================
Received Import Request.
  Time since last request: 0.589103 seconds.
  path: Assets/Minigames/Shooting range/prefabs/BrokenBottle 2.prefab
  artifactKey: Guid(fffcff0929a89614bbc012d096784304) Importer(815301076,1909f56bfc062723c751e8b465ee728b)
Number of updated assets reloaded before import = 0
Start importing Assets/Minigames/Shooting range/prefabs/BrokenBottle 2.prefab using Guid(fffcff0929a89614bbc012d096784304) Importer(815301076,1909f56bfc062723c751e8b465ee728b)  -> (artifact id: '74d6184723f79883fa38877419f000fc') in 0.011838 seconds 
Number of asset objects unloaded after import = 35
========================================================================
Received Import Request.
  Time since last request: 4.220148 seconds.
  path: Assets/Minigames/Shooting range/prefabs/BrokenBottle 2.prefab
  artifactKey: Guid(fffcff0929a89614bbc012d096784304) Importer(815301076,1909f56bfc062723c751e8b465ee728b)
Number of updated assets reloaded before import = 0
Start importing Assets/Minigames/Shooting range/prefabs/BrokenBottle 2.prefab using Guid(fffcff0929a89614bbc012d096784304) Importer(815301076,1909f56bfc062723c751e8b465ee728b)  -> (artifact id: '3a9b2244e88ec7633fe9e2dd129d271d') in 0.011444 seconds 
Number of asset objects unloaded after import = 35
========================================================================
Received Import Request.
  Time since last request: 0.394774 seconds.
  path: Assets/Minigames/Shooting range/prefabs/BrokenBottle 2.prefab
  artifactKey: Guid(fffcff0929a89614bbc012d096784304) Importer(815301076,1909f56bfc062723c751e8b465ee728b)
Number of updated assets reloaded before import = 0
Start importing Assets/Minigames/Shooting range/prefabs/BrokenBottle 2.prefab using Guid(fffcff0929a89614bbc012d096784304) Importer(815301076,1909f56bfc062723c751e8b465ee728b)  -> (artifact id: '2895f04be0d95c7658679ab31aa60e51') in 0.011103 seconds 
Number of asset objects unloaded after import = 35
========================================================================
Received Import Request.
  Time since last request: 1.593583 seconds.
  path: Assets/Minigames/Shooting range/prefabs/BrokenBottle 2.prefab
  artifactKey: Guid(fffcff0929a89614bbc012d096784304) Importer(815301076,1909f56bfc062723c751e8b465ee728b)
Number of updated assets reloaded before import = 0
Start importing Assets/Minigames/Shooting range/prefabs/BrokenBottle 2.prefab using Guid(fffcff0929a89614bbc012d096784304) Importer(815301076,1909f56bfc062723c751e8b465ee728b)  -> (artifact id: 'fa395a13534d21f646fff86fec2ed21d') in 0.011249 seconds 
Number of asset objects unloaded after import = 35
========================================================================
Received Import Request.
  Time since last request: 0.984235 seconds.
  path: Assets/Minigames/Shooting range/prefabs/BrokenBottle 2.prefab
  artifactKey: Guid(fffcff0929a89614bbc012d096784304) Importer(815301076,1909f56bfc062723c751e8b465ee728b)
Number of updated assets reloaded before import = 0
Start importing Assets/Minigames/Shooting range/prefabs/BrokenBottle 2.prefab using Guid(fffcff0929a89614bbc012d096784304) Importer(815301076,1909f56bfc062723c751e8b465ee728b)  -> (artifact id: 'bb26080da35fc5def91fbe0d24b568d0') in 0.011840 seconds 
Number of asset objects unloaded after import = 35
========================================================================
Received Import Request.
  Time since last request: 2.217804 seconds.
  path: Assets/Minigames/Shooting range/prefabs/BrokenBottle 2.prefab
  artifactKey: Guid(fffcff0929a89614bbc012d096784304) Importer(815301076,1909f56bfc062723c751e8b465ee728b)
Number of updated assets reloaded before import = 0
Start importing Assets/Minigames/Shooting range/prefabs/BrokenBottle 2.prefab using Guid(fffcff0929a89614bbc012d096784304) Importer(815301076,1909f56bfc062723c751e8b465ee728b)  -> (artifact id: '32cd5b7262708aa17cdd87de8d39fe97') in 0.011142 seconds 
Number of asset objects unloaded after import = 35
========================================================================
Received Import Request.
  Time since last request: 6.087789 seconds.
  path: Assets/Minigames/Shooting range/prefabs/BrokenBottle 2.prefab
  artifactKey: Guid(fffcff0929a89614bbc012d096784304) Importer(815301076,1909f56bfc062723c751e8b465ee728b)
Number of updated assets reloaded before import = 0
Start importing Assets/Minigames/Shooting range/prefabs/BrokenBottle 2.prefab using Guid(fffcff0929a89614bbc012d096784304) Importer(815301076,1909f56bfc062723c751e8b465ee728b)  -> (artifact id: '24e48a19dd2e074eed00ce708d3276f9') in 0.011110 seconds 
Number of asset objects unloaded after import = 35
========================================================================
Received Import Request.
  Time since last request: 6.272360 seconds.
  path: Assets/Minigames/Shooting range/prefabs/BrokenBottle 2.prefab
  artifactKey: Guid(fffcff0929a89614bbc012d096784304) Importer(815301076,1909f56bfc062723c751e8b465ee728b)
Number of updated assets reloaded before import = 0
Start importing Assets/Minigames/Shooting range/prefabs/BrokenBottle 2.prefab using Guid(fffcff0929a89614bbc012d096784304) Importer(815301076,1909f56bfc062723c751e8b465ee728b)  -> (artifact id: 'b672eefd6fb2b9cc38a86d7079a35595') in 0.011056 seconds 
Number of asset objects unloaded after import = 35
========================================================================
Received Import Request.
  Time since last request: 4.233018 seconds.
  path: Assets/Minigames/Shooting range/prefabs/BrokenBottle 2.prefab
  artifactKey: Guid(fffcff0929a89614bbc012d096784304) Importer(815301076,1909f56bfc062723c751e8b465ee728b)
Number of updated assets reloaded before import = 0
Start importing Assets/Minigames/Shooting range/prefabs/BrokenBottle 2.prefab using Guid(fffcff0929a89614bbc012d096784304) Importer(815301076,1909f56bfc062723c751e8b465ee728b)  -> (artifact id: '60e21dc09e0251687728f0118e12dae4') in 0.012175 seconds 
Number of asset objects unloaded after import = 35
========================================================================
Received Import Request.
  Time since last request: 10.714238 seconds.
  path: Assets/Minigames/Shooting range/prefabs/BrokenBottle 2.prefab
  artifactKey: Guid(fffcff0929a89614bbc012d096784304) Importer(815301076,1909f56bfc062723c751e8b465ee728b)
Number of updated assets reloaded before import = 0
Start importing Assets/Minigames/Shooting range/prefabs/BrokenBottle 2.prefab using Guid(fffcff0929a89614bbc012d096784304) Importer(815301076,1909f56bfc062723c751e8b465ee728b)  -> (artifact id: '0a044baa778265a2e389c5caeedede71') in 0.011041 seconds 
Number of asset objects unloaded after import = 35
========================================================================
Received Import Request.
  Time since last request: 5.823420 seconds.
  path: Assets/Minigames/Shooting range/prefabs/BrokenBottle 2.prefab
  artifactKey: Guid(fffcff0929a89614bbc012d096784304) Importer(815301076,1909f56bfc062723c751e8b465ee728b)
Number of updated assets reloaded before import = 0
Start importing Assets/Minigames/Shooting range/prefabs/BrokenBottle 2.prefab using Guid(fffcff0929a89614bbc012d096784304) Importer(815301076,1909f56bfc062723c751e8b465ee728b)  -> (artifact id: '263c7ffc73ca80f19cd9a09542a43ee0') in 0.010717 seconds 
Number of asset objects unloaded after import = 35
========================================================================
Received Import Request.
  Time since last request: 12.902357 seconds.
  path: Assets/Minigames/Shooting range/prefabs/BrokenBottle 2.prefab
  artifactKey: Guid(fffcff0929a89614bbc012d096784304) Importer(815301076,1909f56bfc062723c751e8b465ee728b)
Number of updated assets reloaded before import = 0
Start importing Assets/Minigames/Shooting range/prefabs/BrokenBottle 2.prefab using Guid(fffcff0929a89614bbc012d096784304) Importer(815301076,1909f56bfc062723c751e8b465ee728b)  -> (artifact id: 'b9226291c488cd062bdca3b328b5a58f') in 0.010747 seconds 
Number of asset objects unloaded after import = 36
========================================================================
Received Import Request.
  Time since last request: 1.395863 seconds.
  path: Assets/Minigames/Shooting range/prefabs/BrokenBottle 2.prefab
  artifactKey: Guid(fffcff0929a89614bbc012d096784304) Importer(815301076,1909f56bfc062723c751e8b465ee728b)
Number of updated assets reloaded before import = 0
Start importing Assets/Minigames/Shooting range/prefabs/BrokenBottle 2.prefab using Guid(fffcff0929a89614bbc012d096784304) Importer(815301076,1909f56bfc062723c751e8b465ee728b)  -> (artifact id: '51c8d173294a0ae6cb7dbf4293ceafe5') in 0.010639 seconds 
Number of asset objects unloaded after import = 36
========================================================================
Received Import Request.
  Time since last request: 17.130736 seconds.
  path: Assets/Minigames/Shooting range/prefabs/BrokenBottle.prefab
  artifactKey: Guid(65852b6f7133eda4881e15622626aa78) Importer(815301076,1909f56bfc062723c751e8b465ee728b)
Number of updated assets reloaded before import = 0
Start importing Assets/Minigames/Shooting range/prefabs/BrokenBottle.prefab using Guid(65852b6f7133eda4881e15622626aa78) Importer(815301076,1909f56bfc062723c751e8b465ee728b)  -> (artifact id: 'f5234a8d5095d5056dfa47a9709ab231') in 0.011585 seconds 
Number of asset objects unloaded after import = 36
========================================================================
Received Import Request.
  Time since last request: 13.359866 seconds.
  path: Assets/Minigames/Shooting range/prefabs/Bottle.prefab
  artifactKey: Guid(6e6a0268618f6c24088094cc8affcb9c) Importer(815301076,1909f56bfc062723c751e8b465ee728b)
Number of updated assets reloaded before import = 0
Start importing Assets/Minigames/Shooting range/prefabs/Bottle.prefab using Guid(6e6a0268618f6c24088094cc8affcb9c) Importer(815301076,1909f56bfc062723c751e8b465ee728b)  -> (artifact id: 'a0eb1b19904e68c50cf654f6905e3e87') in 0.013988 seconds 
Number of asset objects unloaded after import = 60
========================================================================
Received Import Request.
  Time since last request: 16.539679 seconds.
  path: Assets/Minigames/Shooting range/prefabs/Bottle 2.prefab
  artifactKey: Guid(d24d1ce4db0d9d442aa15f19becb8163) Importer(815301076,1909f56bfc062723c751e8b465ee728b)
Number of updated assets reloaded before import = 0
Start importing Assets/Minigames/Shooting range/prefabs/Bottle 2.prefab using Guid(d24d1ce4db0d9d442aa15f19becb8163) Importer(815301076,1909f56bfc062723c751e8b465ee728b)  -> (artifact id: '06eb46676f03ccf6c8bb9194a1220216') in 0.012515 seconds 
Number of asset objects unloaded after import = 29
========================================================================
Received Import Request.
  Time since last request: 7.154780 seconds.
  path: Assets/Minigames/Shooting range/prefabs/Bottle 2.prefab
  artifactKey: Guid(d24d1ce4db0d9d442aa15f19becb8163) Importer(815301076,1909f56bfc062723c751e8b465ee728b)
Number of updated assets reloaded before import = 0
Start importing Assets/Minigames/Shooting range/prefabs/Bottle 2.prefab using Guid(d24d1ce4db0d9d442aa15f19becb8163) Importer(815301076,1909f56bfc062723c751e8b465ee728b)  -> (artifact id: 'fc35bf39486a13c98a24b000ae7af449') in 0.013703 seconds 
Number of asset objects unloaded after import = 29
========================================================================
Received Import Request.
  Time since last request: 4.083784 seconds.
  path: Assets/Minigames/Shooting range/prefabs/Bottle 2.prefab
  artifactKey: Guid(d24d1ce4db0d9d442aa15f19becb8163) Importer(815301076,1909f56bfc062723c751e8b465ee728b)
Number of updated assets reloaded before import = 0
Start importing Assets/Minigames/Shooting range/prefabs/Bottle 2.prefab using Guid(d24d1ce4db0d9d442aa15f19becb8163) Importer(815301076,1909f56bfc062723c751e8b465ee728b)  -> (artifact id: '6c6adc11cb6d24a90c39e65445a7b628') in 0.014422 seconds 
Number of asset objects unloaded after import = 61
========================================================================
Received Import Request.
  Time since last request: 42.142542 seconds.
  path: Assets/Minigames/Shooting range/prefabs/Bottle 2.prefab
  artifactKey: Guid(d24d1ce4db0d9d442aa15f19becb8163) Importer(815301076,1909f56bfc062723c751e8b465ee728b)
Number of updated assets reloaded before import = 0
Start importing Assets/Minigames/Shooting range/prefabs/Bottle 2.prefab using Guid(d24d1ce4db0d9d442aa15f19becb8163) Importer(815301076,1909f56bfc062723c751e8b465ee728b)  -> (artifact id: '0be86b4cbf5a0a3fe251f70464afbd81') in 0.017909 seconds 
Number of asset objects unloaded after import = 61
========================================================================
Received Import Request.
  Time since last request: 0.000009 seconds.
  path: Assets/Minigames/Shooting range/prefabs/BrokenBottle.prefab
  artifactKey: Guid(65852b6f7133eda4881e15622626aa78) Importer(815301076,1909f56bfc062723c751e8b465ee728b)
Number of updated assets reloaded before import = 0
Start importing Assets/Minigames/Shooting range/prefabs/BrokenBottle.prefab using Guid(65852b6f7133eda4881e15622626aa78) Importer(815301076,1909f56bfc062723c751e8b465ee728b)  -> (artifact id: 'f82f2d284d0a6200b82bce0920c6d676') in 0.010834 seconds 
Number of asset objects unloaded after import = 36
========================================================================
Received Import Request.
  Time since last request: 0.000009 seconds.
  path: Assets/Minigames/Shooting range/prefabs/BrokenBottle 2.prefab
  artifactKey: Guid(fffcff0929a89614bbc012d096784304) Importer(815301076,1909f56bfc062723c751e8b465ee728b)
Number of updated assets reloaded before import = 0
Start importing Assets/Minigames/Shooting range/prefabs/BrokenBottle 2.prefab using Guid(fffcff0929a89614bbc012d096784304) Importer(815301076,1909f56bfc062723c751e8b465ee728b)  -> (artifact id: '9169de20b4c2e11cb47233fdca6db52d') in 0.010342 seconds 
Number of asset objects unloaded after import = 36
========================================================================
Received Prepare
Registering precompiled user dll's ...
Registered in 0.011933 seconds.
Begin MonoManager ReloadAssembly
Native extension for WindowsStandalone target not found
Refreshing native plugins compatible for Editor in 1.23 ms, found 3 plugins.
Preloading 0 native plugins for Editor in 0.00 ms.
Mono: successfully reloaded assembly
- Completed reload, in  1.208 seconds
Domain Reload Profiling:
	ReloadAssembly (1208ms)
		BeginReloadAssembly (199ms)
			ExecutionOrderSort (0ms)
			DisableScriptedObjects (3ms)
			BackupInstance (0ms)
			ReleaseScriptingObjects (0ms)
			CreateAndSetChildDomain (28ms)
		EndReloadAssembly (886ms)
			LoadAssemblies (157ms)
			RebuildTransferFunctionScriptingTraits (0ms)
			SetupTypeCache (236ms)
			ReleaseScriptCaches (1ms)
			RebuildScriptCaches (36ms)
			SetupLoadedEditorAssemblies (470ms)
				LogAssemblyErrors (0ms)
				InitializePlatformSupportModulesInManaged (8ms)
				SetLoadedEditorAssemblies (0ms)
				RefreshPlugins (1ms)
				BeforeProcessingInitializeOnLoad (98ms)
				ProcessInitializeOnLoadAttributes (320ms)
				ProcessInitializeOnLoadMethodAttributes (17ms)
				AfterProcessingInitializeOnLoad (25ms)
				EditorAssembliesLoaded (0ms)
			ExecutionOrderSort2 (0ms)
			AwakeInstancesAfterBackupRestoration (5ms)
Platform modules already initialized, skipping
Refreshing native plugins compatible for Editor in 0.88 ms, found 3 plugins.
Preloading 0 native plugins for Editor in 0.00 ms.
Unloading 3976 Unused Serialized files (Serialized files now loaded: 0)
Unloading 44 unused Assets / (2.7 MB). Loaded Objects now: 4632.
Memory consumption went from 251.4 MB to 248.7 MB.
Total: 2.974000 ms (FindLiveObjects: 0.191100 ms CreateObjectMapping: 0.062000 ms MarkObjects: 2.237700 ms  DeleteObjects: 0.482500 ms)

AssetImportParameters requested are different than current active one (requested -> active):
  custom:video-decoder-ogg-theora: a1e56fd34408186e4bbccfd4996cb3dc -> 
  custom:container-muxer-webm: aa71ff27fc2769a1b78a27578f13a17b -> 
  custom:container-demuxer-webm: 4f35f7cbe854078d1ac9338744f61a02 -> 
  custom:video-encoder-webm-vp8: eb34c28f22e8b96e1ab97ce403110664 -> 
  custom:video-codec-MediaFoundation-h265: 746d11721c4dcdbdad8f713fa42b33f4 -> 
  custom:CustomObjectIndexerAttribute: bc11b3a6c3213fcdd17b65e7da85e133 -> 
  custom:audio-encoder-webm-vorbis: bf7c407c2cedff20999df2af8eb42d56 -> 
  custom:framework-win-MediaFoundation: 216162199b28c13a410421893ffa2e32 -> 
  custom:SearchIndexIgnoredProperties: e643bd26f0fe6173181afceb89e7c659 -> 
  custom:container-demuxer-ogg: 62fdf1f143b41e24485cea50d1cbac27 -> 
  custom:video-decoder-webm-vp8: 9c59270c3fd7afecdb556c50c9e8de78 -> 
  custom:audio-decoder-ogg-vorbis: bf7c407c2cedff20999df2af8eb42d56 -> 
========================================================================
Received Import Request.
  Time since last request: 110.339210 seconds.
  path: Assets/Minigames/Shooting range/ShootingRangeManager.cs
  artifactKey: Guid(18b46b0d5536f754b992991a279b4c37) Importer(815301076,1909f56bfc062723c751e8b465ee728b)
Number of updated assets reloaded before import = 0
Start importing Assets/Minigames/Shooting range/ShootingRangeManager.cs using Guid(18b46b0d5536f754b992991a279b4c37) Importer(815301076,1909f56bfc062723c751e8b465ee728b)  -> (artifact id: '91369aacb6d9bc18d3cbe3c68efdc4ff') in 0.006577 seconds 
Number of asset objects unloaded after import = 0
========================================================================
Received Import Request.
  Time since last request: 12.796872 seconds.
  path: Assets/Minigames/Shooting range/prefabs/Bottle.prefab
  artifactKey: Guid(6e6a0268618f6c24088094cc8affcb9c) Importer(815301076,1909f56bfc062723c751e8b465ee728b)
Number of updated assets reloaded before import = 0
Start importing Assets/Minigames/Shooting range/prefabs/Bottle.prefab using Guid(6e6a0268618f6c24088094cc8affcb9c) Importer(815301076,1909f56bfc062723c751e8b465ee728b)  -> (artifact id: '4573580c470509ccf6df8355469855e2') in 0.042512 seconds 
Number of asset objects unloaded after import = 60
========================================================================
Received Prepare
Registering precompiled user dll's ...
Registered in 0.007756 seconds.
Begin MonoManager ReloadAssembly
Native extension for WindowsStandalone target not found
Refreshing native plugins compatible for Editor in 0.81 ms, found 3 plugins.
Preloading 0 native plugins for Editor in 0.00 ms.
Mono: successfully reloaded assembly
- Completed reload, in  0.888 seconds
Domain Reload Profiling:
	ReloadAssembly (888ms)
		BeginReloadAssembly (153ms)
			ExecutionOrderSort (0ms)
			DisableScriptedObjects (3ms)
			BackupInstance (0ms)
			ReleaseScriptingObjects (0ms)
			CreateAndSetChildDomain (23ms)
		EndReloadAssembly (649ms)
			LoadAssemblies (127ms)
			RebuildTransferFunctionScriptingTraits (0ms)
			SetupTypeCache (160ms)
			ReleaseScriptCaches (1ms)
			RebuildScriptCaches (25ms)
			SetupLoadedEditorAssemblies (348ms)
				LogAssemblyErrors (0ms)
				InitializePlatformSupportModulesInManaged (6ms)
				SetLoadedEditorAssemblies (0ms)
				RefreshPlugins (1ms)
				BeforeProcessingInitializeOnLoad (70ms)
				ProcessInitializeOnLoadAttributes (237ms)
				ProcessInitializeOnLoadMethodAttributes (14ms)
				AfterProcessingInitializeOnLoad (19ms)
				EditorAssembliesLoaded (0ms)
			ExecutionOrderSort2 (0ms)
			AwakeInstancesAfterBackupRestoration (4ms)
Platform modules already initialized, skipping
Refreshing native plugins compatible for Editor in 0.79 ms, found 3 plugins.
Preloading 0 native plugins for Editor in 0.00 ms.
Unloading 3976 Unused Serialized files (Serialized files now loaded: 0)
Unloading 43 unused Assets / (2.7 MB). Loaded Objects now: 4635.
Memory consumption went from 251.4 MB to 248.7 MB.
Total: 2.448800 ms (FindLiveObjects: 0.200200 ms CreateObjectMapping: 0.069000 ms MarkObjects: 1.805700 ms  DeleteObjects: 0.373300 ms)

AssetImportParameters requested are different than current active one (requested -> active):
  custom:video-decoder-ogg-theora: a1e56fd34408186e4bbccfd4996cb3dc -> 
  custom:container-muxer-webm: aa71ff27fc2769a1b78a27578f13a17b -> 
  custom:container-demuxer-webm: 4f35f7cbe854078d1ac9338744f61a02 -> 
  custom:video-encoder-webm-vp8: eb34c28f22e8b96e1ab97ce403110664 -> 
  custom:video-codec-MediaFoundation-h265: 746d11721c4dcdbdad8f713fa42b33f4 -> 
  custom:CustomObjectIndexerAttribute: bc11b3a6c3213fcdd17b65e7da85e133 -> 
  custom:audio-encoder-webm-vorbis: bf7c407c2cedff20999df2af8eb42d56 -> 
  custom:framework-win-MediaFoundation: 216162199b28c13a410421893ffa2e32 -> 
  custom:SearchIndexIgnoredProperties: e643bd26f0fe6173181afceb89e7c659 -> 
  custom:container-demuxer-ogg: 62fdf1f143b41e24485cea50d1cbac27 -> 
  custom:video-decoder-webm-vp8: 9c59270c3fd7afecdb556c50c9e8de78 -> 
  custom:audio-decoder-ogg-vorbis: bf7c407c2cedff20999df2af8eb42d56 -> 
========================================================================
Received Prepare
Registering precompiled user dll's ...
Registered in 0.007378 seconds.
Begin MonoManager ReloadAssembly
Native extension for WindowsStandalone target not found
Refreshing native plugins compatible for Editor in 0.80 ms, found 3 plugins.
Preloading 0 native plugins for Editor in 0.00 ms.
Mono: successfully reloaded assembly
- Completed reload, in  0.887 seconds
Domain Reload Profiling:
	ReloadAssembly (888ms)
		BeginReloadAssembly (154ms)
			ExecutionOrderSort (0ms)
			DisableScriptedObjects (3ms)
			BackupInstance (0ms)
			ReleaseScriptingObjects (0ms)
			CreateAndSetChildDomain (24ms)
		EndReloadAssembly (643ms)
			LoadAssemblies (127ms)
			RebuildTransferFunctionScriptingTraits (0ms)
			SetupTypeCache (158ms)
			ReleaseScriptCaches (1ms)
			RebuildScriptCaches (24ms)
			SetupLoadedEditorAssemblies (349ms)
				LogAssemblyErrors (0ms)
				InitializePlatformSupportModulesInManaged (6ms)
				SetLoadedEditorAssemblies (0ms)
				RefreshPlugins (1ms)
				BeforeProcessingInitializeOnLoad (71ms)
				ProcessInitializeOnLoadAttributes (236ms)
				ProcessInitializeOnLoadMethodAttributes (14ms)
				AfterProcessingInitializeOnLoad (20ms)
				EditorAssembliesLoaded (0ms)
			ExecutionOrderSort2 (0ms)
			AwakeInstancesAfterBackupRestoration (4ms)
Platform modules already initialized, skipping
Refreshing native plugins compatible for Editor in 1.03 ms, found 3 plugins.
Preloading 0 native plugins for Editor in 0.00 ms.
Unloading 3976 Unused Serialized files (Serialized files now loaded: 0)
Unloading 43 unused Assets / (2.7 MB). Loaded Objects now: 4638.
Memory consumption went from 251.4 MB to 248.7 MB.
Total: 3.336400 ms (FindLiveObjects: 0.173500 ms CreateObjectMapping: 0.066900 ms MarkObjects: 2.721800 ms  DeleteObjects: 0.373600 ms)

AssetImportParameters requested are different than current active one (requested -> active):
  custom:video-decoder-ogg-theora: a1e56fd34408186e4bbccfd4996cb3dc -> 
  custom:container-muxer-webm: aa71ff27fc2769a1b78a27578f13a17b -> 
  custom:container-demuxer-webm: 4f35f7cbe854078d1ac9338744f61a02 -> 
  custom:video-encoder-webm-vp8: eb34c28f22e8b96e1ab97ce403110664 -> 
  custom:video-codec-MediaFoundation-h265: 746d11721c4dcdbdad8f713fa42b33f4 -> 
  custom:CustomObjectIndexerAttribute: bc11b3a6c3213fcdd17b65e7da85e133 -> 
  custom:audio-encoder-webm-vorbis: bf7c407c2cedff20999df2af8eb42d56 -> 
  custom:framework-win-MediaFoundation: 216162199b28c13a410421893ffa2e32 -> 
  custom:SearchIndexIgnoredProperties: e643bd26f0fe6173181afceb89e7c659 -> 
  custom:container-demuxer-ogg: 62fdf1f143b41e24485cea50d1cbac27 -> 
  custom:video-decoder-webm-vp8: 9c59270c3fd7afecdb556c50c9e8de78 -> 
  custom:audio-decoder-ogg-vorbis: bf7c407c2cedff20999df2af8eb42d56 -> 
