Using pre-set license
Built from '2021.3/staging' branch; Version is '2021.3.32f1 (3b9dae9532f5) revision 3906990'; Using compiler version '192829333'; Build Type 'Release'
OS: 'Windows 11  (10.0.26200) 64bit Core' Language: 'cs' Physical Memory: 16219 MB
BatchMode: 1, IsHumanControllingUs: 0, StartBugReporterOnCrash: 0, Is64bit: 1, IsPro: 1

COMMAND LINE ARGUMENTS:
C:\Program Files\Unity\Hub\Editor\2021.3.32f1\Editor\Unity.exe
-adb2
-batchMode
-noUpm
-name
AssetImportWorker4
-projectPath
C:/Users/simon/OneDrive/Dokumenty/GitHub/The-Last-Bounty/Wanted-Dead or alive
-logFile
Logs/AssetImportWorker4.log
-srvPort
51453
Successfully changed project path to: C:/Users/simon/OneDrive/Dokumenty/GitHub/The-Last-Bounty/Wanted-Dead or alive
C:/Users/simon/OneDrive/Dokumenty/GitHub/The-Last-Bounty/Wanted-Dead or alive
[UnityMemory] Configuration Parameters - Can be set up in boot.config
    "memorysetup-bucket-allocator-granularity=16"
    "memorysetup-bucket-allocator-bucket-count=8"
    "memorysetup-bucket-allocator-block-size=33554432"
    "memorysetup-bucket-allocator-block-count=8"
    "memorysetup-main-allocator-block-size=16777216"
    "memorysetup-thread-allocator-block-size=16777216"
    "memorysetup-gfx-main-allocator-block-size=16777216"
    "memorysetup-gfx-thread-allocator-block-size=16777216"
    "memorysetup-cache-allocator-block-size=4194304"
    "memorysetup-typetree-allocator-block-size=2097152"
    "memorysetup-profiler-bucket-allocator-granularity=16"
    "memorysetup-profiler-bucket-allocator-bucket-count=8"
    "memorysetup-profiler-bucket-allocator-block-size=33554432"
    "memorysetup-profiler-bucket-allocator-block-count=8"
    "memorysetup-profiler-allocator-block-size=16777216"
    "memorysetup-profiler-editor-allocator-block-size=1048576"
    "memorysetup-temp-allocator-size-main=16777216"
    "memorysetup-job-temp-allocator-block-size=2097152"
    "memorysetup-job-temp-allocator-block-size-background=1048576"
    "memorysetup-job-temp-allocator-reduction-small-platforms=262144"
    "memorysetup-temp-allocator-size-background-worker=32768"
    "memorysetup-temp-allocator-size-job-worker=262144"
    "memorysetup-temp-allocator-size-preload-manager=33554432"
    "memorysetup-temp-allocator-size-nav-mesh-worker=65536"
    "memorysetup-temp-allocator-size-audio-worker=65536"
    "memorysetup-temp-allocator-size-cloud-worker=32768"
    "memorysetup-temp-allocator-size-gi-baking-worker=262144"
    "memorysetup-temp-allocator-size-gfx=262144"
Player connection [29820] Host "[IP] 192.168.56.1 [Port] 0 [Flags] 2 [Guid] 2501384467 [EditorId] 2501384467 [Version] 1048832 [Id] WindowsEditor(7,SimonRuza) [Debug] 1 [PackageName] WindowsEditor [ProjectName] Editor" joined multi-casting on [225.0.0.222:54997]...

Player connection [29820] Host "[IP] 192.168.56.1 [Port] 0 [Flags] 2 [Guid] 2501384467 [EditorId] 2501384467 [Version] 1048832 [Id] WindowsEditor(7,SimonRuza) [Debug] 1 [PackageName] WindowsEditor [ProjectName] Editor" joined alternative multi-casting on [225.0.0.222:34997]...

[Physics::Module] Initialized MultithreadedJobDispatcher with {0} workers.
Refreshing native plugins compatible for Editor in 123.92 ms, found 3 plugins.
Preloading 0 native plugins for Editor in 0.00 ms.
Initialize engine version: 2021.3.32f1 (3b9dae9532f5)
[Subsystems] Discovering subsystems at path C:/Program Files/Unity/Hub/Editor/2021.3.32f1/Editor/Data/Resources/UnitySubsystems
[Subsystems] Discovering subsystems at path C:/Users/simon/OneDrive/Dokumenty/GitHub/The-Last-Bounty/Wanted-Dead or alive/Assets
GfxDevice: creating device client; threaded=0; jobified=0
Direct3D:
    Version:  Direct3D 11.0 [level 11.1]
    Renderer: NVIDIA GeForce RTX 3060 Laptop GPU (ID=0x2560)
    Vendor:   NVIDIA
    VRAM:     5994 MB
    Driver:   32.0.15.9571
Initialize mono
Mono path[0] = 'C:/Program Files/Unity/Hub/Editor/2021.3.32f1/Editor/Data/Managed'
Mono path[1] = 'C:/Program Files/Unity/Hub/Editor/2021.3.32f1/Editor/Data/MonoBleedingEdge/lib/mono/unityjit-win32'
Mono config path = 'C:/Program Files/Unity/Hub/Editor/2021.3.32f1/Editor/Data/MonoBleedingEdge/etc'
Using monoOptions --debugger-agent=transport=dt_socket,embedding=1,server=y,suspend=n,address=127.0.0.1:56272
Begin MonoManager ReloadAssembly
Registering precompiled unity dll's ...
Register platform support module: C:/Program Files/Unity/Hub/Editor/2021.3.32f1/Editor/Data/PlaybackEngines/WindowsStandaloneSupport/UnityEditor.WindowsStandalone.Extensions.dll
Registered in 0.007956 seconds.
Native extension for WindowsStandalone target not found
Refreshing native plugins compatible for Editor in 91.28 ms, found 3 plugins.
Preloading 0 native plugins for Editor in 0.00 ms.
Mono: successfully reloaded assembly
- Completed reload, in  0.632 seconds
Domain Reload Profiling:
	ReloadAssembly (633ms)
		BeginReloadAssembly (118ms)
			ExecutionOrderSort (0ms)
			DisableScriptedObjects (0ms)
			BackupInstance (0ms)
			ReleaseScriptingObjects (0ms)
			CreateAndSetChildDomain (1ms)
		EndReloadAssembly (423ms)
			LoadAssemblies (116ms)
			RebuildTransferFunctionScriptingTraits (0ms)
			SetupTypeCache (91ms)
			ReleaseScriptCaches (0ms)
			RebuildScriptCaches (24ms)
			SetupLoadedEditorAssemblies (271ms)
				LogAssemblyErrors (0ms)
				InitializePlatformSupportModulesInManaged (7ms)
				SetLoadedEditorAssemblies (0ms)
				RefreshPlugins (91ms)
				BeforeProcessingInitializeOnLoad (1ms)
				ProcessInitializeOnLoadAttributes (118ms)
				ProcessInitializeOnLoadMethodAttributes (53ms)
				AfterProcessingInitializeOnLoad (0ms)
				EditorAssembliesLoaded (0ms)
			ExecutionOrderSort2 (0ms)
			AwakeInstancesAfterBackupRestoration (0ms)
Platform modules already initialized, skipping
Registering precompiled user dll's ...
Registered in 0.011053 seconds.
Begin MonoManager ReloadAssembly
Native extension for WindowsStandalone target not found
Refreshing native plugins compatible for Editor in 98.34 ms, found 3 plugins.
Preloading 0 native plugins for Editor in 0.00 ms.
Mono: successfully reloaded assembly
- Completed reload, in  1.245 seconds
Domain Reload Profiling:
	ReloadAssembly (1246ms)
		BeginReloadAssembly (124ms)
			ExecutionOrderSort (0ms)
			DisableScriptedObjects (5ms)
			BackupInstance (0ms)
			ReleaseScriptingObjects (0ms)
			CreateAndSetChildDomain (18ms)
		EndReloadAssembly (1027ms)
			LoadAssemblies (123ms)
			RebuildTransferFunctionScriptingTraits (0ms)
			SetupTypeCache (251ms)
			ReleaseScriptCaches (1ms)
			RebuildScriptCaches (50ms)
			SetupLoadedEditorAssemblies (593ms)
				LogAssemblyErrors (0ms)
				InitializePlatformSupportModulesInManaged (4ms)
				SetLoadedEditorAssemblies (0ms)
				RefreshPlugins (98ms)
				BeforeProcessingInitializeOnLoad (84ms)
				ProcessInitializeOnLoadAttributes (383ms)
				ProcessInitializeOnLoadMethodAttributes (15ms)
				AfterProcessingInitializeOnLoad (7ms)
				EditorAssembliesLoaded (0ms)
			ExecutionOrderSort2 (0ms)
			AwakeInstancesAfterBackupRestoration (6ms)
Platform modules already initialized, skipping
========================================================================
Worker process is ready to serve import requests
Launched and connected shader compiler UnityShaderCompiler.exe after 0.05 seconds
Refreshing native plugins compatible for Editor in 0.96 ms, found 3 plugins.
Preloading 0 native plugins for Editor in 0.00 ms.
Unloading 4072 Unused Serialized files (Serialized files now loaded: 0)
Unloading 60 unused Assets / (2.7 MB). Loaded Objects now: 4536.
Memory consumption went from 183.8 MB to 181.0 MB.
Total: 3.186400 ms (FindLiveObjects: 0.340500 ms CreateObjectMapping: 0.141900 ms MarkObjects: 2.297100 ms  DeleteObjects: 0.403500 ms)

AssetImportParameters requested are different than current active one (requested -> active):
  custom:video-decoder-ogg-theora: a1e56fd34408186e4bbccfd4996cb3dc -> 
  custom:container-muxer-webm: aa71ff27fc2769a1b78a27578f13a17b -> 
  custom:container-demuxer-webm: 4f35f7cbe854078d1ac9338744f61a02 -> 
  custom:video-encoder-webm-vp8: eb34c28f22e8b96e1ab97ce403110664 -> 
  custom:video-codec-MediaFoundation-h265: 746d11721c4dcdbdad8f713fa42b33f4 -> 
  custom:CustomObjectIndexerAttribute: bc11b3a6c3213fcdd17b65e7da85e133 -> 
  custom:audio-encoder-webm-vorbis: bf7c407c2cedff20999df2af8eb42d56 -> 
  custom:framework-win-MediaFoundation: 216162199b28c13a410421893ffa2e32 -> 
  custom:SearchIndexIgnoredProperties: e643bd26f0fe6173181afceb89e7c659 -> 
  custom:container-demuxer-ogg: 62fdf1f143b41e24485cea50d1cbac27 -> 
  custom:video-decoder-webm-vp8: 9c59270c3fd7afecdb556c50c9e8de78 -> 
  custom:audio-decoder-ogg-vorbis: bf7c407c2cedff20999df2af8eb42d56 -> 
========================================================================
Received Import Request.
  Time since last request: 3201.388081 seconds.
  path: Assets/Map/MapManager.cs
  artifactKey: Guid(c93862b51873446498afa634e0a888fb) Importer(815301076,1909f56bfc062723c751e8b465ee728b)
Number of updated assets reloaded before import = 0
Start importing Assets/Map/MapManager.cs using Guid(c93862b51873446498afa634e0a888fb) Importer(815301076,1909f56bfc062723c751e8b465ee728b)  -> (artifact id: 'da9f675bbeba98e64142baa24b280a17') in 0.035838 seconds 
Number of asset objects unloaded after import = 0
========================================================================
Received Import Request.
  Time since last request: 10.023601 seconds.
  path: Assets/Map
  artifactKey: Guid(95b7ab326481723438f66f5993a07ca2) Importer(815301076,1909f56bfc062723c751e8b465ee728b)
Number of updated assets reloaded before import = 0
Start importing Assets/Map using Guid(95b7ab326481723438f66f5993a07ca2) Importer(815301076,1909f56bfc062723c751e8b465ee728b)  -> (artifact id: '21836e5509246a81bfdaa31683c1463f') in 0.003082 seconds 
Number of asset objects unloaded after import = 0
========================================================================
Received Import Request.
  Time since last request: 13.903040 seconds.
  path: Assets/Map/Mapa.renderTexture
  artifactKey: Guid(0beba41a9a31d544ab307c36862e8a19) Importer(815301076,1909f56bfc062723c751e8b465ee728b)
Number of updated assets reloaded before import = 0
Start importing Assets/Map/Mapa.renderTexture using Guid(0beba41a9a31d544ab307c36862e8a19) Importer(815301076,1909f56bfc062723c751e8b465ee728b)  -> (artifact id: 'b8ec5f98925d96e69dd15df4b2009f88') in 0.058298 seconds 
Number of asset objects unloaded after import = 2
========================================================================
Received Import Request.
  Time since last request: 253.122624 seconds.
  path: Assets/Map/FullMapRenderTexture.renderTexture
  artifactKey: Guid(0beba41a9a31d544ab307c36862e8a19) Importer(815301076,1909f56bfc062723c751e8b465ee728b)
Number of updated assets reloaded before import = 0
Start importing Assets/Map/FullMapRenderTexture.renderTexture using Guid(0beba41a9a31d544ab307c36862e8a19) Importer(815301076,1909f56bfc062723c751e8b465ee728b)  -> (artifact id: '4a875e3b6f693d6258a97571b71af9d6') in 0.012843 seconds 
Number of asset objects unloaded after import = 2
========================================================================
Received Prepare
Registering precompiled user dll's ...
Registered in 0.007152 seconds.
Begin MonoManager ReloadAssembly
Native extension for WindowsStandalone target not found
Refreshing native plugins compatible for Editor in 1.14 ms, found 3 plugins.
Preloading 0 native plugins for Editor in 0.00 ms.
Mono: successfully reloaded assembly
- Completed reload, in  1.197 seconds
Domain Reload Profiling:
	ReloadAssembly (1198ms)
		BeginReloadAssembly (151ms)
			ExecutionOrderSort (0ms)
			DisableScriptedObjects (5ms)
			BackupInstance (0ms)
			ReleaseScriptingObjects (0ms)
			CreateAndSetChildDomain (39ms)
		EndReloadAssembly (952ms)
			LoadAssemblies (103ms)
			RebuildTransferFunctionScriptingTraits (0ms)
			SetupTypeCache (269ms)
			ReleaseScriptCaches (2ms)
			RebuildScriptCaches (41ms)
			SetupLoadedEditorAssemblies (499ms)
				LogAssemblyErrors (0ms)
				InitializePlatformSupportModulesInManaged (7ms)
				SetLoadedEditorAssemblies (1ms)
				RefreshPlugins (1ms)
				BeforeProcessingInitializeOnLoad (65ms)
				ProcessInitializeOnLoadAttributes (384ms)
				ProcessInitializeOnLoadMethodAttributes (30ms)
				AfterProcessingInitializeOnLoad (12ms)
				EditorAssembliesLoaded (0ms)
			ExecutionOrderSort2 (0ms)
			AwakeInstancesAfterBackupRestoration (7ms)
Platform modules already initialized, skipping
Refreshing native plugins compatible for Editor in 1.04 ms, found 3 plugins.
Preloading 0 native plugins for Editor in 0.00 ms.
Unloading 3972 Unused Serialized files (Serialized files now loaded: 0)
Unloading 43 unused Assets / (2.7 MB). Loaded Objects now: 4542.
Memory consumption went from 173.6 MB to 170.9 MB.
Total: 3.787900 ms (FindLiveObjects: 0.351200 ms CreateObjectMapping: 0.141400 ms MarkObjects: 2.664700 ms  DeleteObjects: 0.629400 ms)

AssetImportParameters requested are different than current active one (requested -> active):
  custom:video-decoder-ogg-theora: a1e56fd34408186e4bbccfd4996cb3dc -> 
  custom:container-muxer-webm: aa71ff27fc2769a1b78a27578f13a17b -> 
  custom:container-demuxer-webm: 4f35f7cbe854078d1ac9338744f61a02 -> 
  custom:video-encoder-webm-vp8: eb34c28f22e8b96e1ab97ce403110664 -> 
  custom:video-codec-MediaFoundation-h265: 746d11721c4dcdbdad8f713fa42b33f4 -> 
  custom:CustomObjectIndexerAttribute: bc11b3a6c3213fcdd17b65e7da85e133 -> 
  custom:audio-encoder-webm-vorbis: bf7c407c2cedff20999df2af8eb42d56 -> 
  custom:framework-win-MediaFoundation: 216162199b28c13a410421893ffa2e32 -> 
  custom:SearchIndexIgnoredProperties: e643bd26f0fe6173181afceb89e7c659 -> 
  custom:container-demuxer-ogg: 62fdf1f143b41e24485cea50d1cbac27 -> 
  custom:video-decoder-webm-vp8: 9c59270c3fd7afecdb556c50c9e8de78 -> 
  custom:audio-decoder-ogg-vorbis: bf7c407c2cedff20999df2af8eb42d56 -> 
========================================================================
Received Import Request.
  Time since last request: 525.657539 seconds.
  path: Assets/Thaleah_PixelFont/Materials/Thaleah_DemoBackground.png
  artifactKey: Guid(b324a4685d480b346b084e8a5dbacbde) Importer(815301076,1909f56bfc062723c751e8b465ee728b)
Number of updated assets reloaded before import = 0
Start importing Assets/Thaleah_PixelFont/Materials/Thaleah_DemoBackground.png using Guid(b324a4685d480b346b084e8a5dbacbde) Importer(815301076,1909f56bfc062723c751e8b465ee728b)  -> (artifact id: 'a8b3ca996e5128dc1d22c2917c282030') in 0.297751 seconds 
Number of asset objects unloaded after import = 3
========================================================================
Received Prepare
Registering precompiled user dll's ...
Registered in 0.005244 seconds.
Begin MonoManager ReloadAssembly
Native extension for WindowsStandalone target not found
Refreshing native plugins compatible for Editor in 1.00 ms, found 3 plugins.
Preloading 0 native plugins for Editor in 0.00 ms.
Mono: successfully reloaded assembly
- Completed reload, in  1.212 seconds
Domain Reload Profiling:
	ReloadAssembly (1213ms)
		BeginReloadAssembly (159ms)
			ExecutionOrderSort (0ms)
			DisableScriptedObjects (6ms)
			BackupInstance (0ms)
			ReleaseScriptingObjects (0ms)
			CreateAndSetChildDomain (43ms)
		EndReloadAssembly (955ms)
			LoadAssemblies (104ms)
			RebuildTransferFunctionScriptingTraits (0ms)
			SetupTypeCache (297ms)
			ReleaseScriptCaches (1ms)
			RebuildScriptCaches (38ms)
			SetupLoadedEditorAssemblies (491ms)
				LogAssemblyErrors (0ms)
				InitializePlatformSupportModulesInManaged (6ms)
				SetLoadedEditorAssemblies (0ms)
				RefreshPlugins (1ms)
				BeforeProcessingInitializeOnLoad (71ms)
				ProcessInitializeOnLoadAttributes (380ms)
				ProcessInitializeOnLoadMethodAttributes (23ms)
				AfterProcessingInitializeOnLoad (10ms)
				EditorAssembliesLoaded (0ms)
			ExecutionOrderSort2 (0ms)
			AwakeInstancesAfterBackupRestoration (7ms)
Platform modules already initialized, skipping
Refreshing native plugins compatible for Editor in 1.40 ms, found 3 plugins.
Preloading 0 native plugins for Editor in 0.00 ms.
Unloading 3972 Unused Serialized files (Serialized files now loaded: 0)
Unloading 43 unused Assets / (2.7 MB). Loaded Objects now: 4550.
Memory consumption went from 177.9 MB to 175.2 MB.
Total: 3.842000 ms (FindLiveObjects: 0.388900 ms CreateObjectMapping: 0.182900 ms MarkObjects: 2.721000 ms  DeleteObjects: 0.547800 ms)

AssetImportParameters requested are different than current active one (requested -> active):
  custom:video-decoder-ogg-theora: a1e56fd34408186e4bbccfd4996cb3dc -> 
  custom:container-muxer-webm: aa71ff27fc2769a1b78a27578f13a17b -> 
  custom:container-demuxer-webm: 4f35f7cbe854078d1ac9338744f61a02 -> 
  custom:video-encoder-webm-vp8: eb34c28f22e8b96e1ab97ce403110664 -> 
  custom:video-codec-MediaFoundation-h265: 746d11721c4dcdbdad8f713fa42b33f4 -> 
  custom:CustomObjectIndexerAttribute: bc11b3a6c3213fcdd17b65e7da85e133 -> 
  custom:audio-encoder-webm-vorbis: bf7c407c2cedff20999df2af8eb42d56 -> 
  custom:framework-win-MediaFoundation: 216162199b28c13a410421893ffa2e32 -> 
  custom:SearchIndexIgnoredProperties: e643bd26f0fe6173181afceb89e7c659 -> 
  custom:container-demuxer-ogg: 62fdf1f143b41e24485cea50d1cbac27 -> 
  custom:video-decoder-webm-vp8: 9c59270c3fd7afecdb556c50c9e8de78 -> 
  custom:audio-decoder-ogg-vorbis: bf7c407c2cedff20999df2af8eb42d56 -> 
========================================================================
Received Prepare
Registering precompiled user dll's ...
Registered in 0.006196 seconds.
Begin MonoManager ReloadAssembly
Native extension for WindowsStandalone target not found
Refreshing native plugins compatible for Editor in 0.83 ms, found 3 plugins.
Preloading 0 native plugins for Editor in 0.00 ms.
Mono: successfully reloaded assembly
- Completed reload, in  1.167 seconds
Domain Reload Profiling:
	ReloadAssembly (1168ms)
		BeginReloadAssembly (146ms)
			ExecutionOrderSort (0ms)
			DisableScriptedObjects (4ms)
			BackupInstance (0ms)
			ReleaseScriptingObjects (0ms)
			CreateAndSetChildDomain (34ms)
		EndReloadAssembly (940ms)
			LoadAssemblies (97ms)
			RebuildTransferFunctionScriptingTraits (0ms)
			SetupTypeCache (241ms)
			ReleaseScriptCaches (2ms)
			RebuildScriptCaches (39ms)
			SetupLoadedEditorAssemblies (537ms)
				LogAssemblyErrors (0ms)
				InitializePlatformSupportModulesInManaged (8ms)
				SetLoadedEditorAssemblies (0ms)
				RefreshPlugins (1ms)
				BeforeProcessingInitializeOnLoad (66ms)
				ProcessInitializeOnLoadAttributes (421ms)
				ProcessInitializeOnLoadMethodAttributes (28ms)
				AfterProcessingInitializeOnLoad (12ms)
				EditorAssembliesLoaded (0ms)
			ExecutionOrderSort2 (0ms)
			AwakeInstancesAfterBackupRestoration (8ms)
Platform modules already initialized, skipping
Refreshing native plugins compatible for Editor in 1.42 ms, found 3 plugins.
Preloading 0 native plugins for Editor in 0.00 ms.
Unloading 3972 Unused Serialized files (Serialized files now loaded: 0)
Unloading 43 unused Assets / (2.7 MB). Loaded Objects now: 4553.
Memory consumption went from 177.9 MB to 175.2 MB.
Total: 4.373000 ms (FindLiveObjects: 0.552100 ms CreateObjectMapping: 0.637400 ms MarkObjects: 2.509600 ms  DeleteObjects: 0.672100 ms)

AssetImportParameters requested are different than current active one (requested -> active):
  custom:video-decoder-ogg-theora: a1e56fd34408186e4bbccfd4996cb3dc -> 
  custom:container-muxer-webm: aa71ff27fc2769a1b78a27578f13a17b -> 
  custom:container-demuxer-webm: 4f35f7cbe854078d1ac9338744f61a02 -> 
  custom:video-encoder-webm-vp8: eb34c28f22e8b96e1ab97ce403110664 -> 
  custom:video-codec-MediaFoundation-h265: 746d11721c4dcdbdad8f713fa42b33f4 -> 
  custom:CustomObjectIndexerAttribute: bc11b3a6c3213fcdd17b65e7da85e133 -> 
  custom:audio-encoder-webm-vorbis: bf7c407c2cedff20999df2af8eb42d56 -> 
  custom:framework-win-MediaFoundation: 216162199b28c13a410421893ffa2e32 -> 
  custom:SearchIndexIgnoredProperties: e643bd26f0fe6173181afceb89e7c659 -> 
  custom:container-demuxer-ogg: 62fdf1f143b41e24485cea50d1cbac27 -> 
  custom:video-decoder-webm-vp8: 9c59270c3fd7afecdb556c50c9e8de78 -> 
  custom:audio-decoder-ogg-vorbis: bf7c407c2cedff20999df2af8eb42d56 -> 
========================================================================
Received Prepare
Registering precompiled user dll's ...
Registered in 0.004958 seconds.
Begin MonoManager ReloadAssembly
Native extension for WindowsStandalone target not found
Refreshing native plugins compatible for Editor in 1.01 ms, found 3 plugins.
Preloading 0 native plugins for Editor in 0.00 ms.
Mono: successfully reloaded assembly
- Completed reload, in  1.232 seconds
Domain Reload Profiling:
	ReloadAssembly (1233ms)
		BeginReloadAssembly (180ms)
			ExecutionOrderSort (0ms)
			DisableScriptedObjects (4ms)
			BackupInstance (0ms)
			ReleaseScriptingObjects (0ms)
			CreateAndSetChildDomain (48ms)
		EndReloadAssembly (952ms)
			LoadAssemblies (113ms)
			RebuildTransferFunctionScriptingTraits (0ms)
			SetupTypeCache (279ms)
			ReleaseScriptCaches (2ms)
			RebuildScriptCaches (40ms)
			SetupLoadedEditorAssemblies (507ms)
				LogAssemblyErrors (0ms)
				InitializePlatformSupportModulesInManaged (5ms)
				SetLoadedEditorAssemblies (0ms)
				RefreshPlugins (1ms)
				BeforeProcessingInitializeOnLoad (64ms)
				ProcessInitializeOnLoadAttributes (396ms)
				ProcessInitializeOnLoadMethodAttributes (29ms)
				AfterProcessingInitializeOnLoad (12ms)
				EditorAssembliesLoaded (0ms)
			ExecutionOrderSort2 (0ms)
			AwakeInstancesAfterBackupRestoration (8ms)
Platform modules already initialized, skipping
Refreshing native plugins compatible for Editor in 0.94 ms, found 3 plugins.
Preloading 0 native plugins for Editor in 0.00 ms.
Unloading 3972 Unused Serialized files (Serialized files now loaded: 0)
Unloading 43 unused Assets / (2.7 MB). Loaded Objects now: 4556.
Memory consumption went from 177.9 MB to 175.2 MB.
Total: 3.421400 ms (FindLiveObjects: 0.342600 ms CreateObjectMapping: 0.147500 ms MarkObjects: 2.491800 ms  DeleteObjects: 0.437800 ms)

AssetImportParameters requested are different than current active one (requested -> active):
  custom:video-decoder-ogg-theora: a1e56fd34408186e4bbccfd4996cb3dc -> 
  custom:container-muxer-webm: aa71ff27fc2769a1b78a27578f13a17b -> 
  custom:container-demuxer-webm: 4f35f7cbe854078d1ac9338744f61a02 -> 
  custom:video-encoder-webm-vp8: eb34c28f22e8b96e1ab97ce403110664 -> 
  custom:video-codec-MediaFoundation-h265: 746d11721c4dcdbdad8f713fa42b33f4 -> 
  custom:CustomObjectIndexerAttribute: bc11b3a6c3213fcdd17b65e7da85e133 -> 
  custom:audio-encoder-webm-vorbis: bf7c407c2cedff20999df2af8eb42d56 -> 
  custom:framework-win-MediaFoundation: 216162199b28c13a410421893ffa2e32 -> 
  custom:SearchIndexIgnoredProperties: e643bd26f0fe6173181afceb89e7c659 -> 
  custom:container-demuxer-ogg: 62fdf1f143b41e24485cea50d1cbac27 -> 
  custom:video-decoder-webm-vp8: 9c59270c3fd7afecdb556c50c9e8de78 -> 
  custom:audio-decoder-ogg-vorbis: bf7c407c2cedff20999df2af8eb42d56 -> 
========================================================================
Received Prepare
Registering precompiled user dll's ...
Registered in 0.005922 seconds.
Begin MonoManager ReloadAssembly
Native extension for WindowsStandalone target not found
Refreshing native plugins compatible for Editor in 1.01 ms, found 3 plugins.
Preloading 0 native plugins for Editor in 0.00 ms.
Mono: successfully reloaded assembly
- Completed reload, in  1.119 seconds
Domain Reload Profiling:
	ReloadAssembly (1120ms)
		BeginReloadAssembly (172ms)
			ExecutionOrderSort (0ms)
			DisableScriptedObjects (5ms)
			BackupInstance (0ms)
			ReleaseScriptingObjects (0ms)
			CreateAndSetChildDomain (45ms)
		EndReloadAssembly (867ms)
			LoadAssemblies (107ms)
			RebuildTransferFunctionScriptingTraits (0ms)
			SetupTypeCache (248ms)
			ReleaseScriptCaches (2ms)
			RebuildScriptCaches (42ms)
			SetupLoadedEditorAssemblies (453ms)
				LogAssemblyErrors (0ms)
				InitializePlatformSupportModulesInManaged (6ms)
				SetLoadedEditorAssemblies (0ms)
				RefreshPlugins (1ms)
				BeforeProcessingInitializeOnLoad (60ms)
				ProcessInitializeOnLoadAttributes (349ms)
				ProcessInitializeOnLoadMethodAttributes (27ms)
				AfterProcessingInitializeOnLoad (9ms)
				EditorAssembliesLoaded (0ms)
			ExecutionOrderSort2 (0ms)
			AwakeInstancesAfterBackupRestoration (7ms)
Platform modules already initialized, skipping
Refreshing native plugins compatible for Editor in 1.86 ms, found 3 plugins.
Preloading 0 native plugins for Editor in 0.00 ms.
Unloading 3972 Unused Serialized files (Serialized files now loaded: 0)
Unloading 43 unused Assets / (2.7 MB). Loaded Objects now: 4559.
Memory consumption went from 177.9 MB to 175.2 MB.
Total: 4.096200 ms (FindLiveObjects: 0.393700 ms CreateObjectMapping: 0.168700 ms MarkObjects: 3.036100 ms  DeleteObjects: 0.496500 ms)

AssetImportParameters requested are different than current active one (requested -> active):
  custom:video-decoder-ogg-theora: a1e56fd34408186e4bbccfd4996cb3dc -> 
  custom:container-muxer-webm: aa71ff27fc2769a1b78a27578f13a17b -> 
  custom:container-demuxer-webm: 4f35f7cbe854078d1ac9338744f61a02 -> 
  custom:video-encoder-webm-vp8: eb34c28f22e8b96e1ab97ce403110664 -> 
  custom:video-codec-MediaFoundation-h265: 746d11721c4dcdbdad8f713fa42b33f4 -> 
  custom:CustomObjectIndexerAttribute: bc11b3a6c3213fcdd17b65e7da85e133 -> 
  custom:audio-encoder-webm-vorbis: bf7c407c2cedff20999df2af8eb42d56 -> 
  custom:framework-win-MediaFoundation: 216162199b28c13a410421893ffa2e32 -> 
  custom:SearchIndexIgnoredProperties: e643bd26f0fe6173181afceb89e7c659 -> 
  custom:container-demuxer-ogg: 62fdf1f143b41e24485cea50d1cbac27 -> 
  custom:video-decoder-webm-vp8: 9c59270c3fd7afecdb556c50c9e8de78 -> 
  custom:audio-decoder-ogg-vorbis: bf7c407c2cedff20999df2af8eb42d56 -> 
========================================================================
Received Prepare
Registering precompiled user dll's ...
Registered in 0.005719 seconds.
Begin MonoManager ReloadAssembly
Native extension for WindowsStandalone target not found
Refreshing native plugins compatible for Editor in 1.02 ms, found 3 plugins.
Preloading 0 native plugins for Editor in 0.00 ms.
Mono: successfully reloaded assembly
- Completed reload, in  1.153 seconds
Domain Reload Profiling:
	ReloadAssembly (1154ms)
		BeginReloadAssembly (157ms)
			ExecutionOrderSort (0ms)
			DisableScriptedObjects (4ms)
			BackupInstance (0ms)
			ReleaseScriptingObjects (0ms)
			CreateAndSetChildDomain (37ms)
		EndReloadAssembly (902ms)
			LoadAssemblies (104ms)
			RebuildTransferFunctionScriptingTraits (0ms)
			SetupTypeCache (271ms)
			ReleaseScriptCaches (1ms)
			RebuildScriptCaches (39ms)
			SetupLoadedEditorAssemblies (472ms)
				LogAssemblyErrors (0ms)
				InitializePlatformSupportModulesInManaged (5ms)
				SetLoadedEditorAssemblies (0ms)
				RefreshPlugins (1ms)
				BeforeProcessingInitializeOnLoad (69ms)
				ProcessInitializeOnLoadAttributes (362ms)
				ProcessInitializeOnLoadMethodAttributes (24ms)
				AfterProcessingInitializeOnLoad (10ms)
				EditorAssembliesLoaded (0ms)
			ExecutionOrderSort2 (0ms)
			AwakeInstancesAfterBackupRestoration (8ms)
Platform modules already initialized, skipping
Refreshing native plugins compatible for Editor in 1.47 ms, found 3 plugins.
Preloading 0 native plugins for Editor in 0.00 ms.
Unloading 3972 Unused Serialized files (Serialized files now loaded: 0)
Unloading 43 unused Assets / (2.7 MB). Loaded Objects now: 4562.
Memory consumption went from 178.0 MB to 175.3 MB.
Total: 4.536400 ms (FindLiveObjects: 0.410900 ms CreateObjectMapping: 0.200200 ms MarkObjects: 3.393500 ms  DeleteObjects: 0.529800 ms)

AssetImportParameters requested are different than current active one (requested -> active):
  custom:video-decoder-ogg-theora: a1e56fd34408186e4bbccfd4996cb3dc -> 
  custom:container-muxer-webm: aa71ff27fc2769a1b78a27578f13a17b -> 
  custom:container-demuxer-webm: 4f35f7cbe854078d1ac9338744f61a02 -> 
  custom:video-encoder-webm-vp8: eb34c28f22e8b96e1ab97ce403110664 -> 
  custom:video-codec-MediaFoundation-h265: 746d11721c4dcdbdad8f713fa42b33f4 -> 
  custom:CustomObjectIndexerAttribute: bc11b3a6c3213fcdd17b65e7da85e133 -> 
  custom:audio-encoder-webm-vorbis: bf7c407c2cedff20999df2af8eb42d56 -> 
  custom:framework-win-MediaFoundation: 216162199b28c13a410421893ffa2e32 -> 
  custom:SearchIndexIgnoredProperties: e643bd26f0fe6173181afceb89e7c659 -> 
  custom:container-demuxer-ogg: 62fdf1f143b41e24485cea50d1cbac27 -> 
  custom:video-decoder-webm-vp8: 9c59270c3fd7afecdb556c50c9e8de78 -> 
  custom:audio-decoder-ogg-vorbis: bf7c407c2cedff20999df2af8eb42d56 -> 
========================================================================
Received Prepare
Registering precompiled user dll's ...
Registered in 0.005764 seconds.
Begin MonoManager ReloadAssembly
Native extension for WindowsStandalone target not found
Refreshing native plugins compatible for Editor in 0.93 ms, found 3 plugins.
Preloading 0 native plugins for Editor in 0.00 ms.
Mono: successfully reloaded assembly
- Completed reload, in  1.146 seconds
Domain Reload Profiling:
	ReloadAssembly (1147ms)
		BeginReloadAssembly (153ms)
			ExecutionOrderSort (0ms)
			DisableScriptedObjects (4ms)
			BackupInstance (0ms)
			ReleaseScriptingObjects (0ms)
			CreateAndSetChildDomain (35ms)
		EndReloadAssembly (907ms)
			LoadAssemblies (109ms)
			RebuildTransferFunctionScriptingTraits (0ms)
			SetupTypeCache (245ms)
			ReleaseScriptCaches (2ms)
			RebuildScriptCaches (39ms)
			SetupLoadedEditorAssemblies (484ms)
				LogAssemblyErrors (0ms)
				InitializePlatformSupportModulesInManaged (5ms)
				SetLoadedEditorAssemblies (0ms)
				RefreshPlugins (1ms)
				BeforeProcessingInitializeOnLoad (65ms)
				ProcessInitializeOnLoadAttributes (377ms)
				ProcessInitializeOnLoadMethodAttributes (25ms)
				AfterProcessingInitializeOnLoad (10ms)
				EditorAssembliesLoaded (0ms)
			ExecutionOrderSort2 (0ms)
			AwakeInstancesAfterBackupRestoration (10ms)
Platform modules already initialized, skipping
Refreshing native plugins compatible for Editor in 1.88 ms, found 3 plugins.
Preloading 0 native plugins for Editor in 0.00 ms.
Unloading 3972 Unused Serialized files (Serialized files now loaded: 0)
Unloading 43 unused Assets / (2.7 MB). Loaded Objects now: 4565.
Memory consumption went from 178.0 MB to 175.3 MB.
Total: 3.985000 ms (FindLiveObjects: 0.522000 ms CreateObjectMapping: 0.343800 ms MarkObjects: 2.670300 ms  DeleteObjects: 0.447700 ms)

AssetImportParameters requested are different than current active one (requested -> active):
  custom:video-decoder-ogg-theora: a1e56fd34408186e4bbccfd4996cb3dc -> 
  custom:container-muxer-webm: aa71ff27fc2769a1b78a27578f13a17b -> 
  custom:container-demuxer-webm: 4f35f7cbe854078d1ac9338744f61a02 -> 
  custom:video-encoder-webm-vp8: eb34c28f22e8b96e1ab97ce403110664 -> 
  custom:video-codec-MediaFoundation-h265: 746d11721c4dcdbdad8f713fa42b33f4 -> 
  custom:CustomObjectIndexerAttribute: bc11b3a6c3213fcdd17b65e7da85e133 -> 
  custom:audio-encoder-webm-vorbis: bf7c407c2cedff20999df2af8eb42d56 -> 
  custom:framework-win-MediaFoundation: 216162199b28c13a410421893ffa2e32 -> 
  custom:SearchIndexIgnoredProperties: e643bd26f0fe6173181afceb89e7c659 -> 
  custom:container-demuxer-ogg: 62fdf1f143b41e24485cea50d1cbac27 -> 
  custom:video-decoder-webm-vp8: 9c59270c3fd7afecdb556c50c9e8de78 -> 
  custom:audio-decoder-ogg-vorbis: bf7c407c2cedff20999df2af8eb42d56 -> 
========================================================================
Received Prepare
Registering precompiled user dll's ...
Registered in 0.008800 seconds.
Begin MonoManager ReloadAssembly
Native extension for WindowsStandalone target not found
Refreshing native plugins compatible for Editor in 0.81 ms, found 3 plugins.
Preloading 0 native plugins for Editor in 0.00 ms.
Mono: successfully reloaded assembly
- Completed reload, in  1.123 seconds
Domain Reload Profiling:
	ReloadAssembly (1124ms)
		BeginReloadAssembly (146ms)
			ExecutionOrderSort (0ms)
			DisableScriptedObjects (4ms)
			BackupInstance (0ms)
			ReleaseScriptingObjects (0ms)
			CreateAndSetChildDomain (31ms)
		EndReloadAssembly (883ms)
			LoadAssemblies (107ms)
			RebuildTransferFunctionScriptingTraits (0ms)
			SetupTypeCache (248ms)
			ReleaseScriptCaches (1ms)
			RebuildScriptCaches (45ms)
			SetupLoadedEditorAssemblies (472ms)
				LogAssemblyErrors (0ms)
				InitializePlatformSupportModulesInManaged (6ms)
				SetLoadedEditorAssemblies (0ms)
				RefreshPlugins (1ms)
				BeforeProcessingInitializeOnLoad (60ms)
				ProcessInitializeOnLoadAttributes (372ms)
				ProcessInitializeOnLoadMethodAttributes (23ms)
				AfterProcessingInitializeOnLoad (10ms)
				EditorAssembliesLoaded (0ms)
			ExecutionOrderSort2 (0ms)
			AwakeInstancesAfterBackupRestoration (6ms)
Platform modules already initialized, skipping
Refreshing native plugins compatible for Editor in 1.03 ms, found 3 plugins.
Preloading 0 native plugins for Editor in 0.00 ms.
Unloading 3972 Unused Serialized files (Serialized files now loaded: 0)
Unloading 43 unused Assets / (2.7 MB). Loaded Objects now: 4568.
Memory consumption went from 178.0 MB to 175.3 MB.
Total: 4.478500 ms (FindLiveObjects: 0.579300 ms CreateObjectMapping: 0.451300 ms MarkObjects: 2.944900 ms  DeleteObjects: 0.501900 ms)

AssetImportParameters requested are different than current active one (requested -> active):
  custom:video-decoder-ogg-theora: a1e56fd34408186e4bbccfd4996cb3dc -> 
  custom:container-muxer-webm: aa71ff27fc2769a1b78a27578f13a17b -> 
  custom:container-demuxer-webm: 4f35f7cbe854078d1ac9338744f61a02 -> 
  custom:video-encoder-webm-vp8: eb34c28f22e8b96e1ab97ce403110664 -> 
  custom:video-codec-MediaFoundation-h265: 746d11721c4dcdbdad8f713fa42b33f4 -> 
  custom:CustomObjectIndexerAttribute: bc11b3a6c3213fcdd17b65e7da85e133 -> 
  custom:audio-encoder-webm-vorbis: bf7c407c2cedff20999df2af8eb42d56 -> 
  custom:framework-win-MediaFoundation: 216162199b28c13a410421893ffa2e32 -> 
  custom:SearchIndexIgnoredProperties: e643bd26f0fe6173181afceb89e7c659 -> 
  custom:container-demuxer-ogg: 62fdf1f143b41e24485cea50d1cbac27 -> 
  custom:video-decoder-webm-vp8: 9c59270c3fd7afecdb556c50c9e8de78 -> 
  custom:audio-decoder-ogg-vorbis: bf7c407c2cedff20999df2af8eb42d56 -> 
========================================================================
Received Prepare
Registering precompiled user dll's ...
Registered in 0.005287 seconds.
Begin MonoManager ReloadAssembly
Native extension for WindowsStandalone target not found
Refreshing native plugins compatible for Editor in 1.17 ms, found 3 plugins.
Preloading 0 native plugins for Editor in 0.00 ms.
Mono: successfully reloaded assembly
- Completed reload, in  1.168 seconds
Domain Reload Profiling:
	ReloadAssembly (1169ms)
		BeginReloadAssembly (179ms)
			ExecutionOrderSort (0ms)
			DisableScriptedObjects (4ms)
			BackupInstance (0ms)
			ReleaseScriptingObjects (0ms)
			CreateAndSetChildDomain (45ms)
		EndReloadAssembly (877ms)
			LoadAssemblies (127ms)
			RebuildTransferFunctionScriptingTraits (0ms)
			SetupTypeCache (255ms)
			ReleaseScriptCaches (2ms)
			RebuildScriptCaches (43ms)
			SetupLoadedEditorAssemblies (449ms)
				LogAssemblyErrors (0ms)
				InitializePlatformSupportModulesInManaged (6ms)
				SetLoadedEditorAssemblies (0ms)
				RefreshPlugins (1ms)
				BeforeProcessingInitializeOnLoad (65ms)
				ProcessInitializeOnLoadAttributes (343ms)
				ProcessInitializeOnLoadMethodAttributes (25ms)
				AfterProcessingInitializeOnLoad (9ms)
				EditorAssembliesLoaded (0ms)
			ExecutionOrderSort2 (0ms)
			AwakeInstancesAfterBackupRestoration (7ms)
Platform modules already initialized, skipping
Refreshing native plugins compatible for Editor in 1.27 ms, found 3 plugins.
Preloading 0 native plugins for Editor in 0.00 ms.
Unloading 3972 Unused Serialized files (Serialized files now loaded: 0)
Unloading 43 unused Assets / (2.7 MB). Loaded Objects now: 4571.
Memory consumption went from 178.0 MB to 175.3 MB.
Total: 3.278700 ms (FindLiveObjects: 0.316900 ms CreateObjectMapping: 0.114400 ms MarkObjects: 2.268000 ms  DeleteObjects: 0.577900 ms)

AssetImportParameters requested are different than current active one (requested -> active):
  custom:video-decoder-ogg-theora: a1e56fd34408186e4bbccfd4996cb3dc -> 
  custom:container-muxer-webm: aa71ff27fc2769a1b78a27578f13a17b -> 
  custom:container-demuxer-webm: 4f35f7cbe854078d1ac9338744f61a02 -> 
  custom:video-encoder-webm-vp8: eb34c28f22e8b96e1ab97ce403110664 -> 
  custom:video-codec-MediaFoundation-h265: 746d11721c4dcdbdad8f713fa42b33f4 -> 
  custom:CustomObjectIndexerAttribute: bc11b3a6c3213fcdd17b65e7da85e133 -> 
  custom:audio-encoder-webm-vorbis: bf7c407c2cedff20999df2af8eb42d56 -> 
  custom:framework-win-MediaFoundation: 216162199b28c13a410421893ffa2e32 -> 
  custom:SearchIndexIgnoredProperties: e643bd26f0fe6173181afceb89e7c659 -> 
  custom:container-demuxer-ogg: 62fdf1f143b41e24485cea50d1cbac27 -> 
  custom:video-decoder-webm-vp8: 9c59270c3fd7afecdb556c50c9e8de78 -> 
  custom:audio-decoder-ogg-vorbis: bf7c407c2cedff20999df2af8eb42d56 -> 
========================================================================
Received Import Request.
  Time since last request: 1046.781312 seconds.
  path: Assets/Map/FullMapIcon.cs
  artifactKey: Guid(5d921994df362c74cbd592a258d8d079) Importer(815301076,1909f56bfc062723c751e8b465ee728b)
Number of updated assets reloaded before import = 0
Start importing Assets/Map/FullMapIcon.cs using Guid(5d921994df362c74cbd592a258d8d079) Importer(815301076,1909f56bfc062723c751e8b465ee728b)  -> (artifact id: '3f8b4cc4bde73748326d9f3402901953') in 0.019118 seconds 
Number of asset objects unloaded after import = 0
========================================================================
Received Import Request.
  Time since last request: 2.028202 seconds.
  path: Assets/Map/FullMapIcon.cs
  artifactKey: Guid(5d921994df362c74cbd592a258d8d079) Importer(815301076,1909f56bfc062723c751e8b465ee728b)
Number of updated assets reloaded before import = 0
Start importing Assets/Map/FullMapIcon.cs using Guid(5d921994df362c74cbd592a258d8d079) Importer(815301076,1909f56bfc062723c751e8b465ee728b)  -> (artifact id: 'da59b50805b68a84e05641d5ea2a43ef') in 0.003625 seconds 
Number of asset objects unloaded after import = 0
========================================================================
Received Prepare
Registering precompiled user dll's ...
Registered in 0.008299 seconds.
Begin MonoManager ReloadAssembly
Native extension for WindowsStandalone target not found
Refreshing native plugins compatible for Editor in 1.20 ms, found 3 plugins.
Preloading 0 native plugins for Editor in 0.00 ms.
Mono: successfully reloaded assembly
- Completed reload, in  1.244 seconds
Domain Reload Profiling:
	ReloadAssembly (1245ms)
		BeginReloadAssembly (186ms)
			ExecutionOrderSort (0ms)
			DisableScriptedObjects (6ms)
			BackupInstance (0ms)
			ReleaseScriptingObjects (0ms)
			CreateAndSetChildDomain (44ms)
		EndReloadAssembly (944ms)
			LoadAssemblies (124ms)
			RebuildTransferFunctionScriptingTraits (0ms)
			SetupTypeCache (289ms)
			ReleaseScriptCaches (2ms)
			RebuildScriptCaches (51ms)
			SetupLoadedEditorAssemblies (463ms)
				LogAssemblyErrors (0ms)
				InitializePlatformSupportModulesInManaged (8ms)
				SetLoadedEditorAssemblies (1ms)
				RefreshPlugins (1ms)
				BeforeProcessingInitializeOnLoad (79ms)
				ProcessInitializeOnLoadAttributes (351ms)
				ProcessInitializeOnLoadMethodAttributes (17ms)
				AfterProcessingInitializeOnLoad (7ms)
				EditorAssembliesLoaded (0ms)
			ExecutionOrderSort2 (0ms)
			AwakeInstancesAfterBackupRestoration (6ms)
Platform modules already initialized, skipping
Refreshing native plugins compatible for Editor in 1.33 ms, found 3 plugins.
Preloading 0 native plugins for Editor in 0.00 ms.
Unloading 3973 Unused Serialized files (Serialized files now loaded: 0)
Unloading 43 unused Assets / (2.7 MB). Loaded Objects now: 4575.
Memory consumption went from 178.0 MB to 175.3 MB.
Total: 4.165900 ms (FindLiveObjects: 0.389200 ms CreateObjectMapping: 0.234800 ms MarkObjects: 3.124700 ms  DeleteObjects: 0.416200 ms)

AssetImportParameters requested are different than current active one (requested -> active):
  custom:video-decoder-ogg-theora: a1e56fd34408186e4bbccfd4996cb3dc -> 
  custom:container-muxer-webm: aa71ff27fc2769a1b78a27578f13a17b -> 
  custom:container-demuxer-webm: 4f35f7cbe854078d1ac9338744f61a02 -> 
  custom:video-encoder-webm-vp8: eb34c28f22e8b96e1ab97ce403110664 -> 
  custom:video-codec-MediaFoundation-h265: 746d11721c4dcdbdad8f713fa42b33f4 -> 
  custom:CustomObjectIndexerAttribute: bc11b3a6c3213fcdd17b65e7da85e133 -> 
  custom:audio-encoder-webm-vorbis: bf7c407c2cedff20999df2af8eb42d56 -> 
  custom:framework-win-MediaFoundation: 216162199b28c13a410421893ffa2e32 -> 
  custom:SearchIndexIgnoredProperties: e643bd26f0fe6173181afceb89e7c659 -> 
  custom:container-demuxer-ogg: 62fdf1f143b41e24485cea50d1cbac27 -> 
  custom:video-decoder-webm-vp8: 9c59270c3fd7afecdb556c50c9e8de78 -> 
  custom:audio-decoder-ogg-vorbis: bf7c407c2cedff20999df2af8eb42d56 -> 
========================================================================
Received Import Request.
  Time since last request: 37.291015 seconds.
  path: Assets/nTools/PrefabPainter/GUI/AddIcon.png
  artifactKey: Guid(bb6c3fd9405f7430caa680db8c58f3b2) Importer(815301076,1909f56bfc062723c751e8b465ee728b)
Number of updated assets reloaded before import = 0
Start importing Assets/nTools/PrefabPainter/GUI/AddIcon.png using Guid(bb6c3fd9405f7430caa680db8c58f3b2) Importer(815301076,1909f56bfc062723c751e8b465ee728b)  -> (artifact id: '5be6846afd01dd274fb1e5a7c3aa6941') in 0.066957 seconds 
Number of asset objects unloaded after import = 2
========================================================================
Received Import Request.
  Time since last request: 0.000036 seconds.
  path: Assets/PolygonNatureBiomes/PNB_Tropical_Jungle/Textures/Normals/Flowers_01_Normals.tga
  artifactKey: Guid(79e6cdfe0397c6a419912d5eb6074ba1) Importer(815301076,1909f56bfc062723c751e8b465ee728b)
Number of updated assets reloaded before import = 0
Start importing Assets/PolygonNatureBiomes/PNB_Tropical_Jungle/Textures/Normals/Flowers_01_Normals.tga using Guid(79e6cdfe0397c6a419912d5eb6074ba1) Importer(815301076,1909f56bfc062723c751e8b465ee728b)  -> (artifact id: '77fb23162a72bd8164213095f5a1239e') in 0.029526 seconds 
Number of asset objects unloaded after import = 2
========================================================================
Received Import Request.
  Time since last request: 0.000034 seconds.
  path: Assets/PolygonNatureBiomes/PNB_Tropical_Jungle/Terrain/Grass_Clovers_Texture_01.png
  artifactKey: Guid(62e58f38019cb564aa4907dd7aa292fa) Importer(815301076,1909f56bfc062723c751e8b465ee728b)
Number of updated assets reloaded before import = 0
Start importing Assets/PolygonNatureBiomes/PNB_Tropical_Jungle/Terrain/Grass_Clovers_Texture_01.png using Guid(62e58f38019cb564aa4907dd7aa292fa) Importer(815301076,1909f56bfc062723c751e8b465ee728b)  -> (artifact id: '3fd34a7b03f9a087a69d314c79e3b625') in 0.017041 seconds 
Number of asset objects unloaded after import = 2
========================================================================
Received Import Request.
  Time since last request: 0.000032 seconds.
  path: Assets/PolygonNatureBiomes/PNB_Tropical_Jungle/FX/FX_Textures/Crab_Texture.png
  artifactKey: Guid(3f8a4838e86602a409b0126a56c34b51) Importer(815301076,1909f56bfc062723c751e8b465ee728b)
Number of updated assets reloaded before import = 0
Start importing Assets/PolygonNatureBiomes/PNB_Tropical_Jungle/FX/FX_Textures/Crab_Texture.png using Guid(3f8a4838e86602a409b0126a56c34b51) Importer(815301076,1909f56bfc062723c751e8b465ee728b)  -> (artifact id: '8fd5d0ecbb36740282f2204e341e706f') in 0.046416 seconds 
Number of asset objects unloaded after import = 2
========================================================================
Received Import Request.
  Time since last request: 0.000030 seconds.
  path: Assets/nTools/PrefabPainter/Examples/Textures/decals.png
  artifactKey: Guid(073f0b44fe9d24a0d9a913dab53c2b95) Importer(815301076,1909f56bfc062723c751e8b465ee728b)
Number of updated assets reloaded before import = 0
Start importing Assets/nTools/PrefabPainter/Examples/Textures/decals.png using Guid(073f0b44fe9d24a0d9a913dab53c2b95) Importer(815301076,1909f56bfc062723c751e8b465ee728b)  -> (artifact id: 'd523fa2026f6d468219617fda62c2363') in 0.018340 seconds 
Number of asset objects unloaded after import = 2
========================================================================
Received Import Request.
  Time since last request: 0.000051 seconds.
  path: Assets/PolygonNatureBiomes/PNB_Tropical_Jungle/Textures/Plants/FlowersFlat_01.tga
  artifactKey: Guid(b6c79362ea9839941821c539ff1d1918) Importer(815301076,1909f56bfc062723c751e8b465ee728b)
Number of updated assets reloaded before import = 0
Start importing Assets/PolygonNatureBiomes/PNB_Tropical_Jungle/Textures/Plants/FlowersFlat_01.tga using Guid(b6c79362ea9839941821c539ff1d1918) Importer(815301076,1909f56bfc062723c751e8b465ee728b)  -> (artifact id: '0ce434d0198544d488ad00e2b687f2d6') in 0.029060 seconds 
Number of asset objects unloaded after import = 2
========================================================================
Received Import Request.
  Time since last request: 0.000020 seconds.
  path: Assets/PolygonNatureBiomes/PNB_Tropical_Jungle/Textures/Normals/Creeper_01_Normals.tga
  artifactKey: Guid(5c02896b6f8854f49971c276ee77fa25) Importer(815301076,1909f56bfc062723c751e8b465ee728b)
Number of updated assets reloaded before import = 0
Start importing Assets/PolygonNatureBiomes/PNB_Tropical_Jungle/Textures/Normals/Creeper_01_Normals.tga using Guid(5c02896b6f8854f49971c276ee77fa25) Importer(815301076,1909f56bfc062723c751e8b465ee728b)  -> (artifact id: 'd380483575d31ca81c7b03011b1970d9') in 0.040574 seconds 
Number of asset objects unloaded after import = 2
========================================================================
Received Import Request.
  Time since last request: 0.000039 seconds.
  path: Assets/nTools/PrefabPainter/GUI/BrushTool_HIDPI.png
  artifactKey: Guid(4f6901dd149824b9eb40ffb4d559c817) Importer(815301076,1909f56bfc062723c751e8b465ee728b)
Number of updated assets reloaded before import = 0
Start importing Assets/nTools/PrefabPainter/GUI/BrushTool_HIDPI.png using Guid(4f6901dd149824b9eb40ffb4d559c817) Importer(815301076,1909f56bfc062723c751e8b465ee728b)  -> (artifact id: '39958db5e39320dd8f7d02d0b0f2b8a1') in 0.016957 seconds 
Number of asset objects unloaded after import = 2
========================================================================
Received Import Request.
  Time since last request: 0.000026 seconds.
  path: Assets/PolygonNatureBiomes/PNB_Tropical_Jungle/Textures/Bioluminescence/Grass_01_Glow_01.png
  artifactKey: Guid(6c46c01e7ca1df9458e3e379133b7324) Importer(815301076,1909f56bfc062723c751e8b465ee728b)
Number of updated assets reloaded before import = 0
Start importing Assets/PolygonNatureBiomes/PNB_Tropical_Jungle/Textures/Bioluminescence/Grass_01_Glow_01.png using Guid(6c46c01e7ca1df9458e3e379133b7324) Importer(815301076,1909f56bfc062723c751e8b465ee728b)  -> (artifact id: 'd30a4a8447b26387e4372ffe22e728f2') in 0.019696 seconds 
Number of asset objects unloaded after import = 2
========================================================================
Received Import Request.
  Time since last request: 0.000063 seconds.
  path: Assets/PolygonNatureBiomes/PNB_Tropical_Jungle/Textures/Normals/Grass_Short_01_Normals.tga
  artifactKey: Guid(70842cf406d7c30408dbe71da11bf9d0) Importer(815301076,1909f56bfc062723c751e8b465ee728b)
Number of updated assets reloaded before import = 0
Start importing Assets/PolygonNatureBiomes/PNB_Tropical_Jungle/Textures/Normals/Grass_Short_01_Normals.tga using Guid(70842cf406d7c30408dbe71da11bf9d0) Importer(815301076,1909f56bfc062723c751e8b465ee728b)  -> (artifact id: '7af40d7f93fe983d7a1ae99e3749ddfd') in 0.020236 seconds 
Number of asset objects unloaded after import = 2
========================================================================
Received Import Request.
  Time since last request: 0.000023 seconds.
  path: Assets/PolygonNatureBiomes/PNB_Tropical_Jungle/Terrain/Ground_Normals_01.png
  artifactKey: Guid(1a018b6f61a05884e82b451efb55dba3) Importer(815301076,1909f56bfc062723c751e8b465ee728b)
Number of updated assets reloaded before import = 0
Start importing Assets/PolygonNatureBiomes/PNB_Tropical_Jungle/Terrain/Ground_Normals_01.png using Guid(1a018b6f61a05884e82b451efb55dba3) Importer(815301076,1909f56bfc062723c751e8b465ee728b)  -> (artifact id: 'f51d45d42980460c14d0cb29670aa847') in 0.019175 seconds 
Number of asset objects unloaded after import = 2
========================================================================
Received Import Request.
  Time since last request: 0.000231 seconds.
  path: Assets/nTools/PrefabPainter/Examples/Textures/footsteps.png
  artifactKey: Guid(9afb29f4f97e04b16941acf69450eb0f) Importer(815301076,1909f56bfc062723c751e8b465ee728b)
Number of updated assets reloaded before import = 0
Start importing Assets/nTools/PrefabPainter/Examples/Textures/footsteps.png using Guid(9afb29f4f97e04b16941acf69450eb0f) Importer(815301076,1909f56bfc062723c751e8b465ee728b)  -> (artifact id: 'd63a7c79c925b1ec8d4394bb31203d91') in 0.017979 seconds 
Number of asset objects unloaded after import = 2
========================================================================
Received Import Request.
  Time since last request: 0.000026 seconds.
  path: Assets/PolygonNatureBiomes/PNB_Tropical_Jungle/FX/FX_Textures/Bird_Test_03.png
  artifactKey: Guid(edf11753db7ee14409e0546edef8ce78) Importer(815301076,1909f56bfc062723c751e8b465ee728b)
Number of updated assets reloaded before import = 0
Start importing Assets/PolygonNatureBiomes/PNB_Tropical_Jungle/FX/FX_Textures/Bird_Test_03.png using Guid(edf11753db7ee14409e0546edef8ce78) Importer(815301076,1909f56bfc062723c751e8b465ee728b)  -> (artifact id: 'c74f19d7934ff01c29014647997bba46') in 0.021677 seconds 
Number of asset objects unloaded after import = 2
========================================================================
Received Import Request.
  Time since last request: 0.000028 seconds.
  path: Assets/PolygonNatureBiomes/PNB_Tropical_Jungle/Textures/Normals/CreeperMat_01_Normals.tga
  artifactKey: Guid(79996dab23987a14b8fa15554d5b5e01) Importer(815301076,1909f56bfc062723c751e8b465ee728b)
Number of updated assets reloaded before import = 0
Start importing Assets/PolygonNatureBiomes/PNB_Tropical_Jungle/Textures/Normals/CreeperMat_01_Normals.tga using Guid(79996dab23987a14b8fa15554d5b5e01) Importer(815301076,1909f56bfc062723c751e8b465ee728b)  -> (artifact id: '6aa8e021a842c66a088b08a97cec1fd1') in 0.021396 seconds 
Number of asset objects unloaded after import = 2
========================================================================
Received Import Request.
  Time since last request: 0.000022 seconds.
  path: Assets/PolygonNatureBiomes/PNB_Tropical_Jungle/FX/FX_Textures/Bird_Wings_01.png
  artifactKey: Guid(241bd356f6817f34a887e62b6f998149) Importer(815301076,1909f56bfc062723c751e8b465ee728b)
Number of updated assets reloaded before import = 0
Start importing Assets/PolygonNatureBiomes/PNB_Tropical_Jungle/FX/FX_Textures/Bird_Wings_01.png using Guid(241bd356f6817f34a887e62b6f998149) Importer(815301076,1909f56bfc062723c751e8b465ee728b)  -> (artifact id: 'd27c3116762c9a0136ce931f2b4e37de') in 0.021051 seconds 
Number of asset objects unloaded after import = 2
========================================================================
Received Import Request.
  Time since last request: 0.000023 seconds.
  path: Assets/PolygonNatureBiomes/PNB_Tropical_Jungle/Textures/Normals/Leaf_Fan_normals.png
  artifactKey: Guid(33fb4d2f816186f48ad5f3a8fbaf296a) Importer(815301076,1909f56bfc062723c751e8b465ee728b)
Number of updated assets reloaded before import = 0
Start importing Assets/PolygonNatureBiomes/PNB_Tropical_Jungle/Textures/Normals/Leaf_Fan_normals.png using Guid(33fb4d2f816186f48ad5f3a8fbaf296a) Importer(815301076,1909f56bfc062723c751e8b465ee728b)  -> (artifact id: '388c3951bc9de10f33aa724d63af806d') in 0.017959 seconds 
Number of asset objects unloaded after import = 2
========================================================================
Received Import Request.
  Time since last request: 0.000022 seconds.
  path: Assets/PolygonNatureBiomes/PNB_Tropical_Jungle/Textures/Plants/CreeperMat_01.tga
  artifactKey: Guid(959836486a862ce46bf27326e214508d) Importer(815301076,1909f56bfc062723c751e8b465ee728b)
Number of updated assets reloaded before import = 0
Start importing Assets/PolygonNatureBiomes/PNB_Tropical_Jungle/Textures/Plants/CreeperMat_01.tga using Guid(959836486a862ce46bf27326e214508d) Importer(815301076,1909f56bfc062723c751e8b465ee728b)  -> (artifact id: '183f0e008174f3ec7ab2466e533dbf18') in 0.018943 seconds 
Number of asset objects unloaded after import = 2
========================================================================
Received Import Request.
  Time since last request: 0.000039 seconds.
  path: Assets/PolygonNatureBiomes/PNB_Core/Textures/FX_Circle.png
  artifactKey: Guid(5025628060a2d734c94655e06e24d0a6) Importer(815301076,1909f56bfc062723c751e8b465ee728b)
Number of updated assets reloaded before import = 0
Start importing Assets/PolygonNatureBiomes/PNB_Core/Textures/FX_Circle.png using Guid(5025628060a2d734c94655e06e24d0a6) Importer(815301076,1909f56bfc062723c751e8b465ee728b)  -> (artifact id: '7f6154e039cf9e114536bef47fd75286') in 0.017314 seconds 
Number of asset objects unloaded after import = 2
========================================================================
Received Import Request.
  Time since last request: 0.000018 seconds.
  path: Assets/PolygonNatureBiomes/PNB_Tropical_Jungle/Textures/Plants/Grass_Mid_01.tga
  artifactKey: Guid(278414b9d667a8845801e7d4a4632bed) Importer(815301076,1909f56bfc062723c751e8b465ee728b)
Number of updated assets reloaded before import = 0
Start importing Assets/PolygonNatureBiomes/PNB_Tropical_Jungle/Textures/Plants/Grass_Mid_01.tga using Guid(278414b9d667a8845801e7d4a4632bed) Importer(815301076,1909f56bfc062723c751e8b465ee728b)  -> (artifact id: '641816f1b10dde0e134a6a95dc5f0e09') in 0.020436 seconds 
Number of asset objects unloaded after import = 2
========================================================================
Received Import Request.
  Time since last request: 0.000023 seconds.
  path: Assets/nTools/PrefabPainter/GUI/EraseTool_HIDPI.png
  artifactKey: Guid(30a8362deba7143a59c8948192e0ad5b) Importer(815301076,1909f56bfc062723c751e8b465ee728b)
Number of updated assets reloaded before import = 0
Start importing Assets/nTools/PrefabPainter/GUI/EraseTool_HIDPI.png using Guid(30a8362deba7143a59c8948192e0ad5b) Importer(815301076,1909f56bfc062723c751e8b465ee728b)  -> (artifact id: '44bb4e084e7f25486cf117dd3ca3c580') in 0.019117 seconds 
Number of asset objects unloaded after import = 2
========================================================================
Received Import Request.
  Time since last request: 0.000021 seconds.
  path: Assets/PolygonNatureBiomes/PNB_Tropical_Jungle/Textures/Occulsion/Leaf_Fan_occlusion.png
  artifactKey: Guid(617293778341cb649aa5e86e00c06ef5) Importer(815301076,1909f56bfc062723c751e8b465ee728b)
Number of updated assets reloaded before import = 0
Start importing Assets/PolygonNatureBiomes/PNB_Tropical_Jungle/Textures/Occulsion/Leaf_Fan_occlusion.png using Guid(617293778341cb649aa5e86e00c06ef5) Importer(815301076,1909f56bfc062723c751e8b465ee728b)  -> (artifact id: 'd74eda508c217198f558f1a1f7a0fe10') in 0.017179 seconds 
Number of asset objects unloaded after import = 2
========================================================================
Received Import Request.
  Time since last request: 0.000027 seconds.
  path: Assets/nTools/PrefabPainter/GUI/EraseTool.png
  artifactKey: Guid(2c8b43f020c024809924e1239633dcbb) Importer(815301076,1909f56bfc062723c751e8b465ee728b)
Number of updated assets reloaded before import = 0
Start importing Assets/nTools/PrefabPainter/GUI/EraseTool.png using Guid(2c8b43f020c024809924e1239633dcbb) Importer(815301076,1909f56bfc062723c751e8b465ee728b)  -> (artifact id: 'e473c8c5e365f9871f1b2a716e6d6d0e') in 0.033334 seconds 
Number of asset objects unloaded after import = 2
========================================================================
Received Import Request.
  Time since last request: 0.000037 seconds.
  path: Assets/PolygonNatureBiomes/PNB_Core/Textures/Gradient_Fog.png
  artifactKey: Guid(f686075960b139249ba8d3c284bfde4c) Importer(815301076,1909f56bfc062723c751e8b465ee728b)
Number of updated assets reloaded before import = 0
Start importing Assets/PolygonNatureBiomes/PNB_Core/Textures/Gradient_Fog.png using Guid(f686075960b139249ba8d3c284bfde4c) Importer(815301076,1909f56bfc062723c751e8b465ee728b)  -> (artifact id: 'd6ef9c4ba27b0652aba3b504efe9afc4') in 0.018661 seconds 
Number of asset objects unloaded after import = 2
========================================================================
Received Import Request.
  Time since last request: 0.000024 seconds.
  path: Assets/PolygonNatureBiomes/PNB_Tropical_Jungle/Textures/Plants/GroundCover_01.tga
  artifactKey: Guid(c9b0f1106de5fc647bfc7fd102c828bb) Importer(815301076,1909f56bfc062723c751e8b465ee728b)
Number of updated assets reloaded before import = 0
Start importing Assets/PolygonNatureBiomes/PNB_Tropical_Jungle/Textures/Plants/GroundCover_01.tga using Guid(c9b0f1106de5fc647bfc7fd102c828bb) Importer(815301076,1909f56bfc062723c751e8b465ee728b)  -> (artifact id: 'd97f98f965ac9c84987c86b3b09e9e83') in 0.019182 seconds 
Number of asset objects unloaded after import = 2
========================================================================
Received Import Request.
  Time since last request: 0.000023 seconds.
  path: Assets/PolygonNatureBiomes/PNB_Tropical_Jungle/Textures/Normals/Leaf_Banana_01_Normals.png
  artifactKey: Guid(2a7a5b250de7d3c46b49074f8de32857) Importer(815301076,1909f56bfc062723c751e8b465ee728b)
Number of updated assets reloaded before import = 0
Start importing Assets/PolygonNatureBiomes/PNB_Tropical_Jungle/Textures/Normals/Leaf_Banana_01_Normals.png using Guid(2a7a5b250de7d3c46b49074f8de32857) Importer(815301076,1909f56bfc062723c751e8b465ee728b)  -> (artifact id: '8ed9bf8d712478393eea37933680ab98') in 0.020518 seconds 
Number of asset objects unloaded after import = 2
========================================================================
Received Import Request.
  Time since last request: 0.000020 seconds.
  path: Assets/PolygonNatureBiomes/PNB_Core/Textures/Gradient 4.png
  artifactKey: Guid(3562ae64e9f70bc41ab83b3502a85125) Importer(815301076,1909f56bfc062723c751e8b465ee728b)
Number of updated assets reloaded before import = 0
Start importing Assets/PolygonNatureBiomes/PNB_Core/Textures/Gradient 4.png using Guid(3562ae64e9f70bc41ab83b3502a85125) Importer(815301076,1909f56bfc062723c751e8b465ee728b)  -> (artifact id: 'c266eda5809fdeb260db97b916b4ad2a') in 0.021863 seconds 
Number of asset objects unloaded after import = 2
========================================================================
Received Import Request.
  Time since last request: 0.000024 seconds.
  path: Assets/PolygonNatureBiomes/PNB_Tropical_Jungle/Textures/Normals/GroundCover_01_Normals.tga
  artifactKey: Guid(17f8ff8b6ec26a140a34a6bc467e76cb) Importer(815301076,1909f56bfc062723c751e8b465ee728b)
Number of updated assets reloaded before import = 0
Start importing Assets/PolygonNatureBiomes/PNB_Tropical_Jungle/Textures/Normals/GroundCover_01_Normals.tga using Guid(17f8ff8b6ec26a140a34a6bc467e76cb) Importer(815301076,1909f56bfc062723c751e8b465ee728b)  -> (artifact id: '12f5b961ccbca851e0a0b3fd2d550498') in 0.020226 seconds 
Number of asset objects unloaded after import = 2
========================================================================
Received Import Request.
  Time since last request: 0.000022 seconds.
  path: Assets/PolygonNatureBiomes/PNB_Tropical_Jungle/FX/FX_Textures/Fish_01.png
  artifactKey: Guid(83560de9c6e282a4ea0d81b02cc59feb) Importer(815301076,1909f56bfc062723c751e8b465ee728b)
Number of updated assets reloaded before import = 0
Start importing Assets/PolygonNatureBiomes/PNB_Tropical_Jungle/FX/FX_Textures/Fish_01.png using Guid(83560de9c6e282a4ea0d81b02cc59feb) Importer(815301076,1909f56bfc062723c751e8b465ee728b)  -> (artifact id: '026725f0bfed5d28d2d21c96d58e3a00') in 0.017251 seconds 
Number of asset objects unloaded after import = 2
========================================================================
Received Import Request.
  Time since last request: 0.000022 seconds.
  path: Assets/PolygonNatureBiomes/PNB_Tropical_Jungle/Textures/Plants/Grass_01.tga
  artifactKey: Guid(9b0123dedb47c8344ad408dcacc90c87) Importer(815301076,1909f56bfc062723c751e8b465ee728b)
Number of updated assets reloaded before import = 0
Start importing Assets/PolygonNatureBiomes/PNB_Tropical_Jungle/Textures/Plants/Grass_01.tga using Guid(9b0123dedb47c8344ad408dcacc90c87) Importer(815301076,1909f56bfc062723c751e8b465ee728b)  -> (artifact id: 'cffec390cd28b4af81d54f6cd737fa3c') in 0.022014 seconds 
Number of asset objects unloaded after import = 2
========================================================================
Received Import Request.
  Time since last request: 0.000020 seconds.
  path: Assets/Other/10026_Horse_v01_L3.123cf7625b3f-e79f-4633-9dc6-46d06c7bb985/Horse_v01.jpg
  artifactKey: Guid(02e6a60cfaf3f2a4d9d2702b2aa4d916) Importer(815301076,1909f56bfc062723c751e8b465ee728b)
Number of updated assets reloaded before import = 0
Start importing Assets/Other/10026_Horse_v01_L3.123cf7625b3f-e79f-4633-9dc6-46d06c7bb985/Horse_v01.jpg using Guid(02e6a60cfaf3f2a4d9d2702b2aa4d916) Importer(815301076,1909f56bfc062723c751e8b465ee728b)  -> (artifact id: '6341dcd82ddeefc588f7627f4c5eba47') in 0.025022 seconds 
Number of asset objects unloaded after import = 2
========================================================================
Received Import Request.
  Time since last request: 0.000034 seconds.
  path: Assets/PolygonNatureBiomes/PNB_Tropical_Jungle/Textures/Plants/Flowers_01.tga
  artifactKey: Guid(e17b0af26f5c9654ab2c61e3dfee0ae3) Importer(815301076,1909f56bfc062723c751e8b465ee728b)
Number of updated assets reloaded before import = 0
Start importing Assets/PolygonNatureBiomes/PNB_Tropical_Jungle/Textures/Plants/Flowers_01.tga using Guid(e17b0af26f5c9654ab2c61e3dfee0ae3) Importer(815301076,1909f56bfc062723c751e8b465ee728b)  -> (artifact id: '95daafed0d5464dc5a2a115a87452e85') in 0.020229 seconds 
Number of asset objects unloaded after import = 2
========================================================================
Received Import Request.
  Time since last request: 0.000027 seconds.
  path: Assets/Thaleah_PixelFont/Materials/ThaleahFat_TTF.ttf
  artifactKey: Guid(585188cdc4600544eb408bee749e4b3a) Importer(815301076,1909f56bfc062723c751e8b465ee728b)
Number of updated assets reloaded before import = 0
Start importing Assets/Thaleah_PixelFont/Materials/ThaleahFat_TTF.ttf using Guid(585188cdc4600544eb408bee749e4b3a) Importer(815301076,1909f56bfc062723c751e8b465ee728b)  -> (artifact id: '193bd4016f6be32150c55cca1c28bd4a') in 0.067584 seconds 
Number of asset objects unloaded after import = 4
========================================================================
Received Import Request.
  Time since last request: 0.000040 seconds.
  path: Assets/PolygonNatureBiomes/PNB_Tropical_Jungle/Textures/LOD_Cards/bush_palm_01.tga
  artifactKey: Guid(8e7731033b34a9142b19e6ec4815f1f9) Importer(815301076,1909f56bfc062723c751e8b465ee728b)
Number of updated assets reloaded before import = 0
Start importing Assets/PolygonNatureBiomes/PNB_Tropical_Jungle/Textures/LOD_Cards/bush_palm_01.tga using Guid(8e7731033b34a9142b19e6ec4815f1f9) Importer(815301076,1909f56bfc062723c751e8b465ee728b)  -> (artifact id: 'bb25fb60718a7f32d7d76b9efeb447b5') in 0.020879 seconds 
Number of asset objects unloaded after import = 2
========================================================================
Received Import Request.
  Time since last request: 2.167556 seconds.
  path: Assets/PolygonNatureBiomes/PNB_Tropical_Jungle/Textures/Plants/Leaf_Fern_01.tga
  artifactKey: Guid(bf90d387fda6ed742bb7e80e4fb9139e) Importer(815301076,1909f56bfc062723c751e8b465ee728b)
Number of updated assets reloaded before import = 0
Start importing Assets/PolygonNatureBiomes/PNB_Tropical_Jungle/Textures/Plants/Leaf_Fern_01.tga using Guid(bf90d387fda6ed742bb7e80e4fb9139e) Importer(815301076,1909f56bfc062723c751e8b465ee728b)  -> (artifact id: '2e6173234a830c7d2665016e7da61c7e') in 0.033363 seconds 
Number of asset objects unloaded after import = 2
========================================================================
Received Import Request.
  Time since last request: 0.000027 seconds.
  path: Assets/PolygonNatureBiomes/PNB_Tropical_Jungle/FX/FX_Textures/Leaf_Texture_Tropical.png
  artifactKey: Guid(048524d77fa8672478403dc4dfbe3ca4) Importer(815301076,1909f56bfc062723c751e8b465ee728b)
Number of updated assets reloaded before import = 0
Start importing Assets/PolygonNatureBiomes/PNB_Tropical_Jungle/FX/FX_Textures/Leaf_Texture_Tropical.png using Guid(048524d77fa8672478403dc4dfbe3ca4) Importer(815301076,1909f56bfc062723c751e8b465ee728b)  -> (artifact id: '5d42f0d7b81dbf74d513b51e89d279ba') in 0.017320 seconds 
Number of asset objects unloaded after import = 2
========================================================================
Received Import Request.
  Time since last request: 0.000049 seconds.
  path: Assets/PolygonNatureBiomes/PNB_Tropical_Jungle/Textures/Bioluminescence/Leaf_Palm_Biolumin_Final_02.png
  artifactKey: Guid(5f2e291c19020264eb45819b04026ba5) Importer(815301076,1909f56bfc062723c751e8b465ee728b)
Number of updated assets reloaded before import = 0
Start importing Assets/PolygonNatureBiomes/PNB_Tropical_Jungle/Textures/Bioluminescence/Leaf_Palm_Biolumin_Final_02.png using Guid(5f2e291c19020264eb45819b04026ba5) Importer(815301076,1909f56bfc062723c751e8b465ee728b)  -> (artifact id: 'b46c7e5bcb02147a478c4df9e72d2a01') in 0.022079 seconds 
Number of asset objects unloaded after import = 2
========================================================================
Received Import Request.
  Time since last request: 0.000041 seconds.
  path: Assets/PolygonNatureBiomes/PNB_Tropical_Jungle/Textures/Plants/Leaf_Square_01.tga
  artifactKey: Guid(488c850eb24cd0043bcd2bbf1b887d74) Importer(815301076,1909f56bfc062723c751e8b465ee728b)
Number of updated assets reloaded before import = 0
Start importing Assets/PolygonNatureBiomes/PNB_Tropical_Jungle/Textures/Plants/Leaf_Square_01.tga using Guid(488c850eb24cd0043bcd2bbf1b887d74) Importer(815301076,1909f56bfc062723c751e8b465ee728b)  -> (artifact id: '8f2894f9ebd4f66e52d222de6c107b99') in 0.023004 seconds 
Number of asset objects unloaded after import = 2
========================================================================
Received Import Request.
  Time since last request: 0.000024 seconds.
  path: Assets/PolygonNatureBiomes/PNB_Tropical_Jungle/Textures/Plants/leafPatch_02.tga
  artifactKey: Guid(5b795388d0aca27458c41bffcdbb4f1a) Importer(815301076,1909f56bfc062723c751e8b465ee728b)
Number of updated assets reloaded before import = 0
Start importing Assets/PolygonNatureBiomes/PNB_Tropical_Jungle/Textures/Plants/leafPatch_02.tga using Guid(5b795388d0aca27458c41bffcdbb4f1a) Importer(815301076,1909f56bfc062723c751e8b465ee728b)  -> (artifact id: '83e50124dca026086b4e5c90839b4549') in 0.021352 seconds 
Number of asset objects unloaded after import = 2
========================================================================
Received Import Request.
  Time since last request: 0.000026 seconds.
  path: Assets/PolygonNatureBiomes/PNB_Tropical_Jungle/Textures/Bioluminescence/Leaf_Palm_Biolumin_Final_03.png
  artifactKey: Guid(bab9b4996db14934ebaabe9067dc579d) Importer(815301076,1909f56bfc062723c751e8b465ee728b)
Number of updated assets reloaded before import = 0
Start importing Assets/PolygonNatureBiomes/PNB_Tropical_Jungle/Textures/Bioluminescence/Leaf_Palm_Biolumin_Final_03.png using Guid(bab9b4996db14934ebaabe9067dc579d) Importer(815301076,1909f56bfc062723c751e8b465ee728b)  -> (artifact id: '1c5cadc8e1909004d19dae2b4794a4a3') in 0.016758 seconds 
Number of asset objects unloaded after import = 2
========================================================================
Received Import Request.
  Time since last request: 0.000022 seconds.
  path: Assets/PolygonNatureBiomes/PNB_Tropical_Jungle/Textures/Occulsion/Leaf_Fern_01_Occlusion.png
  artifactKey: Guid(239fadec9b745614ea0c72acbe98a3a3) Importer(815301076,1909f56bfc062723c751e8b465ee728b)
Number of updated assets reloaded before import = 0
Start importing Assets/PolygonNatureBiomes/PNB_Tropical_Jungle/Textures/Occulsion/Leaf_Fern_01_Occlusion.png using Guid(239fadec9b745614ea0c72acbe98a3a3) Importer(815301076,1909f56bfc062723c751e8b465ee728b)  -> (artifact id: 'f2cf1827d86cdb3e3fa19a082774eb6e') in 0.017596 seconds 
Number of asset objects unloaded after import = 2
========================================================================
Received Import Request.
  Time since last request: 0.000021 seconds.
  path: Assets/PolygonNatureBiomes/PNB_Tropical_Jungle/Textures/Normals/Leaf_Palm_01_Normals.png
  artifactKey: Guid(5b08078d6e183ad4d94fdb22c38d7da9) Importer(815301076,1909f56bfc062723c751e8b465ee728b)
Number of updated assets reloaded before import = 0
Start importing Assets/PolygonNatureBiomes/PNB_Tropical_Jungle/Textures/Normals/Leaf_Palm_01_Normals.png using Guid(5b08078d6e183ad4d94fdb22c38d7da9) Importer(815301076,1909f56bfc062723c751e8b465ee728b)  -> (artifact id: '127045d225825d5471a0780d98b15fe9') in 0.022649 seconds 
Number of asset objects unloaded after import = 2
========================================================================
Received Import Request.
  Time since last request: 0.297135 seconds.
  path: Assets/PolygonNatureBiomes/PNB_Tropical_Jungle/Textures/Plants/leafPatch_03.tga
  artifactKey: Guid(12d39c64e3fffe941b66104ac61c789e) Importer(815301076,1909f56bfc062723c751e8b465ee728b)
Number of updated assets reloaded before import = 0
Start importing Assets/PolygonNatureBiomes/PNB_Tropical_Jungle/Textures/Plants/leafPatch_03.tga using Guid(12d39c64e3fffe941b66104ac61c789e) Importer(815301076,1909f56bfc062723c751e8b465ee728b)  -> (artifact id: '5386c28608bd09440370d336625e3bc0') in 0.017980 seconds 
Number of asset objects unloaded after import = 2
========================================================================
Received Import Request.
  Time since last request: 0.000016 seconds.
  path: Assets/nTools/PrefabPainter/GUI/MoveTool.png
  artifactKey: Guid(135f45923811d44558b9259a9ab66497) Importer(815301076,1909f56bfc062723c751e8b465ee728b)
Number of updated assets reloaded before import = 0
Start importing Assets/nTools/PrefabPainter/GUI/MoveTool.png using Guid(135f45923811d44558b9259a9ab66497) Importer(815301076,1909f56bfc062723c751e8b465ee728b)  -> (artifact id: '446d85bc0ba54d7b307c756c558a9e29') in 0.016846 seconds 
Number of asset objects unloaded after import = 2
========================================================================
Received Import Request.
  Time since last request: 0.000018 seconds.
  path: Assets/PolygonNatureBiomes/PNB_Core/Textures/Noise_Mid.tga
  artifactKey: Guid(95228cb87bc1fcf4b8b99b626dcf102c) Importer(815301076,1909f56bfc062723c751e8b465ee728b)
Number of updated assets reloaded before import = 0
Start importing Assets/PolygonNatureBiomes/PNB_Core/Textures/Noise_Mid.tga using Guid(95228cb87bc1fcf4b8b99b626dcf102c) Importer(815301076,1909f56bfc062723c751e8b465ee728b)  -> (artifact id: '6002ee104e5819c7c56d4853aa252ac1') in 0.023846 seconds 
Number of asset objects unloaded after import = 2
========================================================================
Received Import Request.
  Time since last request: 0.000023 seconds.
  path: Assets/nTools/PrefabPainter/GUI/PinTool_HIDPI.png
  artifactKey: Guid(4e26aa5bf60e340fe90275b13ca9a879) Importer(815301076,1909f56bfc062723c751e8b465ee728b)
Number of updated assets reloaded before import = 0
Start importing Assets/nTools/PrefabPainter/GUI/PinTool_HIDPI.png using Guid(4e26aa5bf60e340fe90275b13ca9a879) Importer(815301076,1909f56bfc062723c751e8b465ee728b)  -> (artifact id: 'a629282efd0f1c292dc628af2dca090c') in 0.015867 seconds 
Number of asset objects unloaded after import = 2
========================================================================
Received Import Request.
  Time since last request: 0.000021 seconds.
  path: Assets/PolygonWestern/Textures/PolygonWestern_Texture_03_A.png
  artifactKey: Guid(bbd05c0a93aa316418e1667cdefafd91) Importer(815301076,1909f56bfc062723c751e8b465ee728b)
Number of updated assets reloaded before import = 0
Start importing Assets/PolygonWestern/Textures/PolygonWestern_Texture_03_A.png using Guid(bbd05c0a93aa316418e1667cdefafd91) Importer(815301076,1909f56bfc062723c751e8b465ee728b)  -> (artifact id: '21789f8b9558b9f0fadd99cbf9d50b78') in 0.016760 seconds 
Number of asset objects unloaded after import = 2
========================================================================
Received Import Request.
  Time since last request: 0.000021 seconds.
  path: Assets/nTools/PrefabPainter/GUI/OrientTool.png
  artifactKey: Guid(670d7dc74bbd243578a08157fd0a2569) Importer(815301076,1909f56bfc062723c751e8b465ee728b)
Number of updated assets reloaded before import = 0
Start importing Assets/nTools/PrefabPainter/GUI/OrientTool.png using Guid(670d7dc74bbd243578a08157fd0a2569) Importer(815301076,1909f56bfc062723c751e8b465ee728b)  -> (artifact id: 'f3ec9ba4c7528969912f865ac9b65146') in 0.015008 seconds 
Number of asset objects unloaded after import = 2
========================================================================
Received Import Request.
  Time since last request: 0.000022 seconds.
  path: Assets/PolygonWestern/Textures/PolygonWestern_Texture_01_C.png
  artifactKey: Guid(105f80efe20ead547ab33f2649bd1a84) Importer(815301076,1909f56bfc062723c751e8b465ee728b)
Number of updated assets reloaded before import = 0
Start importing Assets/PolygonWestern/Textures/PolygonWestern_Texture_01_C.png using Guid(105f80efe20ead547ab33f2649bd1a84) Importer(815301076,1909f56bfc062723c751e8b465ee728b)  -> (artifact id: '749cacc039a32abd006979c9b047ccfe') in 0.020477 seconds 
Number of asset objects unloaded after import = 2
========================================================================
Received Import Request.
  Time since last request: 0.000044 seconds.
  path: Assets/PolygonNatureBiomes/PNB_Tropical_Jungle/Terrain/Ruin_Tiles_Normals_01.png
  artifactKey: Guid(16e77de1ef34d6a488acd13245395a95) Importer(815301076,1909f56bfc062723c751e8b465ee728b)
Number of updated assets reloaded before import = 0
Start importing Assets/PolygonNatureBiomes/PNB_Tropical_Jungle/Terrain/Ruin_Tiles_Normals_01.png using Guid(16e77de1ef34d6a488acd13245395a95) Importer(815301076,1909f56bfc062723c751e8b465ee728b)  -> (artifact id: '90694d718a8b158148ff07508ff6f6a8') in 0.023484 seconds 
Number of asset objects unloaded after import = 2
========================================================================
Received Import Request.
  Time since last request: 0.000022 seconds.
  path: Assets/PolygonWestern/Textures/PolygonWestern_Texture_03_B.png
  artifactKey: Guid(935759cd778991a459f94dcf89141ed9) Importer(815301076,1909f56bfc062723c751e8b465ee728b)
Number of updated assets reloaded before import = 0
Start importing Assets/PolygonWestern/Textures/PolygonWestern_Texture_03_B.png using Guid(935759cd778991a459f94dcf89141ed9) Importer(815301076,1909f56bfc062723c751e8b465ee728b)  -> (artifact id: '0fb22ac15cfbe3ce5d775f8c5f4ffa94') in 0.017501 seconds 
Number of asset objects unloaded after import = 2
========================================================================
Received Import Request.
  Time since last request: 0.000028 seconds.
  path: Assets/nTools/PrefabPainter/GUI/SettingsTool_HIDPI.png
  artifactKey: Guid(ed0e2dfd1f06f428ea19dcf895050d13) Importer(815301076,1909f56bfc062723c751e8b465ee728b)
Number of updated assets reloaded before import = 0
Start importing Assets/nTools/PrefabPainter/GUI/SettingsTool_HIDPI.png using Guid(ed0e2dfd1f06f428ea19dcf895050d13) Importer(815301076,1909f56bfc062723c751e8b465ee728b)  -> (artifact id: '1359900e2a68e65de8b78fbb9584f5ff') in 0.019030 seconds 
Number of asset objects unloaded after import = 2
========================================================================
Received Import Request.
  Time since last request: 0.000035 seconds.
  path: Assets/PolygonNatureBiomes/PNB_Tropical_Jungle/Terrain/Rock_Coral_Texture_01.png
  artifactKey: Guid(146190c538f8ebf4c9dedebbf4681049) Importer(815301076,1909f56bfc062723c751e8b465ee728b)
Number of updated assets reloaded before import = 0
Start importing Assets/PolygonNatureBiomes/PNB_Tropical_Jungle/Terrain/Rock_Coral_Texture_01.png using Guid(146190c538f8ebf4c9dedebbf4681049) Importer(815301076,1909f56bfc062723c751e8b465ee728b)  -> (artifact id: 'e37cbbf459c37cd4d6e90facd3ff4925') in 0.020840 seconds 
Number of asset objects unloaded after import = 2
========================================================================
Received Import Request.
  Time since last request: 0.000025 seconds.
  path: Assets/PolygonNatureBiomes/PNB_Core/Textures/Noise_Wave.tga
  artifactKey: Guid(77c465e84959d4b40b1d80c93f73a186) Importer(815301076,1909f56bfc062723c751e8b465ee728b)
Number of updated assets reloaded before import = 0
Start importing Assets/PolygonNatureBiomes/PNB_Core/Textures/Noise_Wave.tga using Guid(77c465e84959d4b40b1d80c93f73a186) Importer(815301076,1909f56bfc062723c751e8b465ee728b)  -> (artifact id: '99c68ba2d1bbb9b4987db7f8b815b0cb') in 0.019483 seconds 
Number of asset objects unloaded after import = 2
========================================================================
Received Import Request.
  Time since last request: 0.000026 seconds.
  path: Assets/PolygonNatureBiomes/PNB_Tropical_Jungle/Terrain/Sand_Pebbles_Normals_01.png
  artifactKey: Guid(6991238264271274d9f529db04555034) Importer(815301076,1909f56bfc062723c751e8b465ee728b)
Number of updated assets reloaded before import = 0
Start importing Assets/PolygonNatureBiomes/PNB_Tropical_Jungle/Terrain/Sand_Pebbles_Normals_01.png using Guid(6991238264271274d9f529db04555034) Importer(815301076,1909f56bfc062723c751e8b465ee728b)  -> (artifact id: 'e569038757e97d21abe21980372207e6') in 0.023674 seconds 
Number of asset objects unloaded after import = 2
========================================================================
Received Import Request.
  Time since last request: 0.000023 seconds.
  path: Assets/nTools/PrefabPainter/GUI/ModifyTool_HIDPI.png
  artifactKey: Guid(e040900dc743a4f33bc54369520c2ff3) Importer(815301076,1909f56bfc062723c751e8b465ee728b)
Number of updated assets reloaded before import = 0
Start importing Assets/nTools/PrefabPainter/GUI/ModifyTool_HIDPI.png using Guid(e040900dc743a4f33bc54369520c2ff3) Importer(815301076,1909f56bfc062723c751e8b465ee728b)  -> (artifact id: '8e2e82a2286b84e4684bb4d0ec4e1181') in 0.019432 seconds 
Number of asset objects unloaded after import = 2
========================================================================
Received Import Request.
  Time since last request: 0.000034 seconds.
  path: Assets/PolygonNatureBiomes/PNB_Tropical_Jungle/Textures/Normals/Palm_Bark_02_Normals.png
  artifactKey: Guid(8343d586c61bca64fb068020cfaee8c9) Importer(815301076,1909f56bfc062723c751e8b465ee728b)
Number of updated assets reloaded before import = 0
Start importing Assets/PolygonNatureBiomes/PNB_Tropical_Jungle/Textures/Normals/Palm_Bark_02_Normals.png using Guid(8343d586c61bca64fb068020cfaee8c9) Importer(815301076,1909f56bfc062723c751e8b465ee728b)  -> (artifact id: '3c4c9a0c6670418b3b5ed717e90e91b1') in 0.022369 seconds 
Number of asset objects unloaded after import = 2
========================================================================
Received Import Request.
  Time since last request: 0.000022 seconds.
  path: Assets/TextMesh Pro/Resources/Fonts & Materials/LiberationSans SDF - Fallback.asset
  artifactKey: Guid(2e498d1c8094910479dc3e1b768306a4) Importer(815301076,1909f56bfc062723c751e8b465ee728b)
Number of updated assets reloaded before import = 0
Start importing Assets/TextMesh Pro/Resources/Fonts & Materials/LiberationSans SDF - Fallback.asset using Guid(2e498d1c8094910479dc3e1b768306a4) Importer(815301076,1909f56bfc062723c751e8b465ee728b)  -> (artifact id: '6965216155f0f857f6a0313e9a753f91') in 0.038885 seconds 
Number of asset objects unloaded after import = 6
========================================================================
Received Import Request.
  Time since last request: 0.000021 seconds.
  path: Assets/PolygonWestern/Textures/PolygonWestern_Texture_Mike.png
  artifactKey: Guid(560116b8f7bbe2a41a530fae59f4190e) Importer(815301076,1909f56bfc062723c751e8b465ee728b)
Number of updated assets reloaded before import = 0
Start importing Assets/PolygonWestern/Textures/PolygonWestern_Texture_Mike.png using Guid(560116b8f7bbe2a41a530fae59f4190e) Importer(815301076,1909f56bfc062723c751e8b465ee728b)  -> (artifact id: 'c4a3aa7fac58cf147411bc0358f46082') in 0.021587 seconds 
Number of asset objects unloaded after import = 2
========================================================================
Received Import Request.
  Time since last request: 0.000027 seconds.
  path: Assets/PolygonNatureBiomes/PNB_Tropical_Jungle/Terrain/Sand_Wavy_Normals_01.png
  artifactKey: Guid(a0e83d61489b04e4083afe5002e4d3b1) Importer(815301076,1909f56bfc062723c751e8b465ee728b)
Number of updated assets reloaded before import = 0
Start importing Assets/PolygonNatureBiomes/PNB_Tropical_Jungle/Terrain/Sand_Wavy_Normals_01.png using Guid(a0e83d61489b04e4083afe5002e4d3b1) Importer(815301076,1909f56bfc062723c751e8b465ee728b)  -> (artifact id: '85ae215f2d7c3a7723624a910fcef9bc') in 0.020451 seconds 
Number of asset objects unloaded after import = 2
========================================================================
Received Import Request.
  Time since last request: 0.000022 seconds.
  path: Assets/PolygonNatureBiomes/PNB_Core/Textures/Noise_Small.png
  artifactKey: Guid(e0595e1df515fa64fa99e3017d4ace24) Importer(815301076,1909f56bfc062723c751e8b465ee728b)
Number of updated assets reloaded before import = 0
Start importing Assets/PolygonNatureBiomes/PNB_Core/Textures/Noise_Small.png using Guid(e0595e1df515fa64fa99e3017d4ace24) Importer(815301076,1909f56bfc062723c751e8b465ee728b)  -> (artifact id: '144ab5704df89aa8af941fd21c5af64c') in 0.018690 seconds 
Number of asset objects unloaded after import = 2
========================================================================
Received Import Request.
  Time since last request: 0.000033 seconds.
  path: Assets/PolygonWestern/Textures/PolygonWestern_Texture_01_B.png
  artifactKey: Guid(1b70ea072930be048a51e32bc50964a1) Importer(815301076,1909f56bfc062723c751e8b465ee728b)
Number of updated assets reloaded before import = 0
Start importing Assets/PolygonWestern/Textures/PolygonWestern_Texture_01_B.png using Guid(1b70ea072930be048a51e32bc50964a1) Importer(815301076,1909f56bfc062723c751e8b465ee728b)  -> (artifact id: '863df238480ccfffb1da832df6b06e29') in 0.016310 seconds 
Number of asset objects unloaded after import = 2
========================================================================
Received Import Request.
  Time since last request: 0.000028 seconds.
  path: Assets/PolygonNatureBiomes/PNB_Tropical_Jungle/Terrain/Rock_Coral_Normals_01.png
  artifactKey: Guid(b33a35e5e67fe164bb77f125aab07daf) Importer(815301076,1909f56bfc062723c751e8b465ee728b)
Number of updated assets reloaded before import = 0
Start importing Assets/PolygonNatureBiomes/PNB_Tropical_Jungle/Terrain/Rock_Coral_Normals_01.png using Guid(b33a35e5e67fe164bb77f125aab07daf) Importer(815301076,1909f56bfc062723c751e8b465ee728b)  -> (artifact id: '39bb2108d2ce0d57b4c568de6d547bd6') in 0.023878 seconds 
Number of asset objects unloaded after import = 2
========================================================================
Received Import Request.
  Time since last request: 0.000024 seconds.
  path: Assets/PolygonNatureBiomes/PNB_Tropical_Jungle/Terrain/Sand_Texture_01.png
  artifactKey: Guid(c3f8c8fe14d14ab49ac1b32011119754) Importer(815301076,1909f56bfc062723c751e8b465ee728b)
Number of updated assets reloaded before import = 0
Start importing Assets/PolygonNatureBiomes/PNB_Tropical_Jungle/Terrain/Sand_Texture_01.png using Guid(c3f8c8fe14d14ab49ac1b32011119754) Importer(815301076,1909f56bfc062723c751e8b465ee728b)  -> (artifact id: 'bc6bcfe6942a50e2bf02cb534a5c52e4') in 0.016764 seconds 
Number of asset objects unloaded after import = 2
========================================================================
Received Import Request.
  Time since last request: 0.004474 seconds.
  path: Assets/PolygonNatureBiomes/PNB_Tropical_Jungle/Terrain/Sand_Wavy_Texture_01.png
  artifactKey: Guid(98a9f77fb6304fb448296c812deff4f9) Importer(815301076,1909f56bfc062723c751e8b465ee728b)
Number of updated assets reloaded before import = 0
Start importing Assets/PolygonNatureBiomes/PNB_Tropical_Jungle/Terrain/Sand_Wavy_Texture_01.png using Guid(98a9f77fb6304fb448296c812deff4f9) Importer(815301076,1909f56bfc062723c751e8b465ee728b)  -> (artifact id: 'cd4b3a324df524f549c9a5d10de56cc6') in 0.021297 seconds 
Number of asset objects unloaded after import = 2
========================================================================
Received Import Request.
  Time since last request: 0.000019 seconds.
  path: Assets/PolygonNatureBiomes/PNB_Tropical_Jungle/Terrain/Ruin_Tiles_Texture_01.png
  artifactKey: Guid(3dc282765f817814a8167b3a55e328fe) Importer(815301076,1909f56bfc062723c751e8b465ee728b)
Number of updated assets reloaded before import = 0
Start importing Assets/PolygonNatureBiomes/PNB_Tropical_Jungle/Terrain/Ruin_Tiles_Texture_01.png using Guid(3dc282765f817814a8167b3a55e328fe) Importer(815301076,1909f56bfc062723c751e8b465ee728b)  -> (artifact id: '8bb1aa219605c3bf61590f0a57d88ac2') in 0.021225 seconds 
Number of asset objects unloaded after import = 2
========================================================================
Received Import Request.
  Time since last request: 0.000024 seconds.
  path: Assets/PolygonWestern/Textures/PolygonWestern_Texture_01_A.png
  artifactKey: Guid(eda681f5b7e10b446a6e23ddf3b74c0c) Importer(815301076,1909f56bfc062723c751e8b465ee728b)
Number of updated assets reloaded before import = 0
Start importing Assets/PolygonWestern/Textures/PolygonWestern_Texture_01_A.png using Guid(eda681f5b7e10b446a6e23ddf3b74c0c) Importer(815301076,1909f56bfc062723c751e8b465ee728b)  -> (artifact id: '806d3ace1d303a57d13534e0f8897522') in 0.021175 seconds 
Number of asset objects unloaded after import = 2
========================================================================
Received Import Request.
  Time since last request: 0.000019 seconds.
  path: Assets/PolygonWestern/Textures/PolygonWestern_Texture1.png
  artifactKey: Guid(2f94f6bda2ac07743b44aa2ea4b791e1) Importer(815301076,1909f56bfc062723c751e8b465ee728b)
Number of updated assets reloaded before import = 0
Start importing Assets/PolygonWestern/Textures/PolygonWestern_Texture1.png using Guid(2f94f6bda2ac07743b44aa2ea4b791e1) Importer(815301076,1909f56bfc062723c751e8b465ee728b)  -> (artifact id: 'e8e6949b49a60fca4a89e084a9157801') in 0.018723 seconds 
Number of asset objects unloaded after import = 2
========================================================================
Received Import Request.
  Time since last request: 0.000020 seconds.
  path: Assets/PolygonWestern/Textures/PolygonWestern_Texture_02.png
  artifactKey: Guid(6c88b4dd65148ae45a4464437b3ef2a6) Importer(815301076,1909f56bfc062723c751e8b465ee728b)
Number of updated assets reloaded before import = 0
Start importing Assets/PolygonWestern/Textures/PolygonWestern_Texture_02.png using Guid(6c88b4dd65148ae45a4464437b3ef2a6) Importer(815301076,1909f56bfc062723c751e8b465ee728b)  -> (artifact id: 'ce25ef77994df9feb6f10562fda72406') in 0.019466 seconds 
Number of asset objects unloaded after import = 2
========================================================================
Received Import Request.
  Time since last request: 0.000025 seconds.
  path: Assets/PolygonNatureBiomes/PNB_Tropical_Jungle/Terrain/Rock_Texture_01.png
  artifactKey: Guid(ba8118ad729614644b6ae21bea275c3a) Importer(815301076,1909f56bfc062723c751e8b465ee728b)
Number of updated assets reloaded before import = 0
Start importing Assets/PolygonNatureBiomes/PNB_Tropical_Jungle/Terrain/Rock_Texture_01.png using Guid(ba8118ad729614644b6ae21bea275c3a) Importer(815301076,1909f56bfc062723c751e8b465ee728b)  -> (artifact id: '9c178bf587342fd0f37eed5ab65a9efc') in 0.022215 seconds 
Number of asset objects unloaded after import = 2
========================================================================
Received Import Request.
  Time since last request: 0.000020 seconds.
  path: Assets/PolygonNatureBiomes/PNB_Tropical_Jungle/Terrain/Seaweed_Sand_Normals_01.png
  artifactKey: Guid(aa79ee3a8b3e1814aad2b6050e5877ff) Importer(815301076,1909f56bfc062723c751e8b465ee728b)
Number of updated assets reloaded before import = 0
Start importing Assets/PolygonNatureBiomes/PNB_Tropical_Jungle/Terrain/Seaweed_Sand_Normals_01.png using Guid(aa79ee3a8b3e1814aad2b6050e5877ff) Importer(815301076,1909f56bfc062723c751e8b465ee728b)  -> (artifact id: '06f3449fdbcf0656d3433f430763431b') in 0.019505 seconds 
Number of asset objects unloaded after import = 2
========================================================================
Received Import Request.
  Time since last request: 0.000036 seconds.
  path: Assets/PolygonWestern/Textures/PolygonWestern_Texture_03_C.png
  artifactKey: Guid(6f1fe5d146b13d84184e612f6326c551) Importer(815301076,1909f56bfc062723c751e8b465ee728b)
Number of updated assets reloaded before import = 0
Start importing Assets/PolygonWestern/Textures/PolygonWestern_Texture_03_C.png using Guid(6f1fe5d146b13d84184e612f6326c551) Importer(815301076,1909f56bfc062723c751e8b465ee728b)  -> (artifact id: '2e98c38a5c62aa3fdfb8f9410d20dda9') in 0.016313 seconds 
Number of asset objects unloaded after import = 2
========================================================================
Received Import Request.
  Time since last request: 0.000018 seconds.
  path: Assets/nTools/PrefabPainter/GUI/SelectTool.png
  artifactKey: Guid(1bca7fd285e134ec78d504915c79571a) Importer(815301076,1909f56bfc062723c751e8b465ee728b)
Number of updated assets reloaded before import = 0
Start importing Assets/nTools/PrefabPainter/GUI/SelectTool.png using Guid(1bca7fd285e134ec78d504915c79571a) Importer(815301076,1909f56bfc062723c751e8b465ee728b)  -> (artifact id: '640cdb78843abb8a83d3be1c4e3e8be1') in 0.014151 seconds 
Number of asset objects unloaded after import = 2
========================================================================
Received Import Request.
  Time since last request: 0.000021 seconds.
  path: Assets/Scenes/SampleScene/ReflectionProbe-0.exr
  artifactKey: Guid(89aafa358ce847f4d9c29f40f98b9740) Importer(815301076,1909f56bfc062723c751e8b465ee728b)
Number of updated assets reloaded before import = 0
Start importing Assets/Scenes/SampleScene/ReflectionProbe-0.exr using Guid(89aafa358ce847f4d9c29f40f98b9740) Importer(815301076,1909f56bfc062723c751e8b465ee728b)  -> (artifact id: '96fb6fe8d2de7ac11c8b961646abb6c7') in 0.027652 seconds 
Number of asset objects unloaded after import = 1
========================================================================
Received Import Request.
  Time since last request: 0.000031 seconds.
  path: Assets/PolygonWestern/Textures/PolygonWestern_Texture_Metallic.tga
  artifactKey: Guid(5c160ef581b4e484ca2cb11633500e82) Importer(815301076,1909f56bfc062723c751e8b465ee728b)
Number of updated assets reloaded before import = 0
Start importing Assets/PolygonWestern/Textures/PolygonWestern_Texture_Metallic.tga using Guid(5c160ef581b4e484ca2cb11633500e82) Importer(815301076,1909f56bfc062723c751e8b465ee728b)  -> (artifact id: '52f0d271e63f93ec56b86b77ab2e03d5') in 0.023932 seconds 
Number of asset objects unloaded after import = 2
========================================================================
Received Import Request.
  Time since last request: 0.000023 seconds.
  path: Assets/PolygonNatureBiomes/PNB_Tropical_Jungle/Textures/Normals/Palm_Bark_01_Normals.png
  artifactKey: Guid(84675b1e4f41ea04e9a7804abad191ce) Importer(815301076,1909f56bfc062723c751e8b465ee728b)
Number of updated assets reloaded before import = 0
Start importing Assets/PolygonNatureBiomes/PNB_Tropical_Jungle/Textures/Normals/Palm_Bark_01_Normals.png using Guid(84675b1e4f41ea04e9a7804abad191ce) Importer(815301076,1909f56bfc062723c751e8b465ee728b)  -> (artifact id: 'b50b4da6cad2438fbb5108b064394577') in 0.021374 seconds 
Number of asset objects unloaded after import = 2
========================================================================
Received Import Request.
  Time since last request: 0.000036 seconds.
  path: Assets/PolygonNatureBiomes/PNB_Tropical_Jungle/Terrain/Sand_Debris_Texture_01.png
  artifactKey: Guid(b99eb638ee9100047ac7c66372ea9c0d) Importer(815301076,1909f56bfc062723c751e8b465ee728b)
Number of updated assets reloaded before import = 0
Start importing Assets/PolygonNatureBiomes/PNB_Tropical_Jungle/Terrain/Sand_Debris_Texture_01.png using Guid(b99eb638ee9100047ac7c66372ea9c0d) Importer(815301076,1909f56bfc062723c751e8b465ee728b)  -> (artifact id: '0a0bcdcb3d352b14dc3cbcf6bfce035a') in 0.021590 seconds 
Number of asset objects unloaded after import = 2
========================================================================
Received Import Request.
  Time since last request: 0.000019 seconds.
  path: Assets/PolygonPirates/Textures/SimpleSky.png
  artifactKey: Guid(7bab9ac1487e10c40b9ed77d4c551e04) Importer(815301076,1909f56bfc062723c751e8b465ee728b)
Number of updated assets reloaded before import = 0
Start importing Assets/PolygonPirates/Textures/SimpleSky.png using Guid(7bab9ac1487e10c40b9ed77d4c551e04) Importer(815301076,1909f56bfc062723c751e8b465ee728b)  -> (artifact id: 'e74d05ccb5d4506318ffeb0a7f683e2f') in 0.020392 seconds 
Number of asset objects unloaded after import = 2
========================================================================
Received Import Request.
  Time since last request: 0.000031 seconds.
  path: Assets/nTools/PrefabPainter/GUI/PPIconW.png
  artifactKey: Guid(8dec757710cb44f04b214bacbafb5f40) Importer(815301076,1909f56bfc062723c751e8b465ee728b)
Number of updated assets reloaded before import = 0
Start importing Assets/nTools/PrefabPainter/GUI/PPIconW.png using Guid(8dec757710cb44f04b214bacbafb5f40) Importer(815301076,1909f56bfc062723c751e8b465ee728b)  -> (artifact id: 'c6a55b39f0e7741a3cc3773a67f7e26a') in 0.016580 seconds 
Number of asset objects unloaded after import = 2
========================================================================
Received Import Request.
  Time since last request: 0.000029 seconds.
  path: Assets/PolygonNatureBiomes/PNB_Tropical_Jungle/Terrain/Sand_Pebbles_Texture_01.png
  artifactKey: Guid(325441145d1db1d409f5d10960019740) Importer(815301076,1909f56bfc062723c751e8b465ee728b)
Number of updated assets reloaded before import = 0
Start importing Assets/PolygonNatureBiomes/PNB_Tropical_Jungle/Terrain/Sand_Pebbles_Texture_01.png using Guid(325441145d1db1d409f5d10960019740) Importer(815301076,1909f56bfc062723c751e8b465ee728b)  -> (artifact id: '574a4366e333b088e06eb2d3e86282db') in 0.020159 seconds 
Number of asset objects unloaded after import = 2
========================================================================
Received Import Request.
  Time since last request: 0.000025 seconds.
  path: Assets/PolygonNatureBiomes/PNB_Tropical_Jungle/FX/FX_Textures/Soft_Circle_02.png
  artifactKey: Guid(ae6fc4a901aba2740ad140dcfe598ed1) Importer(815301076,1909f56bfc062723c751e8b465ee728b)
Number of updated assets reloaded before import = 0
Start importing Assets/PolygonNatureBiomes/PNB_Tropical_Jungle/FX/FX_Textures/Soft_Circle_02.png using Guid(ae6fc4a901aba2740ad140dcfe598ed1) Importer(815301076,1909f56bfc062723c751e8b465ee728b)  -> (artifact id: 'f1de90ee75c4bf75b823fb064980152b') in 0.018730 seconds 
Number of asset objects unloaded after import = 2
========================================================================
Received Import Request.
  Time since last request: 0.000038 seconds.
  path: Assets/PolygonNatureBiomes/PNB_Tropical_Jungle/Terrain/Terrain_Tropical_01.asset
  artifactKey: Guid(5fa5c461f07ce5744a43766f4611982b) Importer(815301076,1909f56bfc062723c751e8b465ee728b)
Number of updated assets reloaded before import = 0
Start importing Assets/PolygonNatureBiomes/PNB_Tropical_Jungle/Terrain/Terrain_Tropical_01.asset using Guid(5fa5c461f07ce5744a43766f4611982b) Importer(815301076,1909f56bfc062723c751e8b465ee728b)  -> (artifact id: '2bfd5a550949725a3be86dbb5a2ca48d') in 0.038590 seconds 
Number of asset objects unloaded after import = 6
========================================================================
Received Import Request.
  Time since last request: 0.000023 seconds.
  path: Assets/PolygonPirates/Textures/Texture_04_B.png
  artifactKey: Guid(433174d60899cd9448650d4dcd2c4a11) Importer(815301076,1909f56bfc062723c751e8b465ee728b)
Number of updated assets reloaded before import = 0
Start importing Assets/PolygonPirates/Textures/Texture_04_B.png using Guid(433174d60899cd9448650d4dcd2c4a11) Importer(815301076,1909f56bfc062723c751e8b465ee728b)  -> (artifact id: 'f60548810ad5a142cbb0bba1811453bf') in 0.028568 seconds 
Number of asset objects unloaded after import = 2
========================================================================
Received Import Request.
  Time since last request: 0.000029 seconds.
  path: Assets/PolygonPirates/Textures/Texture_04_C.png
  artifactKey: Guid(d134021f2af051b4496353b8e759f3a2) Importer(815301076,1909f56bfc062723c751e8b465ee728b)
Number of updated assets reloaded before import = 0
Start importing Assets/PolygonPirates/Textures/Texture_04_C.png using Guid(d134021f2af051b4496353b8e759f3a2) Importer(815301076,1909f56bfc062723c751e8b465ee728b)  -> (artifact id: '523cf3b15c233a864b851eedaf396504') in 0.020223 seconds 
Number of asset objects unloaded after import = 2
========================================================================
Received Import Request.
  Time since last request: 0.000025 seconds.
  path: Assets/PolygonPirates/Textures/Texture_01_C.png
  artifactKey: Guid(2946b9233fafde1488dd3bf83cab38be) Importer(815301076,1909f56bfc062723c751e8b465ee728b)
Number of updated assets reloaded before import = 0
Start importing Assets/PolygonPirates/Textures/Texture_01_C.png using Guid(2946b9233fafde1488dd3bf83cab38be) Importer(815301076,1909f56bfc062723c751e8b465ee728b)  -> (artifact id: 'f8a930acf5871997fc8cfa57daf5d90b') in 0.019273 seconds 
Number of asset objects unloaded after import = 2
========================================================================
Received Import Request.
  Time since last request: 0.000019 seconds.
  path: Assets/PolygonPirates/Textures/Texture_03_A.png
  artifactKey: Guid(0bf6bc68211326c4a9a49fa9cefb4a68) Importer(815301076,1909f56bfc062723c751e8b465ee728b)
Number of updated assets reloaded before import = 0
Start importing Assets/PolygonPirates/Textures/Texture_03_A.png using Guid(0bf6bc68211326c4a9a49fa9cefb4a68) Importer(815301076,1909f56bfc062723c751e8b465ee728b)  -> (artifact id: '28892c060b14ef08a77c112652bc4e17') in 0.017085 seconds 
Number of asset objects unloaded after import = 2
========================================================================
Received Import Request.
  Time since last request: 0.000016 seconds.
  path: Assets/PolygonNatureBiomes/PNB_Tropical_Jungle/FX/FX_Textures/Stingray_Texture.png
  artifactKey: Guid(872b7f6f91c83f2489a16e6ee3b95cfb) Importer(815301076,1909f56bfc062723c751e8b465ee728b)
Number of updated assets reloaded before import = 0
Start importing Assets/PolygonNatureBiomes/PNB_Tropical_Jungle/FX/FX_Textures/Stingray_Texture.png using Guid(872b7f6f91c83f2489a16e6ee3b95cfb) Importer(815301076,1909f56bfc062723c751e8b465ee728b)  -> (artifact id: '7c785e68792f40334c42df1a20b93fbc') in 0.019794 seconds 
Number of asset objects unloaded after import = 2
========================================================================
Received Import Request.
  Time since last request: 0.000017 seconds.
  path: Assets/PolygonPirates/Textures/Texture_02_B.png
  artifactKey: Guid(78af1218c051a244488fa7ef5f8c2b07) Importer(815301076,1909f56bfc062723c751e8b465ee728b)
Number of updated assets reloaded before import = 0
Start importing Assets/PolygonPirates/Textures/Texture_02_B.png using Guid(78af1218c051a244488fa7ef5f8c2b07) Importer(815301076,1909f56bfc062723c751e8b465ee728b)  -> (artifact id: '49878ac4f4942d175f6d91935aebc443') in 0.018293 seconds 
Number of asset objects unloaded after import = 2
========================================================================
Received Import Request.
  Time since last request: 0.000021 seconds.
  path: Assets/PolygonNatureBiomes/PNB_Tropical_Jungle/Textures/PolygonNatureBiomes_Tropical_Texture_01.png
  artifactKey: Guid(33b88fdd40293d84ca97503a4253d337) Importer(815301076,1909f56bfc062723c751e8b465ee728b)
Number of updated assets reloaded before import = 0
Start importing Assets/PolygonNatureBiomes/PNB_Tropical_Jungle/Textures/PolygonNatureBiomes_Tropical_Texture_01.png using Guid(33b88fdd40293d84ca97503a4253d337) Importer(815301076,1909f56bfc062723c751e8b465ee728b)  -> (artifact id: '452c10c7995ed4a7b456d32559c76e02') in 0.021964 seconds 
Number of asset objects unloaded after import = 2
========================================================================
Received Import Request.
  Time since last request: 0.000019 seconds.
  path: Assets/PolygonPirates/Textures/Texture_04_A.png
  artifactKey: Guid(75fd15308c42fed4fbfa58bad74ddfcc) Importer(815301076,1909f56bfc062723c751e8b465ee728b)
Number of updated assets reloaded before import = 0
Start importing Assets/PolygonPirates/Textures/Texture_04_A.png using Guid(75fd15308c42fed4fbfa58bad74ddfcc) Importer(815301076,1909f56bfc062723c751e8b465ee728b)  -> (artifact id: '7ca035ceeedc5d6b7fbc00bea4ac2918') in 0.015376 seconds 
Number of asset objects unloaded after import = 2
========================================================================
Received Import Request.
  Time since last request: 0.000032 seconds.
  path: Assets/PolygonNatureBiomes/PNB_Tropical_Jungle/FX/FX_Textures/SunBeam_Tropical.png
  artifactKey: Guid(30da8e4bad24ba147a90a61b5c3b5a51) Importer(815301076,1909f56bfc062723c751e8b465ee728b)
Number of updated assets reloaded before import = 0
Start importing Assets/PolygonNatureBiomes/PNB_Tropical_Jungle/FX/FX_Textures/SunBeam_Tropical.png using Guid(30da8e4bad24ba147a90a61b5c3b5a51) Importer(815301076,1909f56bfc062723c751e8b465ee728b)  -> (artifact id: '40ed22e09a1ae22fe1767c55efbdbfff') in 0.017793 seconds 
Number of asset objects unloaded after import = 2
========================================================================
Received Import Request.
  Time since last request: 0.000029 seconds.
  path: Assets/PolygonNatureBiomes/PNB_Tropical_Jungle/Terrain/Sand_Wavy_Texture_02.png
  artifactKey: Guid(f4b83bfcf39dae64ba63faf519a4a5d1) Importer(815301076,1909f56bfc062723c751e8b465ee728b)
Number of updated assets reloaded before import = 0
Start importing Assets/PolygonNatureBiomes/PNB_Tropical_Jungle/Terrain/Sand_Wavy_Texture_02.png using Guid(f4b83bfcf39dae64ba63faf519a4a5d1) Importer(815301076,1909f56bfc062723c751e8b465ee728b)  -> (artifact id: '44239fa016ed22f616100defaf3b4a3f') in 0.018163 seconds 
Number of asset objects unloaded after import = 2
========================================================================
Received Import Request.
  Time since last request: 0.000030 seconds.
  path: Assets/PolygonPirates/Textures/Texture_02_C.png
  artifactKey: Guid(0fc20db2ef18bf847b0cb336b3e4867d) Importer(815301076,1909f56bfc062723c751e8b465ee728b)
Number of updated assets reloaded before import = 0
Start importing Assets/PolygonPirates/Textures/Texture_02_C.png using Guid(0fc20db2ef18bf847b0cb336b3e4867d) Importer(815301076,1909f56bfc062723c751e8b465ee728b)  -> (artifact id: 'c74ec675900dd433123d0665fed53fc7') in 0.018296 seconds 
Number of asset objects unloaded after import = 2
========================================================================
Received Import Request.
  Time since last request: 0.000028 seconds.
  path: Assets/PolygonNatureBiomes/PNB_Tropical_Jungle/Terrain/Sand_Normals_01.png
  artifactKey: Guid(fc3c5033a6f0f9a4eb80493b29824874) Importer(815301076,1909f56bfc062723c751e8b465ee728b)
Number of updated assets reloaded before import = 0
Start importing Assets/PolygonNatureBiomes/PNB_Tropical_Jungle/Terrain/Sand_Normals_01.png using Guid(fc3c5033a6f0f9a4eb80493b29824874) Importer(815301076,1909f56bfc062723c751e8b465ee728b)  -> (artifact id: '96b4d0875c713f5a44f472f506a52848') in 0.020788 seconds 
Number of asset objects unloaded after import = 2
========================================================================
Received Import Request.
  Time since last request: 0.300833 seconds.
  path: Assets/Thaleah_PixelFont/Materials/ThaleahFat.png
  artifactKey: Guid(0ac691dd25a276d468ee89cf1948229d) Importer(815301076,1909f56bfc062723c751e8b465ee728b)
Number of updated assets reloaded before import = 0
Start importing Assets/Thaleah_PixelFont/Materials/ThaleahFat.png using Guid(0ac691dd25a276d468ee89cf1948229d) Importer(815301076,1909f56bfc062723c751e8b465ee728b)  -> (artifact id: '96458dc6a6a39f245a3c4af9a7f1b76e') in 0.025147 seconds 
Number of asset objects unloaded after import = 2
========================================================================
Received Import Request.
  Time since last request: 0.000023 seconds.
  path: Assets/PolygonNatureBiomes/PNB_Tropical_Jungle/Textures/LOD_Cards/treePalm_02_Normals.tga
  artifactKey: Guid(4df11a4fb3d9bb144822f1b777145a6f) Importer(815301076,1909f56bfc062723c751e8b465ee728b)
Number of updated assets reloaded before import = 0
Start importing Assets/PolygonNatureBiomes/PNB_Tropical_Jungle/Textures/LOD_Cards/treePalm_02_Normals.tga using Guid(4df11a4fb3d9bb144822f1b777145a6f) Importer(815301076,1909f56bfc062723c751e8b465ee728b)  -> (artifact id: 'c392adf4b686fcdaf9fe826449d444b8') in 0.030403 seconds 
Number of asset objects unloaded after import = 2
========================================================================
Received Import Request.
  Time since last request: 0.000026 seconds.
  path: Assets/PolygonNatureBiomes/PNB_Tropical_Jungle/Textures/LOD_Cards/treeBanana_01_Normals.tga
  artifactKey: Guid(739a770bb5a459f48859adc54cbccf88) Importer(815301076,1909f56bfc062723c751e8b465ee728b)
Number of updated assets reloaded before import = 0
Start importing Assets/PolygonNatureBiomes/PNB_Tropical_Jungle/Textures/LOD_Cards/treeBanana_01_Normals.tga using Guid(739a770bb5a459f48859adc54cbccf88) Importer(815301076,1909f56bfc062723c751e8b465ee728b)  -> (artifact id: 'e09c81d50d5c6f789eba663cc09cf1a4') in 0.027605 seconds 
Number of asset objects unloaded after import = 2
========================================================================
Received Import Request.
  Time since last request: 0.000028 seconds.
  path: Assets/PolygonNatureBiomes/PNB_Tropical_Jungle/Textures/LOD_Cards/treeForest_03.tga
  artifactKey: Guid(997e59e64893e60458a35a3c63e08ed6) Importer(815301076,1909f56bfc062723c751e8b465ee728b)
Number of updated assets reloaded before import = 0
Start importing Assets/PolygonNatureBiomes/PNB_Tropical_Jungle/Textures/LOD_Cards/treeForest_03.tga using Guid(997e59e64893e60458a35a3c63e08ed6) Importer(815301076,1909f56bfc062723c751e8b465ee728b)  -> (artifact id: '58ebab461985ccce2dd10d6a70b63c1e') in 0.025469 seconds 
Number of asset objects unloaded after import = 2
========================================================================
Received Import Request.
  Time since last request: 0.000020 seconds.
  path: Assets/PolygonNatureBiomes/PNB_Tropical_Jungle/Textures/LOD_Cards/treeForest_01_Normals.tga
  artifactKey: Guid(4e04f09f2a865c440af0af316e6dbe35) Importer(815301076,1909f56bfc062723c751e8b465ee728b)
Number of updated assets reloaded before import = 0
Start importing Assets/PolygonNatureBiomes/PNB_Tropical_Jungle/Textures/LOD_Cards/treeForest_01_Normals.tga using Guid(4e04f09f2a865c440af0af316e6dbe35) Importer(815301076,1909f56bfc062723c751e8b465ee728b)  -> (artifact id: '5ad35eb955e8def629ef4153aa43c24e') in 0.029803 seconds 
Number of asset objects unloaded after import = 2
========================================================================
Received Import Request.
  Time since last request: 0.782467 seconds.
  path: Assets/PolygonNatureBiomes/PNB_Tropical_Jungle/Textures/LOD_Cards/treePohutukawa_01.tga
  artifactKey: Guid(1d105ffc631040148a64df6b1d4f5549) Importer(815301076,1909f56bfc062723c751e8b465ee728b)
Number of updated assets reloaded before import = 0
Start importing Assets/PolygonNatureBiomes/PNB_Tropical_Jungle/Textures/LOD_Cards/treePohutukawa_01.tga using Guid(1d105ffc631040148a64df6b1d4f5549) Importer(815301076,1909f56bfc062723c751e8b465ee728b)  -> (artifact id: 'e2eb86d1f62d769a23ee1dc75610d9aa') in 0.027365 seconds 
Number of asset objects unloaded after import = 2
========================================================================
Received Import Request.
  Time since last request: 0.000026 seconds.
  path: Assets/PolygonNatureBiomes/PNB_Core/Textures/WaterNormals_02.png
  artifactKey: Guid(a954bf9d99070634181981a97b088b8a) Importer(815301076,1909f56bfc062723c751e8b465ee728b)
Number of updated assets reloaded before import = 0
Start importing Assets/PolygonNatureBiomes/PNB_Core/Textures/WaterNormals_02.png using Guid(a954bf9d99070634181981a97b088b8a) Importer(815301076,1909f56bfc062723c751e8b465ee728b)  -> (artifact id: '788b9c401338e690295c8aab03f1daa5') in 0.029607 seconds 
Number of asset objects unloaded after import = 2
========================================================================
Received Import Request.
  Time since last request: 0.000028 seconds.
  path: Assets/PolygonNatureBiomes/PNB_Tropical_Jungle/Textures/Normals/WaterNormals_02.png
  artifactKey: Guid(82cd055e7c798f64ab98d2be4b731524) Importer(815301076,1909f56bfc062723c751e8b465ee728b)
Number of updated assets reloaded before import = 0
Start importing Assets/PolygonNatureBiomes/PNB_Tropical_Jungle/Textures/Normals/WaterNormals_02.png using Guid(82cd055e7c798f64ab98d2be4b731524) Importer(815301076,1909f56bfc062723c751e8b465ee728b)  -> (artifact id: 'ca0653035fffe336d098777ee0000317') in 0.024147 seconds 
Number of asset objects unloaded after import = 2
========================================================================
Received Import Request.
  Time since last request: 0.000023 seconds.
  path: Assets/PolygonNatureBiomes/PNB_Core/Textures/White.png
  artifactKey: Guid(729fd1c6753e02647915f7e70c13bfd9) Importer(815301076,1909f56bfc062723c751e8b465ee728b)
Number of updated assets reloaded before import = 0
Start importing Assets/PolygonNatureBiomes/PNB_Core/Textures/White.png using Guid(729fd1c6753e02647915f7e70c13bfd9) Importer(815301076,1909f56bfc062723c751e8b465ee728b)  -> (artifact id: '0cf989a33c3d674e5b8ce9134a5f8d69') in 0.023231 seconds 
Number of asset objects unloaded after import = 2
========================================================================
Received Import Request.
  Time since last request: 0.000040 seconds.
  path: Assets/PolygonNatureBiomes/PNB_Tropical_Jungle/Textures/LOD_Cards/treePohutukawa_04_Normals.tga
  artifactKey: Guid(f4ed852b0449e9c4faac53d1bc6740c0) Importer(815301076,1909f56bfc062723c751e8b465ee728b)
Number of updated assets reloaded before import = 0
Start importing Assets/PolygonNatureBiomes/PNB_Tropical_Jungle/Textures/LOD_Cards/treePohutukawa_04_Normals.tga using Guid(f4ed852b0449e9c4faac53d1bc6740c0) Importer(815301076,1909f56bfc062723c751e8b465ee728b)  -> (artifact id: 'bf697b5f51d77e4665ea28249532f9d0') in 0.025265 seconds 
Number of asset objects unloaded after import = 2
========================================================================
Received Prepare
Registering precompiled user dll's ...
Registered in 0.010296 seconds.
Begin MonoManager ReloadAssembly
Native extension for WindowsStandalone target not found
Refreshing native plugins compatible for Editor in 1.01 ms, found 3 plugins.
Preloading 0 native plugins for Editor in 0.00 ms.
Mono: successfully reloaded assembly
- Completed reload, in  1.284 seconds
Domain Reload Profiling:
	ReloadAssembly (1285ms)
		BeginReloadAssembly (159ms)
			ExecutionOrderSort (0ms)
			DisableScriptedObjects (5ms)
			BackupInstance (0ms)
			ReleaseScriptingObjects (0ms)
			CreateAndSetChildDomain (40ms)
		EndReloadAssembly (1035ms)
			LoadAssemblies (108ms)
			RebuildTransferFunctionScriptingTraits (0ms)
			SetupTypeCache (349ms)
			ReleaseScriptCaches (2ms)
			RebuildScriptCaches (51ms)
			SetupLoadedEditorAssemblies (498ms)
				LogAssemblyErrors (0ms)
				InitializePlatformSupportModulesInManaged (6ms)
				SetLoadedEditorAssemblies (0ms)
				RefreshPlugins (1ms)
				BeforeProcessingInitializeOnLoad (73ms)
				ProcessInitializeOnLoadAttributes (383ms)
				ProcessInitializeOnLoadMethodAttributes (24ms)
				AfterProcessingInitializeOnLoad (11ms)
				EditorAssembliesLoaded (0ms)
			ExecutionOrderSort2 (0ms)
			AwakeInstancesAfterBackupRestoration (8ms)
Platform modules already initialized, skipping
Refreshing native plugins compatible for Editor in 1.23 ms, found 3 plugins.
Preloading 0 native plugins for Editor in 0.00 ms.
Unloading 3973 Unused Serialized files (Serialized files now loaded: 0)
Unloading 43 unused Assets / (2.7 MB). Loaded Objects now: 4628.
Memory consumption went from 178.6 MB to 175.9 MB.
Total: 4.076600 ms (FindLiveObjects: 0.308600 ms CreateObjectMapping: 0.145000 ms MarkObjects: 3.022800 ms  DeleteObjects: 0.599000 ms)

AssetImportParameters requested are different than current active one (requested -> active):
  custom:video-decoder-ogg-theora: a1e56fd34408186e4bbccfd4996cb3dc -> 
  custom:container-muxer-webm: aa71ff27fc2769a1b78a27578f13a17b -> 
  custom:container-demuxer-webm: 4f35f7cbe854078d1ac9338744f61a02 -> 
  custom:video-encoder-webm-vp8: eb34c28f22e8b96e1ab97ce403110664 -> 
  custom:video-codec-MediaFoundation-h265: 746d11721c4dcdbdad8f713fa42b33f4 -> 
  custom:CustomObjectIndexerAttribute: bc11b3a6c3213fcdd17b65e7da85e133 -> 
  custom:audio-encoder-webm-vorbis: bf7c407c2cedff20999df2af8eb42d56 -> 
  custom:framework-win-MediaFoundation: 216162199b28c13a410421893ffa2e32 -> 
  custom:SearchIndexIgnoredProperties: e643bd26f0fe6173181afceb89e7c659 -> 
  custom:container-demuxer-ogg: 62fdf1f143b41e24485cea50d1cbac27 -> 
  custom:video-decoder-webm-vp8: 9c59270c3fd7afecdb556c50c9e8de78 -> 
  custom:audio-decoder-ogg-vorbis: bf7c407c2cedff20999df2af8eb42d56 -> 
========================================================================
Received Prepare
Registering precompiled user dll's ...
Registered in 0.005565 seconds.
Begin MonoManager ReloadAssembly
Native extension for WindowsStandalone target not found
Refreshing native plugins compatible for Editor in 1.26 ms, found 3 plugins.
Preloading 0 native plugins for Editor in 0.00 ms.
Mono: successfully reloaded assembly
- Completed reload, in  1.126 seconds
Domain Reload Profiling:
	ReloadAssembly (1127ms)
		BeginReloadAssembly (145ms)
			ExecutionOrderSort (0ms)
			DisableScriptedObjects (4ms)
			BackupInstance (0ms)
			ReleaseScriptingObjects (0ms)
			CreateAndSetChildDomain (31ms)
		EndReloadAssembly (901ms)
			LoadAssemblies (102ms)
			RebuildTransferFunctionScriptingTraits (0ms)
			SetupTypeCache (263ms)
			ReleaseScriptCaches (2ms)
			RebuildScriptCaches (45ms)
			SetupLoadedEditorAssemblies (466ms)
				LogAssemblyErrors (0ms)
				InitializePlatformSupportModulesInManaged (6ms)
				SetLoadedEditorAssemblies (1ms)
				RefreshPlugins (1ms)
				BeforeProcessingInitializeOnLoad (73ms)
				ProcessInitializeOnLoadAttributes (356ms)
				ProcessInitializeOnLoadMethodAttributes (21ms)
				AfterProcessingInitializeOnLoad (8ms)
				EditorAssembliesLoaded (0ms)
			ExecutionOrderSort2 (0ms)
			AwakeInstancesAfterBackupRestoration (7ms)
Platform modules already initialized, skipping
Refreshing native plugins compatible for Editor in 1.19 ms, found 3 plugins.
Preloading 0 native plugins for Editor in 0.00 ms.
Unloading 3973 Unused Serialized files (Serialized files now loaded: 0)
Unloading 43 unused Assets / (2.7 MB). Loaded Objects now: 4631.
Memory consumption went from 178.7 MB to 176.0 MB.
Total: 4.607100 ms (FindLiveObjects: 0.495200 ms CreateObjectMapping: 0.293000 ms MarkObjects: 3.220200 ms  DeleteObjects: 0.596500 ms)

AssetImportParameters requested are different than current active one (requested -> active):
  custom:video-decoder-ogg-theora: a1e56fd34408186e4bbccfd4996cb3dc -> 
  custom:container-muxer-webm: aa71ff27fc2769a1b78a27578f13a17b -> 
  custom:container-demuxer-webm: 4f35f7cbe854078d1ac9338744f61a02 -> 
  custom:video-encoder-webm-vp8: eb34c28f22e8b96e1ab97ce403110664 -> 
  custom:video-codec-MediaFoundation-h265: 746d11721c4dcdbdad8f713fa42b33f4 -> 
  custom:CustomObjectIndexerAttribute: bc11b3a6c3213fcdd17b65e7da85e133 -> 
  custom:audio-encoder-webm-vorbis: bf7c407c2cedff20999df2af8eb42d56 -> 
  custom:framework-win-MediaFoundation: 216162199b28c13a410421893ffa2e32 -> 
  custom:SearchIndexIgnoredProperties: e643bd26f0fe6173181afceb89e7c659 -> 
  custom:container-demuxer-ogg: 62fdf1f143b41e24485cea50d1cbac27 -> 
  custom:video-decoder-webm-vp8: 9c59270c3fd7afecdb556c50c9e8de78 -> 
  custom:audio-decoder-ogg-vorbis: bf7c407c2cedff20999df2af8eb42d56 -> 
========================================================================
Received Prepare
Registering precompiled user dll's ...
Registered in 0.004882 seconds.
Begin MonoManager ReloadAssembly
Native extension for WindowsStandalone target not found
Refreshing native plugins compatible for Editor in 1.01 ms, found 3 plugins.
Preloading 0 native plugins for Editor in 0.00 ms.
Mono: successfully reloaded assembly
- Completed reload, in  1.123 seconds
Domain Reload Profiling:
	ReloadAssembly (1124ms)
		BeginReloadAssembly (171ms)
			ExecutionOrderSort (0ms)
			DisableScriptedObjects (6ms)
			BackupInstance (0ms)
			ReleaseScriptingObjects (0ms)
			CreateAndSetChildDomain (39ms)
		EndReloadAssembly (869ms)
			LoadAssemblies (117ms)
			RebuildTransferFunctionScriptingTraits (0ms)
			SetupTypeCache (245ms)
			ReleaseScriptCaches (2ms)
			RebuildScriptCaches (40ms)
			SetupLoadedEditorAssemblies (456ms)
				LogAssemblyErrors (0ms)
				InitializePlatformSupportModulesInManaged (6ms)
				SetLoadedEditorAssemblies (0ms)
				RefreshPlugins (1ms)
				BeforeProcessingInitializeOnLoad (61ms)
				ProcessInitializeOnLoadAttributes (350ms)
				ProcessInitializeOnLoadMethodAttributes (26ms)
				AfterProcessingInitializeOnLoad (11ms)
				EditorAssembliesLoaded (0ms)
			ExecutionOrderSort2 (0ms)
			AwakeInstancesAfterBackupRestoration (7ms)
Platform modules already initialized, skipping
Refreshing native plugins compatible for Editor in 1.23 ms, found 3 plugins.
Preloading 0 native plugins for Editor in 0.00 ms.
Unloading 3973 Unused Serialized files (Serialized files now loaded: 0)
Unloading 43 unused Assets / (2.7 MB). Loaded Objects now: 4634.
Memory consumption went from 178.7 MB to 176.0 MB.
Total: 3.186500 ms (FindLiveObjects: 0.322800 ms CreateObjectMapping: 0.129800 ms MarkObjects: 2.291600 ms  DeleteObjects: 0.441100 ms)

AssetImportParameters requested are different than current active one (requested -> active):
  custom:video-decoder-ogg-theora: a1e56fd34408186e4bbccfd4996cb3dc -> 
  custom:container-muxer-webm: aa71ff27fc2769a1b78a27578f13a17b -> 
  custom:container-demuxer-webm: 4f35f7cbe854078d1ac9338744f61a02 -> 
  custom:video-encoder-webm-vp8: eb34c28f22e8b96e1ab97ce403110664 -> 
  custom:video-codec-MediaFoundation-h265: 746d11721c4dcdbdad8f713fa42b33f4 -> 
  custom:CustomObjectIndexerAttribute: bc11b3a6c3213fcdd17b65e7da85e133 -> 
  custom:audio-encoder-webm-vorbis: bf7c407c2cedff20999df2af8eb42d56 -> 
  custom:framework-win-MediaFoundation: 216162199b28c13a410421893ffa2e32 -> 
  custom:SearchIndexIgnoredProperties: e643bd26f0fe6173181afceb89e7c659 -> 
  custom:container-demuxer-ogg: 62fdf1f143b41e24485cea50d1cbac27 -> 
  custom:video-decoder-webm-vp8: 9c59270c3fd7afecdb556c50c9e8de78 -> 
  custom:audio-decoder-ogg-vorbis: bf7c407c2cedff20999df2af8eb42d56 -> 
========================================================================
Received Prepare
Registering precompiled user dll's ...
Registered in 0.006066 seconds.
Begin MonoManager ReloadAssembly
Native extension for WindowsStandalone target not found
Refreshing native plugins compatible for Editor in 1.20 ms, found 3 plugins.
Preloading 0 native plugins for Editor in 0.00 ms.
Mono: successfully reloaded assembly
- Completed reload, in  1.170 seconds
Domain Reload Profiling:
	ReloadAssembly (1171ms)
		BeginReloadAssembly (184ms)
			ExecutionOrderSort (0ms)
			DisableScriptedObjects (5ms)
			BackupInstance (0ms)
			ReleaseScriptingObjects (0ms)
			CreateAndSetChildDomain (42ms)
		EndReloadAssembly (880ms)
			LoadAssemblies (129ms)
			RebuildTransferFunctionScriptingTraits (0ms)
			SetupTypeCache (257ms)
			ReleaseScriptCaches (2ms)
			RebuildScriptCaches (50ms)
			SetupLoadedEditorAssemblies (446ms)
				LogAssemblyErrors (0ms)
				InitializePlatformSupportModulesInManaged (6ms)
				SetLoadedEditorAssemblies (1ms)
				RefreshPlugins (1ms)
				BeforeProcessingInitializeOnLoad (71ms)
				ProcessInitializeOnLoadAttributes (335ms)
				ProcessInitializeOnLoadMethodAttributes (21ms)
				AfterProcessingInitializeOnLoad (11ms)
				EditorAssembliesLoaded (0ms)
			ExecutionOrderSort2 (0ms)
			AwakeInstancesAfterBackupRestoration (8ms)
Platform modules already initialized, skipping
Refreshing native plugins compatible for Editor in 0.95 ms, found 3 plugins.
Preloading 0 native plugins for Editor in 0.00 ms.
Unloading 3973 Unused Serialized files (Serialized files now loaded: 0)
Unloading 43 unused Assets / (2.7 MB). Loaded Objects now: 4637.
Memory consumption went from 178.7 MB to 176.0 MB.
Total: 4.502400 ms (FindLiveObjects: 0.511100 ms CreateObjectMapping: 0.432800 ms MarkObjects: 2.865800 ms  DeleteObjects: 0.690500 ms)

AssetImportParameters requested are different than current active one (requested -> active):
  custom:video-decoder-ogg-theora: a1e56fd34408186e4bbccfd4996cb3dc -> 
  custom:container-muxer-webm: aa71ff27fc2769a1b78a27578f13a17b -> 
  custom:container-demuxer-webm: 4f35f7cbe854078d1ac9338744f61a02 -> 
  custom:video-encoder-webm-vp8: eb34c28f22e8b96e1ab97ce403110664 -> 
  custom:video-codec-MediaFoundation-h265: 746d11721c4dcdbdad8f713fa42b33f4 -> 
  custom:CustomObjectIndexerAttribute: bc11b3a6c3213fcdd17b65e7da85e133 -> 
  custom:audio-encoder-webm-vorbis: bf7c407c2cedff20999df2af8eb42d56 -> 
  custom:framework-win-MediaFoundation: 216162199b28c13a410421893ffa2e32 -> 
  custom:SearchIndexIgnoredProperties: e643bd26f0fe6173181afceb89e7c659 -> 
  custom:container-demuxer-ogg: 62fdf1f143b41e24485cea50d1cbac27 -> 
  custom:video-decoder-webm-vp8: 9c59270c3fd7afecdb556c50c9e8de78 -> 
  custom:audio-decoder-ogg-vorbis: bf7c407c2cedff20999df2af8eb42d56 -> 
========================================================================
Received Prepare
Registering precompiled user dll's ...
Registered in 0.009224 seconds.
Begin MonoManager ReloadAssembly
Native extension for WindowsStandalone target not found
Refreshing native plugins compatible for Editor in 0.88 ms, found 3 plugins.
Preloading 0 native plugins for Editor in 0.00 ms.
Mono: successfully reloaded assembly
- Completed reload, in  1.264 seconds
Domain Reload Profiling:
	ReloadAssembly (1265ms)
		BeginReloadAssembly (189ms)
			ExecutionOrderSort (0ms)
			DisableScriptedObjects (6ms)
			BackupInstance (0ms)
			ReleaseScriptingObjects (0ms)
			CreateAndSetChildDomain (40ms)
		EndReloadAssembly (953ms)
			LoadAssemblies (137ms)
			RebuildTransferFunctionScriptingTraits (0ms)
			SetupTypeCache (290ms)
			ReleaseScriptCaches (1ms)
			RebuildScriptCaches (42ms)
			SetupLoadedEditorAssemblies (488ms)
				LogAssemblyErrors (0ms)
				InitializePlatformSupportModulesInManaged (7ms)
				SetLoadedEditorAssemblies (0ms)
				RefreshPlugins (1ms)
				BeforeProcessingInitializeOnLoad (72ms)
				ProcessInitializeOnLoadAttributes (379ms)
				ProcessInitializeOnLoadMethodAttributes (19ms)
				AfterProcessingInitializeOnLoad (9ms)
				EditorAssembliesLoaded (0ms)
			ExecutionOrderSort2 (0ms)
			AwakeInstancesAfterBackupRestoration (6ms)
Platform modules already initialized, skipping
Refreshing native plugins compatible for Editor in 0.88 ms, found 3 plugins.
Preloading 0 native plugins for Editor in 0.00 ms.
Unloading 3973 Unused Serialized files (Serialized files now loaded: 0)
Unloading 43 unused Assets / (2.7 MB). Loaded Objects now: 4640.
Memory consumption went from 178.7 MB to 176.0 MB.
Total: 3.152700 ms (FindLiveObjects: 0.316600 ms CreateObjectMapping: 0.119500 ms MarkObjects: 2.288100 ms  DeleteObjects: 0.427400 ms)

AssetImportParameters requested are different than current active one (requested -> active):
  custom:video-decoder-ogg-theora: a1e56fd34408186e4bbccfd4996cb3dc -> 
  custom:container-muxer-webm: aa71ff27fc2769a1b78a27578f13a17b -> 
  custom:container-demuxer-webm: 4f35f7cbe854078d1ac9338744f61a02 -> 
  custom:video-encoder-webm-vp8: eb34c28f22e8b96e1ab97ce403110664 -> 
  custom:video-codec-MediaFoundation-h265: 746d11721c4dcdbdad8f713fa42b33f4 -> 
  custom:CustomObjectIndexerAttribute: bc11b3a6c3213fcdd17b65e7da85e133 -> 
  custom:audio-encoder-webm-vorbis: bf7c407c2cedff20999df2af8eb42d56 -> 
  custom:framework-win-MediaFoundation: 216162199b28c13a410421893ffa2e32 -> 
  custom:SearchIndexIgnoredProperties: e643bd26f0fe6173181afceb89e7c659 -> 
  custom:container-demuxer-ogg: 62fdf1f143b41e24485cea50d1cbac27 -> 
  custom:video-decoder-webm-vp8: 9c59270c3fd7afecdb556c50c9e8de78 -> 
  custom:audio-decoder-ogg-vorbis: bf7c407c2cedff20999df2af8eb42d56 -> 
========================================================================
Received Prepare
Registering precompiled user dll's ...
Registered in 0.005183 seconds.
Begin MonoManager ReloadAssembly
Native extension for WindowsStandalone target not found
Refreshing native plugins compatible for Editor in 1.64 ms, found 3 plugins.
Preloading 0 native plugins for Editor in 0.00 ms.
Mono: successfully reloaded assembly
- Completed reload, in  1.268 seconds
Domain Reload Profiling:
	ReloadAssembly (1268ms)
		BeginReloadAssembly (193ms)
			ExecutionOrderSort (0ms)
			DisableScriptedObjects (4ms)
			BackupInstance (0ms)
			ReleaseScriptingObjects (0ms)
			CreateAndSetChildDomain (47ms)
		EndReloadAssembly (958ms)
			LoadAssemblies (142ms)
			RebuildTransferFunctionScriptingTraits (0ms)
			SetupTypeCache (298ms)
			ReleaseScriptCaches (2ms)
			RebuildScriptCaches (53ms)
			SetupLoadedEditorAssemblies (466ms)
				LogAssemblyErrors (0ms)
				InitializePlatformSupportModulesInManaged (7ms)
				SetLoadedEditorAssemblies (0ms)
				RefreshPlugins (2ms)
				BeforeProcessingInitializeOnLoad (63ms)
				ProcessInitializeOnLoadAttributes (368ms)
				ProcessInitializeOnLoadMethodAttributes (18ms)
				AfterProcessingInitializeOnLoad (8ms)
				EditorAssembliesLoaded (0ms)
			ExecutionOrderSort2 (0ms)
			AwakeInstancesAfterBackupRestoration (6ms)
Platform modules already initialized, skipping
Refreshing native plugins compatible for Editor in 0.84 ms, found 3 plugins.
Preloading 0 native plugins for Editor in 0.00 ms.
Unloading 3973 Unused Serialized files (Serialized files now loaded: 0)
Unloading 43 unused Assets / (2.7 MB). Loaded Objects now: 4643.
Memory consumption went from 178.7 MB to 176.0 MB.
Total: 3.638800 ms (FindLiveObjects: 0.307900 ms CreateObjectMapping: 0.100800 ms MarkObjects: 2.766000 ms  DeleteObjects: 0.462800 ms)

AssetImportParameters requested are different than current active one (requested -> active):
  custom:video-decoder-ogg-theora: a1e56fd34408186e4bbccfd4996cb3dc -> 
  custom:container-muxer-webm: aa71ff27fc2769a1b78a27578f13a17b -> 
  custom:container-demuxer-webm: 4f35f7cbe854078d1ac9338744f61a02 -> 
  custom:video-encoder-webm-vp8: eb34c28f22e8b96e1ab97ce403110664 -> 
  custom:video-codec-MediaFoundation-h265: 746d11721c4dcdbdad8f713fa42b33f4 -> 
  custom:CustomObjectIndexerAttribute: bc11b3a6c3213fcdd17b65e7da85e133 -> 
  custom:audio-encoder-webm-vorbis: bf7c407c2cedff20999df2af8eb42d56 -> 
  custom:framework-win-MediaFoundation: 216162199b28c13a410421893ffa2e32 -> 
  custom:SearchIndexIgnoredProperties: e643bd26f0fe6173181afceb89e7c659 -> 
  custom:container-demuxer-ogg: 62fdf1f143b41e24485cea50d1cbac27 -> 
  custom:video-decoder-webm-vp8: 9c59270c3fd7afecdb556c50c9e8de78 -> 
  custom:audio-decoder-ogg-vorbis: bf7c407c2cedff20999df2af8eb42d56 -> 
========================================================================
Received Prepare
Registering precompiled user dll's ...
Registered in 0.005812 seconds.
Begin MonoManager ReloadAssembly
Native extension for WindowsStandalone target not found
Refreshing native plugins compatible for Editor in 0.87 ms, found 3 plugins.
Preloading 0 native plugins for Editor in 0.00 ms.
Mono: successfully reloaded assembly
- Completed reload, in  1.147 seconds
Domain Reload Profiling:
	ReloadAssembly (1148ms)
		BeginReloadAssembly (152ms)
			ExecutionOrderSort (0ms)
			DisableScriptedObjects (5ms)
			BackupInstance (0ms)
			ReleaseScriptingObjects (0ms)
			CreateAndSetChildDomain (34ms)
		EndReloadAssembly (916ms)
			LoadAssemblies (108ms)
			RebuildTransferFunctionScriptingTraits (0ms)
			SetupTypeCache (251ms)
			ReleaseScriptCaches (2ms)
			RebuildScriptCaches (36ms)
			SetupLoadedEditorAssemblies (496ms)
				LogAssemblyErrors (0ms)
				InitializePlatformSupportModulesInManaged (5ms)
				SetLoadedEditorAssemblies (0ms)
				RefreshPlugins (1ms)
				BeforeProcessingInitializeOnLoad (61ms)
				ProcessInitializeOnLoadAttributes (396ms)
				ProcessInitializeOnLoadMethodAttributes (24ms)
				AfterProcessingInitializeOnLoad (10ms)
				EditorAssembliesLoaded (0ms)
			ExecutionOrderSort2 (0ms)
			AwakeInstancesAfterBackupRestoration (7ms)
Platform modules already initialized, skipping
Refreshing native plugins compatible for Editor in 1.09 ms, found 3 plugins.
Preloading 0 native plugins for Editor in 0.00 ms.
Unloading 3973 Unused Serialized files (Serialized files now loaded: 0)
Unloading 43 unused Assets / (2.7 MB). Loaded Objects now: 4646.
Memory consumption went from 178.7 MB to 176.0 MB.
Total: 4.022300 ms (FindLiveObjects: 0.470500 ms CreateObjectMapping: 0.546800 ms MarkObjects: 2.346400 ms  DeleteObjects: 0.657500 ms)

AssetImportParameters requested are different than current active one (requested -> active):
  custom:video-decoder-ogg-theora: a1e56fd34408186e4bbccfd4996cb3dc -> 
  custom:container-muxer-webm: aa71ff27fc2769a1b78a27578f13a17b -> 
  custom:container-demuxer-webm: 4f35f7cbe854078d1ac9338744f61a02 -> 
  custom:video-encoder-webm-vp8: eb34c28f22e8b96e1ab97ce403110664 -> 
  custom:video-codec-MediaFoundation-h265: 746d11721c4dcdbdad8f713fa42b33f4 -> 
  custom:CustomObjectIndexerAttribute: bc11b3a6c3213fcdd17b65e7da85e133 -> 
  custom:audio-encoder-webm-vorbis: bf7c407c2cedff20999df2af8eb42d56 -> 
  custom:framework-win-MediaFoundation: 216162199b28c13a410421893ffa2e32 -> 
  custom:SearchIndexIgnoredProperties: e643bd26f0fe6173181afceb89e7c659 -> 
  custom:container-demuxer-ogg: 62fdf1f143b41e24485cea50d1cbac27 -> 
  custom:video-decoder-webm-vp8: 9c59270c3fd7afecdb556c50c9e8de78 -> 
  custom:audio-decoder-ogg-vorbis: bf7c407c2cedff20999df2af8eb42d56 -> 
========================================================================
Received Prepare
Registering precompiled user dll's ...
Registered in 0.006330 seconds.
Begin MonoManager ReloadAssembly
Native extension for WindowsStandalone target not found
Refreshing native plugins compatible for Editor in 1.28 ms, found 3 plugins.
Preloading 0 native plugins for Editor in 0.00 ms.
Mono: successfully reloaded assembly
- Completed reload, in  1.124 seconds
Domain Reload Profiling:
	ReloadAssembly (1125ms)
		BeginReloadAssembly (143ms)
			ExecutionOrderSort (0ms)
			DisableScriptedObjects (4ms)
			BackupInstance (0ms)
			ReleaseScriptingObjects (0ms)
			CreateAndSetChildDomain (32ms)
		EndReloadAssembly (898ms)
			LoadAssemblies (108ms)
			RebuildTransferFunctionScriptingTraits (0ms)
			SetupTypeCache (268ms)
			ReleaseScriptCaches (2ms)
			RebuildScriptCaches (37ms)
			SetupLoadedEditorAssemblies (464ms)
				LogAssemblyErrors (0ms)
				InitializePlatformSupportModulesInManaged (5ms)
				SetLoadedEditorAssemblies (0ms)
				RefreshPlugins (1ms)
				BeforeProcessingInitializeOnLoad (65ms)
				ProcessInitializeOnLoadAttributes (359ms)
				ProcessInitializeOnLoadMethodAttributes (23ms)
				AfterProcessingInitializeOnLoad (10ms)
				EditorAssembliesLoaded (0ms)
			ExecutionOrderSort2 (0ms)
			AwakeInstancesAfterBackupRestoration (7ms)
Platform modules already initialized, skipping
Refreshing native plugins compatible for Editor in 1.19 ms, found 3 plugins.
Preloading 0 native plugins for Editor in 0.00 ms.
Unloading 3973 Unused Serialized files (Serialized files now loaded: 0)
Unloading 43 unused Assets / (2.7 MB). Loaded Objects now: 4649.
Memory consumption went from 178.7 MB to 176.0 MB.
Total: 3.779500 ms (FindLiveObjects: 0.472900 ms CreateObjectMapping: 0.354100 ms MarkObjects: 2.382400 ms  DeleteObjects: 0.568400 ms)

AssetImportParameters requested are different than current active one (requested -> active):
  custom:video-decoder-ogg-theora: a1e56fd34408186e4bbccfd4996cb3dc -> 
  custom:container-muxer-webm: aa71ff27fc2769a1b78a27578f13a17b -> 
  custom:container-demuxer-webm: 4f35f7cbe854078d1ac9338744f61a02 -> 
  custom:video-encoder-webm-vp8: eb34c28f22e8b96e1ab97ce403110664 -> 
  custom:video-codec-MediaFoundation-h265: 746d11721c4dcdbdad8f713fa42b33f4 -> 
  custom:CustomObjectIndexerAttribute: bc11b3a6c3213fcdd17b65e7da85e133 -> 
  custom:audio-encoder-webm-vorbis: bf7c407c2cedff20999df2af8eb42d56 -> 
  custom:framework-win-MediaFoundation: 216162199b28c13a410421893ffa2e32 -> 
  custom:SearchIndexIgnoredProperties: e643bd26f0fe6173181afceb89e7c659 -> 
  custom:container-demuxer-ogg: 62fdf1f143b41e24485cea50d1cbac27 -> 
  custom:video-decoder-webm-vp8: 9c59270c3fd7afecdb556c50c9e8de78 -> 
  custom:audio-decoder-ogg-vorbis: bf7c407c2cedff20999df2af8eb42d56 -> 
========================================================================
Received Prepare
Registering precompiled user dll's ...
Registered in 0.010109 seconds.
Begin MonoManager ReloadAssembly
Native extension for WindowsStandalone target not found
Refreshing native plugins compatible for Editor in 1.38 ms, found 3 plugins.
Preloading 0 native plugins for Editor in 0.00 ms.
Mono: successfully reloaded assembly
- Completed reload, in  1.321 seconds
Domain Reload Profiling:
	ReloadAssembly (1322ms)
		BeginReloadAssembly (203ms)
			ExecutionOrderSort (0ms)
			DisableScriptedObjects (6ms)
			BackupInstance (0ms)
			ReleaseScriptingObjects (0ms)
			CreateAndSetChildDomain (45ms)
		EndReloadAssembly (994ms)
			LoadAssemblies (143ms)
			RebuildTransferFunctionScriptingTraits (0ms)
			SetupTypeCache (326ms)
			ReleaseScriptCaches (3ms)
			RebuildScriptCaches (51ms)
			SetupLoadedEditorAssemblies (467ms)
				LogAssemblyErrors (0ms)
				InitializePlatformSupportModulesInManaged (8ms)
				SetLoadedEditorAssemblies (1ms)
				RefreshPlugins (1ms)
				BeforeProcessingInitializeOnLoad (77ms)
				ProcessInitializeOnLoadAttributes (345ms)
				ProcessInitializeOnLoadMethodAttributes (25ms)
				AfterProcessingInitializeOnLoad (9ms)
				EditorAssembliesLoaded (0ms)
			ExecutionOrderSort2 (0ms)
			AwakeInstancesAfterBackupRestoration (7ms)
Platform modules already initialized, skipping
Refreshing native plugins compatible for Editor in 1.15 ms, found 3 plugins.
Preloading 0 native plugins for Editor in 0.00 ms.
Unloading 3973 Unused Serialized files (Serialized files now loaded: 0)
Unloading 43 unused Assets / (2.7 MB). Loaded Objects now: 4652.
Memory consumption went from 178.7 MB to 176.0 MB.
Total: 2.987900 ms (FindLiveObjects: 0.292200 ms CreateObjectMapping: 0.118400 ms MarkObjects: 2.154200 ms  DeleteObjects: 0.421900 ms)

AssetImportParameters requested are different than current active one (requested -> active):
  custom:video-decoder-ogg-theora: a1e56fd34408186e4bbccfd4996cb3dc -> 
  custom:container-muxer-webm: aa71ff27fc2769a1b78a27578f13a17b -> 
  custom:container-demuxer-webm: 4f35f7cbe854078d1ac9338744f61a02 -> 
  custom:video-encoder-webm-vp8: eb34c28f22e8b96e1ab97ce403110664 -> 
  custom:video-codec-MediaFoundation-h265: 746d11721c4dcdbdad8f713fa42b33f4 -> 
  custom:CustomObjectIndexerAttribute: bc11b3a6c3213fcdd17b65e7da85e133 -> 
  custom:audio-encoder-webm-vorbis: bf7c407c2cedff20999df2af8eb42d56 -> 
  custom:framework-win-MediaFoundation: 216162199b28c13a410421893ffa2e32 -> 
  custom:SearchIndexIgnoredProperties: e643bd26f0fe6173181afceb89e7c659 -> 
  custom:container-demuxer-ogg: 62fdf1f143b41e24485cea50d1cbac27 -> 
  custom:video-decoder-webm-vp8: 9c59270c3fd7afecdb556c50c9e8de78 -> 
  custom:audio-decoder-ogg-vorbis: bf7c407c2cedff20999df2af8eb42d56 -> 
========================================================================
Received Prepare
Registering precompiled user dll's ...
Registered in 0.005624 seconds.
Begin MonoManager ReloadAssembly
Native extension for WindowsStandalone target not found
Refreshing native plugins compatible for Editor in 0.84 ms, found 3 plugins.
Preloading 0 native plugins for Editor in 0.00 ms.
Mono: successfully reloaded assembly
- Completed reload, in  1.130 seconds
Domain Reload Profiling:
	ReloadAssembly (1131ms)
		BeginReloadAssembly (149ms)
			ExecutionOrderSort (0ms)
			DisableScriptedObjects (4ms)
			BackupInstance (0ms)
			ReleaseScriptingObjects (0ms)
			CreateAndSetChildDomain (35ms)
		EndReloadAssembly (894ms)
			LoadAssemblies (102ms)
			RebuildTransferFunctionScriptingTraits (0ms)
			SetupTypeCache (249ms)
			ReleaseScriptCaches (1ms)
			RebuildScriptCaches (37ms)
			SetupLoadedEditorAssemblies (485ms)
				LogAssemblyErrors (0ms)
				InitializePlatformSupportModulesInManaged (5ms)
				SetLoadedEditorAssemblies (0ms)
				RefreshPlugins (1ms)
				BeforeProcessingInitializeOnLoad (68ms)
				ProcessInitializeOnLoadAttributes (380ms)
				ProcessInitializeOnLoadMethodAttributes (22ms)
				AfterProcessingInitializeOnLoad (9ms)
				EditorAssembliesLoaded (0ms)
			ExecutionOrderSort2 (0ms)
			AwakeInstancesAfterBackupRestoration (8ms)
Platform modules already initialized, skipping
Refreshing native plugins compatible for Editor in 1.51 ms, found 3 plugins.
Preloading 0 native plugins for Editor in 0.00 ms.
Unloading 3973 Unused Serialized files (Serialized files now loaded: 0)
Unloading 43 unused Assets / (2.7 MB). Loaded Objects now: 4655.
Memory consumption went from 178.7 MB to 176.0 MB.
Total: 4.110800 ms (FindLiveObjects: 0.440100 ms CreateObjectMapping: 0.171700 ms MarkObjects: 2.931100 ms  DeleteObjects: 0.565200 ms)

AssetImportParameters requested are different than current active one (requested -> active):
  custom:video-decoder-ogg-theora: a1e56fd34408186e4bbccfd4996cb3dc -> 
  custom:container-muxer-webm: aa71ff27fc2769a1b78a27578f13a17b -> 
  custom:container-demuxer-webm: 4f35f7cbe854078d1ac9338744f61a02 -> 
  custom:video-encoder-webm-vp8: eb34c28f22e8b96e1ab97ce403110664 -> 
  custom:video-codec-MediaFoundation-h265: 746d11721c4dcdbdad8f713fa42b33f4 -> 
  custom:CustomObjectIndexerAttribute: bc11b3a6c3213fcdd17b65e7da85e133 -> 
  custom:audio-encoder-webm-vorbis: bf7c407c2cedff20999df2af8eb42d56 -> 
  custom:framework-win-MediaFoundation: 216162199b28c13a410421893ffa2e32 -> 
  custom:SearchIndexIgnoredProperties: e643bd26f0fe6173181afceb89e7c659 -> 
  custom:container-demuxer-ogg: 62fdf1f143b41e24485cea50d1cbac27 -> 
  custom:video-decoder-webm-vp8: 9c59270c3fd7afecdb556c50c9e8de78 -> 
  custom:audio-decoder-ogg-vorbis: bf7c407c2cedff20999df2af8eb42d56 -> 
========================================================================
Received Prepare
Registering precompiled user dll's ...
Registered in 0.005449 seconds.
Begin MonoManager ReloadAssembly
Native extension for WindowsStandalone target not found
Refreshing native plugins compatible for Editor in 1.33 ms, found 3 plugins.
Preloading 0 native plugins for Editor in 0.00 ms.
Mono: successfully reloaded assembly
- Completed reload, in  1.246 seconds
Domain Reload Profiling:
	ReloadAssembly (1247ms)
		BeginReloadAssembly (178ms)
			ExecutionOrderSort (0ms)
			DisableScriptedObjects (6ms)
			BackupInstance (0ms)
			ReleaseScriptingObjects (0ms)
			CreateAndSetChildDomain (39ms)
		EndReloadAssembly (956ms)
			LoadAssemblies (123ms)
			RebuildTransferFunctionScriptingTraits (0ms)
			SetupTypeCache (285ms)
			ReleaseScriptCaches (2ms)
			RebuildScriptCaches (47ms)
			SetupLoadedEditorAssemblies (490ms)
				LogAssemblyErrors (0ms)
				InitializePlatformSupportModulesInManaged (7ms)
				SetLoadedEditorAssemblies (0ms)
				RefreshPlugins (2ms)
				BeforeProcessingInitializeOnLoad (72ms)
				ProcessInitializeOnLoadAttributes (380ms)
				ProcessInitializeOnLoadMethodAttributes (22ms)
				AfterProcessingInitializeOnLoad (8ms)
				EditorAssembliesLoaded (0ms)
			ExecutionOrderSort2 (0ms)
			AwakeInstancesAfterBackupRestoration (7ms)
Platform modules already initialized, skipping
Refreshing native plugins compatible for Editor in 0.99 ms, found 3 plugins.
Preloading 0 native plugins for Editor in 0.00 ms.
Unloading 3973 Unused Serialized files (Serialized files now loaded: 0)
Unloading 43 unused Assets / (2.7 MB). Loaded Objects now: 4658.
Memory consumption went from 178.7 MB to 176.0 MB.
Total: 4.041600 ms (FindLiveObjects: 0.392600 ms CreateObjectMapping: 0.170800 ms MarkObjects: 2.732000 ms  DeleteObjects: 0.744200 ms)

AssetImportParameters requested are different than current active one (requested -> active):
  custom:video-decoder-ogg-theora: a1e56fd34408186e4bbccfd4996cb3dc -> 
  custom:container-muxer-webm: aa71ff27fc2769a1b78a27578f13a17b -> 
  custom:container-demuxer-webm: 4f35f7cbe854078d1ac9338744f61a02 -> 
  custom:video-encoder-webm-vp8: eb34c28f22e8b96e1ab97ce403110664 -> 
  custom:video-codec-MediaFoundation-h265: 746d11721c4dcdbdad8f713fa42b33f4 -> 
  custom:CustomObjectIndexerAttribute: bc11b3a6c3213fcdd17b65e7da85e133 -> 
  custom:audio-encoder-webm-vorbis: bf7c407c2cedff20999df2af8eb42d56 -> 
  custom:framework-win-MediaFoundation: 216162199b28c13a410421893ffa2e32 -> 
  custom:SearchIndexIgnoredProperties: e643bd26f0fe6173181afceb89e7c659 -> 
  custom:container-demuxer-ogg: 62fdf1f143b41e24485cea50d1cbac27 -> 
  custom:video-decoder-webm-vp8: 9c59270c3fd7afecdb556c50c9e8de78 -> 
  custom:audio-decoder-ogg-vorbis: bf7c407c2cedff20999df2af8eb42d56 -> 
========================================================================
Received Prepare
Registering precompiled user dll's ...
Registered in 0.006197 seconds.
Begin MonoManager ReloadAssembly
Native extension for WindowsStandalone target not found
Refreshing native plugins compatible for Editor in 1.19 ms, found 3 plugins.
Preloading 0 native plugins for Editor in 0.00 ms.
Mono: successfully reloaded assembly
- Completed reload, in  1.208 seconds
Domain Reload Profiling:
	ReloadAssembly (1209ms)
		BeginReloadAssembly (155ms)
			ExecutionOrderSort (0ms)
			DisableScriptedObjects (5ms)
			BackupInstance (0ms)
			ReleaseScriptingObjects (0ms)
			CreateAndSetChildDomain (37ms)
		EndReloadAssembly (964ms)
			LoadAssemblies (104ms)
			RebuildTransferFunctionScriptingTraits (0ms)
			SetupTypeCache (253ms)
			ReleaseScriptCaches (1ms)
			RebuildScriptCaches (37ms)
			SetupLoadedEditorAssemblies (544ms)
				LogAssemblyErrors (0ms)
				InitializePlatformSupportModulesInManaged (6ms)
				SetLoadedEditorAssemblies (1ms)
				RefreshPlugins (1ms)
				BeforeProcessingInitializeOnLoad (68ms)
				ProcessInitializeOnLoadAttributes (429ms)
				ProcessInitializeOnLoadMethodAttributes (27ms)
				AfterProcessingInitializeOnLoad (13ms)
				EditorAssembliesLoaded (0ms)
			ExecutionOrderSort2 (0ms)
			AwakeInstancesAfterBackupRestoration (7ms)
Platform modules already initialized, skipping
Refreshing native plugins compatible for Editor in 3.20 ms, found 3 plugins.
Preloading 0 native plugins for Editor in 0.00 ms.
Unloading 3973 Unused Serialized files (Serialized files now loaded: 0)
Unloading 43 unused Assets / (2.7 MB). Loaded Objects now: 4661.
Memory consumption went from 178.7 MB to 176.0 MB.
Total: 6.365300 ms (FindLiveObjects: 0.445200 ms CreateObjectMapping: 0.154200 ms MarkObjects: 4.854600 ms  DeleteObjects: 0.909600 ms)

AssetImportParameters requested are different than current active one (requested -> active):
  custom:video-decoder-ogg-theora: a1e56fd34408186e4bbccfd4996cb3dc -> 
  custom:container-muxer-webm: aa71ff27fc2769a1b78a27578f13a17b -> 
  custom:container-demuxer-webm: 4f35f7cbe854078d1ac9338744f61a02 -> 
  custom:video-encoder-webm-vp8: eb34c28f22e8b96e1ab97ce403110664 -> 
  custom:video-codec-MediaFoundation-h265: 746d11721c4dcdbdad8f713fa42b33f4 -> 
  custom:CustomObjectIndexerAttribute: bc11b3a6c3213fcdd17b65e7da85e133 -> 
  custom:audio-encoder-webm-vorbis: bf7c407c2cedff20999df2af8eb42d56 -> 
  custom:framework-win-MediaFoundation: 216162199b28c13a410421893ffa2e32 -> 
  custom:SearchIndexIgnoredProperties: e643bd26f0fe6173181afceb89e7c659 -> 
  custom:container-demuxer-ogg: 62fdf1f143b41e24485cea50d1cbac27 -> 
  custom:video-decoder-webm-vp8: 9c59270c3fd7afecdb556c50c9e8de78 -> 
  custom:audio-decoder-ogg-vorbis: bf7c407c2cedff20999df2af8eb42d56 -> 
========================================================================
Received Prepare
Registering precompiled user dll's ...
Registered in 0.005888 seconds.
Begin MonoManager ReloadAssembly
Native extension for WindowsStandalone target not found
Refreshing native plugins compatible for Editor in 1.17 ms, found 3 plugins.
Preloading 0 native plugins for Editor in 0.00 ms.
Mono: successfully reloaded assembly
- Completed reload, in  1.391 seconds
Domain Reload Profiling:
	ReloadAssembly (1392ms)
		BeginReloadAssembly (153ms)
			ExecutionOrderSort (0ms)
			DisableScriptedObjects (4ms)
			BackupInstance (0ms)
			ReleaseScriptingObjects (0ms)
			CreateAndSetChildDomain (36ms)
		EndReloadAssembly (1156ms)
			LoadAssemblies (110ms)
			RebuildTransferFunctionScriptingTraits (0ms)
			SetupTypeCache (283ms)
			ReleaseScriptCaches (2ms)
			RebuildScriptCaches (44ms)
			SetupLoadedEditorAssemblies (684ms)
				LogAssemblyErrors (0ms)
				InitializePlatformSupportModulesInManaged (9ms)
				SetLoadedEditorAssemblies (1ms)
				RefreshPlugins (1ms)
				BeforeProcessingInitializeOnLoad (72ms)
				ProcessInitializeOnLoadAttributes (377ms)
				ProcessInitializeOnLoadMethodAttributes (213ms)
				AfterProcessingInitializeOnLoad (11ms)
				EditorAssembliesLoaded (0ms)
			ExecutionOrderSort2 (0ms)
			AwakeInstancesAfterBackupRestoration (9ms)
Platform modules already initialized, skipping
Refreshing native plugins compatible for Editor in 1.06 ms, found 3 plugins.
Preloading 0 native plugins for Editor in 0.00 ms.
Unloading 3973 Unused Serialized files (Serialized files now loaded: 0)
Unloading 43 unused Assets / (2.7 MB). Loaded Objects now: 4664.
Memory consumption went from 178.7 MB to 176.0 MB.
Total: 3.494200 ms (FindLiveObjects: 0.437700 ms CreateObjectMapping: 0.341600 ms MarkObjects: 2.165600 ms  DeleteObjects: 0.548200 ms)

AssetImportParameters requested are different than current active one (requested -> active):
  custom:video-decoder-ogg-theora: a1e56fd34408186e4bbccfd4996cb3dc -> 
  custom:container-muxer-webm: aa71ff27fc2769a1b78a27578f13a17b -> 
  custom:container-demuxer-webm: 4f35f7cbe854078d1ac9338744f61a02 -> 
  custom:video-encoder-webm-vp8: eb34c28f22e8b96e1ab97ce403110664 -> 
  custom:video-codec-MediaFoundation-h265: 746d11721c4dcdbdad8f713fa42b33f4 -> 
  custom:CustomObjectIndexerAttribute: bc11b3a6c3213fcdd17b65e7da85e133 -> 
  custom:audio-encoder-webm-vorbis: bf7c407c2cedff20999df2af8eb42d56 -> 
  custom:framework-win-MediaFoundation: 216162199b28c13a410421893ffa2e32 -> 
  custom:SearchIndexIgnoredProperties: e643bd26f0fe6173181afceb89e7c659 -> 
  custom:container-demuxer-ogg: 62fdf1f143b41e24485cea50d1cbac27 -> 
  custom:video-decoder-webm-vp8: 9c59270c3fd7afecdb556c50c9e8de78 -> 
  custom:audio-decoder-ogg-vorbis: bf7c407c2cedff20999df2af8eb42d56 -> 
========================================================================
Received Prepare
Registering precompiled user dll's ...
Registered in 0.005521 seconds.
Begin MonoManager ReloadAssembly
Native extension for WindowsStandalone target not found
Refreshing native plugins compatible for Editor in 1.40 ms, found 3 plugins.
Preloading 0 native plugins for Editor in 0.00 ms.
Mono: successfully reloaded assembly
- Completed reload, in  1.136 seconds
Domain Reload Profiling:
	ReloadAssembly (1136ms)
		BeginReloadAssembly (148ms)
			ExecutionOrderSort (0ms)
			DisableScriptedObjects (4ms)
			BackupInstance (0ms)
			ReleaseScriptingObjects (0ms)
			CreateAndSetChildDomain (32ms)
		EndReloadAssembly (894ms)
			LoadAssemblies (101ms)
			RebuildTransferFunctionScriptingTraits (0ms)
			SetupTypeCache (251ms)
			ReleaseScriptCaches (2ms)
			RebuildScriptCaches (43ms)
			SetupLoadedEditorAssemblies (477ms)
				LogAssemblyErrors (0ms)
				InitializePlatformSupportModulesInManaged (5ms)
				SetLoadedEditorAssemblies (1ms)
				RefreshPlugins (2ms)
				BeforeProcessingInitializeOnLoad (68ms)
				ProcessInitializeOnLoadAttributes (367ms)
				ProcessInitializeOnLoadMethodAttributes (23ms)
				AfterProcessingInitializeOnLoad (10ms)
				EditorAssembliesLoaded (0ms)
			ExecutionOrderSort2 (0ms)
			AwakeInstancesAfterBackupRestoration (7ms)
Platform modules already initialized, skipping
Refreshing native plugins compatible for Editor in 1.49 ms, found 3 plugins.
Preloading 0 native plugins for Editor in 0.00 ms.
Unloading 3973 Unused Serialized files (Serialized files now loaded: 0)
Unloading 43 unused Assets / (2.7 MB). Loaded Objects now: 4667.
Memory consumption went from 178.8 MB to 176.1 MB.
Total: 3.567900 ms (FindLiveObjects: 0.360500 ms CreateObjectMapping: 0.141800 ms MarkObjects: 2.563700 ms  DeleteObjects: 0.500300 ms)

AssetImportParameters requested are different than current active one (requested -> active):
  custom:video-decoder-ogg-theora: a1e56fd34408186e4bbccfd4996cb3dc -> 
  custom:container-muxer-webm: aa71ff27fc2769a1b78a27578f13a17b -> 
  custom:container-demuxer-webm: 4f35f7cbe854078d1ac9338744f61a02 -> 
  custom:video-encoder-webm-vp8: eb34c28f22e8b96e1ab97ce403110664 -> 
  custom:video-codec-MediaFoundation-h265: 746d11721c4dcdbdad8f713fa42b33f4 -> 
  custom:CustomObjectIndexerAttribute: bc11b3a6c3213fcdd17b65e7da85e133 -> 
  custom:audio-encoder-webm-vorbis: bf7c407c2cedff20999df2af8eb42d56 -> 
  custom:framework-win-MediaFoundation: 216162199b28c13a410421893ffa2e32 -> 
  custom:SearchIndexIgnoredProperties: e643bd26f0fe6173181afceb89e7c659 -> 
  custom:container-demuxer-ogg: 62fdf1f143b41e24485cea50d1cbac27 -> 
  custom:video-decoder-webm-vp8: 9c59270c3fd7afecdb556c50c9e8de78 -> 
  custom:audio-decoder-ogg-vorbis: bf7c407c2cedff20999df2af8eb42d56 -> 
========================================================================
Received Prepare
Registering precompiled user dll's ...
Registered in 0.005665 seconds.
Begin MonoManager ReloadAssembly
Native extension for WindowsStandalone target not found
Refreshing native plugins compatible for Editor in 0.89 ms, found 3 plugins.
Preloading 0 native plugins for Editor in 0.00 ms.
Mono: successfully reloaded assembly
- Completed reload, in  1.127 seconds
Domain Reload Profiling:
	ReloadAssembly (1127ms)
		BeginReloadAssembly (146ms)
			ExecutionOrderSort (0ms)
			DisableScriptedObjects (4ms)
			BackupInstance (0ms)
			ReleaseScriptingObjects (0ms)
			CreateAndSetChildDomain (32ms)
		EndReloadAssembly (896ms)
			LoadAssemblies (98ms)
			RebuildTransferFunctionScriptingTraits (0ms)
			SetupTypeCache (244ms)
			ReleaseScriptCaches (3ms)
			RebuildScriptCaches (40ms)
			SetupLoadedEditorAssemblies (497ms)
				LogAssemblyErrors (0ms)
				InitializePlatformSupportModulesInManaged (6ms)
				SetLoadedEditorAssemblies (0ms)
				RefreshPlugins (1ms)
				BeforeProcessingInitializeOnLoad (65ms)
				ProcessInitializeOnLoadAttributes (392ms)
				ProcessInitializeOnLoadMethodAttributes (22ms)
				AfterProcessingInitializeOnLoad (11ms)
				EditorAssembliesLoaded (0ms)
			ExecutionOrderSort2 (0ms)
			AwakeInstancesAfterBackupRestoration (7ms)
Platform modules already initialized, skipping
Refreshing native plugins compatible for Editor in 1.40 ms, found 3 plugins.
Preloading 0 native plugins for Editor in 0.00 ms.
Unloading 3973 Unused Serialized files (Serialized files now loaded: 0)
Unloading 43 unused Assets / (2.7 MB). Loaded Objects now: 4670.
Memory consumption went from 178.8 MB to 176.1 MB.
Total: 3.811700 ms (FindLiveObjects: 0.432800 ms CreateObjectMapping: 0.151200 ms MarkObjects: 2.549500 ms  DeleteObjects: 0.676100 ms)

AssetImportParameters requested are different than current active one (requested -> active):
  custom:video-decoder-ogg-theora: a1e56fd34408186e4bbccfd4996cb3dc -> 
  custom:container-muxer-webm: aa71ff27fc2769a1b78a27578f13a17b -> 
  custom:container-demuxer-webm: 4f35f7cbe854078d1ac9338744f61a02 -> 
  custom:video-encoder-webm-vp8: eb34c28f22e8b96e1ab97ce403110664 -> 
  custom:video-codec-MediaFoundation-h265: 746d11721c4dcdbdad8f713fa42b33f4 -> 
  custom:CustomObjectIndexerAttribute: bc11b3a6c3213fcdd17b65e7da85e133 -> 
  custom:audio-encoder-webm-vorbis: bf7c407c2cedff20999df2af8eb42d56 -> 
  custom:framework-win-MediaFoundation: 216162199b28c13a410421893ffa2e32 -> 
  custom:SearchIndexIgnoredProperties: e643bd26f0fe6173181afceb89e7c659 -> 
  custom:container-demuxer-ogg: 62fdf1f143b41e24485cea50d1cbac27 -> 
  custom:video-decoder-webm-vp8: 9c59270c3fd7afecdb556c50c9e8de78 -> 
  custom:audio-decoder-ogg-vorbis: bf7c407c2cedff20999df2af8eb42d56 -> 
========================================================================
Received Prepare
Registering precompiled user dll's ...
Registered in 0.008889 seconds.
Begin MonoManager ReloadAssembly
Native extension for WindowsStandalone target not found
Refreshing native plugins compatible for Editor in 0.89 ms, found 3 plugins.
Preloading 0 native plugins for Editor in 0.00 ms.
Mono: successfully reloaded assembly
- Completed reload, in  1.164 seconds
Domain Reload Profiling:
	ReloadAssembly (1164ms)
		BeginReloadAssembly (164ms)
			ExecutionOrderSort (0ms)
			DisableScriptedObjects (6ms)
			BackupInstance (0ms)
			ReleaseScriptingObjects (0ms)
			CreateAndSetChildDomain (41ms)
		EndReloadAssembly (903ms)
			LoadAssemblies (100ms)
			RebuildTransferFunctionScriptingTraits (0ms)
			SetupTypeCache (275ms)
			ReleaseScriptCaches (2ms)
			RebuildScriptCaches (46ms)
			SetupLoadedEditorAssemblies (454ms)
				LogAssemblyErrors (0ms)
				InitializePlatformSupportModulesInManaged (6ms)
				SetLoadedEditorAssemblies (0ms)
				RefreshPlugins (1ms)
				BeforeProcessingInitializeOnLoad (67ms)
				ProcessInitializeOnLoadAttributes (342ms)
				ProcessInitializeOnLoadMethodAttributes (26ms)
				AfterProcessingInitializeOnLoad (12ms)
				EditorAssembliesLoaded (0ms)
			ExecutionOrderSort2 (0ms)
			AwakeInstancesAfterBackupRestoration (6ms)
Platform modules already initialized, skipping
Refreshing native plugins compatible for Editor in 0.99 ms, found 3 plugins.
Preloading 0 native plugins for Editor in 0.00 ms.
Unloading 3973 Unused Serialized files (Serialized files now loaded: 0)
Unloading 43 unused Assets / (2.7 MB). Loaded Objects now: 4673.
Memory consumption went from 178.8 MB to 176.1 MB.
Total: 3.267200 ms (FindLiveObjects: 0.289800 ms CreateObjectMapping: 0.114300 ms MarkObjects: 2.500400 ms  DeleteObjects: 0.361300 ms)

AssetImportParameters requested are different than current active one (requested -> active):
  custom:video-decoder-ogg-theora: a1e56fd34408186e4bbccfd4996cb3dc -> 
  custom:container-muxer-webm: aa71ff27fc2769a1b78a27578f13a17b -> 
  custom:container-demuxer-webm: 4f35f7cbe854078d1ac9338744f61a02 -> 
  custom:video-encoder-webm-vp8: eb34c28f22e8b96e1ab97ce403110664 -> 
  custom:video-codec-MediaFoundation-h265: 746d11721c4dcdbdad8f713fa42b33f4 -> 
  custom:CustomObjectIndexerAttribute: bc11b3a6c3213fcdd17b65e7da85e133 -> 
  custom:audio-encoder-webm-vorbis: bf7c407c2cedff20999df2af8eb42d56 -> 
  custom:framework-win-MediaFoundation: 216162199b28c13a410421893ffa2e32 -> 
  custom:SearchIndexIgnoredProperties: e643bd26f0fe6173181afceb89e7c659 -> 
  custom:container-demuxer-ogg: 62fdf1f143b41e24485cea50d1cbac27 -> 
  custom:video-decoder-webm-vp8: 9c59270c3fd7afecdb556c50c9e8de78 -> 
  custom:audio-decoder-ogg-vorbis: bf7c407c2cedff20999df2af8eb42d56 -> 
========================================================================
Received Prepare
Registering precompiled user dll's ...
Registered in 0.005646 seconds.
Begin MonoManager ReloadAssembly
Native extension for WindowsStandalone target not found
Refreshing native plugins compatible for Editor in 0.86 ms, found 3 plugins.
Preloading 0 native plugins for Editor in 0.00 ms.
Mono: successfully reloaded assembly
- Completed reload, in  1.139 seconds
Domain Reload Profiling:
	ReloadAssembly (1140ms)
		BeginReloadAssembly (152ms)
			ExecutionOrderSort (0ms)
			DisableScriptedObjects (4ms)
			BackupInstance (0ms)
			ReleaseScriptingObjects (0ms)
			CreateAndSetChildDomain (35ms)
		EndReloadAssembly (901ms)
			LoadAssemblies (105ms)
			RebuildTransferFunctionScriptingTraits (0ms)
			SetupTypeCache (255ms)
			ReleaseScriptCaches (1ms)
			RebuildScriptCaches (40ms)
			SetupLoadedEditorAssemblies (487ms)
				LogAssemblyErrors (0ms)
				InitializePlatformSupportModulesInManaged (6ms)
				SetLoadedEditorAssemblies (0ms)
				RefreshPlugins (1ms)
				BeforeProcessingInitializeOnLoad (66ms)
				ProcessInitializeOnLoadAttributes (381ms)
				ProcessInitializeOnLoadMethodAttributes (25ms)
				AfterProcessingInitializeOnLoad (8ms)
				EditorAssembliesLoaded (0ms)
			ExecutionOrderSort2 (0ms)
			AwakeInstancesAfterBackupRestoration (6ms)
Platform modules already initialized, skipping
Refreshing native plugins compatible for Editor in 1.20 ms, found 3 plugins.
Preloading 0 native plugins for Editor in 0.00 ms.
Unloading 3973 Unused Serialized files (Serialized files now loaded: 0)
Unloading 43 unused Assets / (2.7 MB). Loaded Objects now: 4676.
Memory consumption went from 178.8 MB to 176.1 MB.
Total: 4.429200 ms (FindLiveObjects: 0.379300 ms CreateObjectMapping: 0.334600 ms MarkObjects: 3.226400 ms  DeleteObjects: 0.487900 ms)

AssetImportParameters requested are different than current active one (requested -> active):
  custom:video-decoder-ogg-theora: a1e56fd34408186e4bbccfd4996cb3dc -> 
  custom:container-muxer-webm: aa71ff27fc2769a1b78a27578f13a17b -> 
  custom:container-demuxer-webm: 4f35f7cbe854078d1ac9338744f61a02 -> 
  custom:video-encoder-webm-vp8: eb34c28f22e8b96e1ab97ce403110664 -> 
  custom:video-codec-MediaFoundation-h265: 746d11721c4dcdbdad8f713fa42b33f4 -> 
  custom:CustomObjectIndexerAttribute: bc11b3a6c3213fcdd17b65e7da85e133 -> 
  custom:audio-encoder-webm-vorbis: bf7c407c2cedff20999df2af8eb42d56 -> 
  custom:framework-win-MediaFoundation: 216162199b28c13a410421893ffa2e32 -> 
  custom:SearchIndexIgnoredProperties: e643bd26f0fe6173181afceb89e7c659 -> 
  custom:container-demuxer-ogg: 62fdf1f143b41e24485cea50d1cbac27 -> 
  custom:video-decoder-webm-vp8: 9c59270c3fd7afecdb556c50c9e8de78 -> 
  custom:audio-decoder-ogg-vorbis: bf7c407c2cedff20999df2af8eb42d56 -> 
========================================================================
Received Prepare
Registering precompiled user dll's ...
Registered in 0.006576 seconds.
Begin MonoManager ReloadAssembly
Native extension for WindowsStandalone target not found
Refreshing native plugins compatible for Editor in 1.53 ms, found 3 plugins.
Preloading 0 native plugins for Editor in 0.00 ms.
Mono: successfully reloaded assembly
- Completed reload, in  1.286 seconds
Domain Reload Profiling:
	ReloadAssembly (1286ms)
		BeginReloadAssembly (176ms)
			ExecutionOrderSort (0ms)
			DisableScriptedObjects (11ms)
			BackupInstance (0ms)
			ReleaseScriptingObjects (0ms)
			CreateAndSetChildDomain (33ms)
		EndReloadAssembly (1000ms)
			LoadAssemblies (125ms)
			RebuildTransferFunctionScriptingTraits (0ms)
			SetupTypeCache (322ms)
			ReleaseScriptCaches (2ms)
			RebuildScriptCaches (57ms)
			SetupLoadedEditorAssemblies (482ms)
				LogAssemblyErrors (0ms)
				InitializePlatformSupportModulesInManaged (7ms)
				SetLoadedEditorAssemblies (1ms)
				RefreshPlugins (2ms)
				BeforeProcessingInitializeOnLoad (68ms)
				ProcessInitializeOnLoadAttributes (374ms)
				ProcessInitializeOnLoadMethodAttributes (22ms)
				AfterProcessingInitializeOnLoad (8ms)
				EditorAssembliesLoaded (0ms)
			ExecutionOrderSort2 (0ms)
			AwakeInstancesAfterBackupRestoration (6ms)
Platform modules already initialized, skipping
Refreshing native plugins compatible for Editor in 0.91 ms, found 3 plugins.
Preloading 0 native plugins for Editor in 0.00 ms.
Unloading 3973 Unused Serialized files (Serialized files now loaded: 0)
Unloading 43 unused Assets / (2.7 MB). Loaded Objects now: 4679.
Memory consumption went from 178.8 MB to 176.1 MB.
Total: 3.977600 ms (FindLiveObjects: 0.351600 ms CreateObjectMapping: 0.133700 ms MarkObjects: 3.012400 ms  DeleteObjects: 0.478400 ms)

AssetImportParameters requested are different than current active one (requested -> active):
  custom:video-decoder-ogg-theora: a1e56fd34408186e4bbccfd4996cb3dc -> 
  custom:container-muxer-webm: aa71ff27fc2769a1b78a27578f13a17b -> 
  custom:container-demuxer-webm: 4f35f7cbe854078d1ac9338744f61a02 -> 
  custom:video-encoder-webm-vp8: eb34c28f22e8b96e1ab97ce403110664 -> 
  custom:video-codec-MediaFoundation-h265: 746d11721c4dcdbdad8f713fa42b33f4 -> 
  custom:CustomObjectIndexerAttribute: bc11b3a6c3213fcdd17b65e7da85e133 -> 
  custom:audio-encoder-webm-vorbis: bf7c407c2cedff20999df2af8eb42d56 -> 
  custom:framework-win-MediaFoundation: 216162199b28c13a410421893ffa2e32 -> 
  custom:SearchIndexIgnoredProperties: e643bd26f0fe6173181afceb89e7c659 -> 
  custom:container-demuxer-ogg: 62fdf1f143b41e24485cea50d1cbac27 -> 
  custom:video-decoder-webm-vp8: 9c59270c3fd7afecdb556c50c9e8de78 -> 
  custom:audio-decoder-ogg-vorbis: bf7c407c2cedff20999df2af8eb42d56 -> 
========================================================================
Received Prepare
Registering precompiled user dll's ...
Registered in 0.006644 seconds.
Begin MonoManager ReloadAssembly
Native extension for WindowsStandalone target not found
Refreshing native plugins compatible for Editor in 0.92 ms, found 3 plugins.
Preloading 0 native plugins for Editor in 0.00 ms.
Mono: successfully reloaded assembly
- Completed reload, in  1.129 seconds
Domain Reload Profiling:
	ReloadAssembly (1130ms)
		BeginReloadAssembly (142ms)
			ExecutionOrderSort (0ms)
			DisableScriptedObjects (4ms)
			BackupInstance (0ms)
			ReleaseScriptingObjects (0ms)
			CreateAndSetChildDomain (30ms)
		EndReloadAssembly (892ms)
			LoadAssemblies (106ms)
			RebuildTransferFunctionScriptingTraits (0ms)
			SetupTypeCache (258ms)
			ReleaseScriptCaches (2ms)
			RebuildScriptCaches (40ms)
			SetupLoadedEditorAssemblies (467ms)
				LogAssemblyErrors (0ms)
				InitializePlatformSupportModulesInManaged (6ms)
				SetLoadedEditorAssemblies (0ms)
				RefreshPlugins (1ms)
				BeforeProcessingInitializeOnLoad (69ms)
				ProcessInitializeOnLoadAttributes (354ms)
				ProcessInitializeOnLoadMethodAttributes (25ms)
				AfterProcessingInitializeOnLoad (12ms)
				EditorAssembliesLoaded (0ms)
			ExecutionOrderSort2 (0ms)
			AwakeInstancesAfterBackupRestoration (7ms)
Platform modules already initialized, skipping
Refreshing native plugins compatible for Editor in 1.03 ms, found 3 plugins.
Preloading 0 native plugins for Editor in 0.00 ms.
Unloading 3973 Unused Serialized files (Serialized files now loaded: 0)
Unloading 43 unused Assets / (2.7 MB). Loaded Objects now: 4682.
Memory consumption went from 178.8 MB to 176.1 MB.
Total: 3.369800 ms (FindLiveObjects: 0.348800 ms CreateObjectMapping: 0.177100 ms MarkObjects: 2.370900 ms  DeleteObjects: 0.471500 ms)

AssetImportParameters requested are different than current active one (requested -> active):
  custom:video-decoder-ogg-theora: a1e56fd34408186e4bbccfd4996cb3dc -> 
  custom:container-muxer-webm: aa71ff27fc2769a1b78a27578f13a17b -> 
  custom:container-demuxer-webm: 4f35f7cbe854078d1ac9338744f61a02 -> 
  custom:video-encoder-webm-vp8: eb34c28f22e8b96e1ab97ce403110664 -> 
  custom:video-codec-MediaFoundation-h265: 746d11721c4dcdbdad8f713fa42b33f4 -> 
  custom:CustomObjectIndexerAttribute: bc11b3a6c3213fcdd17b65e7da85e133 -> 
  custom:audio-encoder-webm-vorbis: bf7c407c2cedff20999df2af8eb42d56 -> 
  custom:framework-win-MediaFoundation: 216162199b28c13a410421893ffa2e32 -> 
  custom:SearchIndexIgnoredProperties: e643bd26f0fe6173181afceb89e7c659 -> 
  custom:container-demuxer-ogg: 62fdf1f143b41e24485cea50d1cbac27 -> 
  custom:video-decoder-webm-vp8: 9c59270c3fd7afecdb556c50c9e8de78 -> 
  custom:audio-decoder-ogg-vorbis: bf7c407c2cedff20999df2af8eb42d56 -> 
========================================================================
Received Prepare
Registering precompiled user dll's ...
Registered in 0.005357 seconds.
Begin MonoManager ReloadAssembly
Native extension for WindowsStandalone target not found
Refreshing native plugins compatible for Editor in 1.55 ms, found 3 plugins.
Preloading 0 native plugins for Editor in 0.00 ms.
Mono: successfully reloaded assembly
- Completed reload, in  1.084 seconds
Domain Reload Profiling:
	ReloadAssembly (1085ms)
		BeginReloadAssembly (151ms)
			ExecutionOrderSort (0ms)
			DisableScriptedObjects (4ms)
			BackupInstance (0ms)
			ReleaseScriptingObjects (0ms)
			CreateAndSetChildDomain (33ms)
		EndReloadAssembly (844ms)
			LoadAssemblies (104ms)
			RebuildTransferFunctionScriptingTraits (0ms)
			SetupTypeCache (269ms)
			ReleaseScriptCaches (3ms)
			RebuildScriptCaches (44ms)
			SetupLoadedEditorAssemblies (413ms)
				LogAssemblyErrors (0ms)
				InitializePlatformSupportModulesInManaged (5ms)
				SetLoadedEditorAssemblies (0ms)
				RefreshPlugins (2ms)
				BeforeProcessingInitializeOnLoad (59ms)
				ProcessInitializeOnLoadAttributes (320ms)
				ProcessInitializeOnLoadMethodAttributes (20ms)
				AfterProcessingInitializeOnLoad (7ms)
				EditorAssembliesLoaded (0ms)
			ExecutionOrderSort2 (0ms)
			AwakeInstancesAfterBackupRestoration (6ms)
Platform modules already initialized, skipping
Refreshing native plugins compatible for Editor in 0.99 ms, found 3 plugins.
Preloading 0 native plugins for Editor in 0.00 ms.
Unloading 3973 Unused Serialized files (Serialized files now loaded: 0)
Unloading 43 unused Assets / (2.7 MB). Loaded Objects now: 4685.
Memory consumption went from 178.8 MB to 176.1 MB.
Total: 4.235500 ms (FindLiveObjects: 0.306100 ms CreateObjectMapping: 0.153700 ms MarkObjects: 3.343900 ms  DeleteObjects: 0.430500 ms)

AssetImportParameters requested are different than current active one (requested -> active):
  custom:video-decoder-ogg-theora: a1e56fd34408186e4bbccfd4996cb3dc -> 
  custom:container-muxer-webm: aa71ff27fc2769a1b78a27578f13a17b -> 
  custom:container-demuxer-webm: 4f35f7cbe854078d1ac9338744f61a02 -> 
  custom:video-encoder-webm-vp8: eb34c28f22e8b96e1ab97ce403110664 -> 
  custom:video-codec-MediaFoundation-h265: 746d11721c4dcdbdad8f713fa42b33f4 -> 
  custom:CustomObjectIndexerAttribute: bc11b3a6c3213fcdd17b65e7da85e133 -> 
  custom:audio-encoder-webm-vorbis: bf7c407c2cedff20999df2af8eb42d56 -> 
  custom:framework-win-MediaFoundation: 216162199b28c13a410421893ffa2e32 -> 
  custom:SearchIndexIgnoredProperties: e643bd26f0fe6173181afceb89e7c659 -> 
  custom:container-demuxer-ogg: 62fdf1f143b41e24485cea50d1cbac27 -> 
  custom:video-decoder-webm-vp8: 9c59270c3fd7afecdb556c50c9e8de78 -> 
  custom:audio-decoder-ogg-vorbis: bf7c407c2cedff20999df2af8eb42d56 -> 
========================================================================
Received Prepare
Registering precompiled user dll's ...
Registered in 0.005757 seconds.
Begin MonoManager ReloadAssembly
Native extension for WindowsStandalone target not found
Refreshing native plugins compatible for Editor in 1.60 ms, found 3 plugins.
Preloading 0 native plugins for Editor in 0.00 ms.
Mono: successfully reloaded assembly
- Completed reload, in  1.108 seconds
Domain Reload Profiling:
	ReloadAssembly (1109ms)
		BeginReloadAssembly (144ms)
			ExecutionOrderSort (0ms)
			DisableScriptedObjects (4ms)
			BackupInstance (0ms)
			ReleaseScriptingObjects (0ms)
			CreateAndSetChildDomain (35ms)
		EndReloadAssembly (882ms)
			LoadAssemblies (92ms)
			RebuildTransferFunctionScriptingTraits (0ms)
			SetupTypeCache (259ms)
			ReleaseScriptCaches (1ms)
			RebuildScriptCaches (36ms)
			SetupLoadedEditorAssemblies (473ms)
				LogAssemblyErrors (0ms)
				InitializePlatformSupportModulesInManaged (7ms)
				SetLoadedEditorAssemblies (1ms)
				RefreshPlugins (2ms)
				BeforeProcessingInitializeOnLoad (62ms)
				ProcessInitializeOnLoadAttributes (372ms)
				ProcessInitializeOnLoadMethodAttributes (22ms)
				AfterProcessingInitializeOnLoad (8ms)
				EditorAssembliesLoaded (0ms)
			ExecutionOrderSort2 (0ms)
			AwakeInstancesAfterBackupRestoration (8ms)
Platform modules already initialized, skipping
Refreshing native plugins compatible for Editor in 1.15 ms, found 3 plugins.
Preloading 0 native plugins for Editor in 0.00 ms.
Unloading 3973 Unused Serialized files (Serialized files now loaded: 0)
Unloading 43 unused Assets / (2.7 MB). Loaded Objects now: 4688.
Memory consumption went from 178.8 MB to 176.1 MB.
Total: 5.716200 ms (FindLiveObjects: 0.535900 ms CreateObjectMapping: 0.508100 ms MarkObjects: 3.992700 ms  DeleteObjects: 0.677800 ms)

AssetImportParameters requested are different than current active one (requested -> active):
  custom:video-decoder-ogg-theora: a1e56fd34408186e4bbccfd4996cb3dc -> 
  custom:container-muxer-webm: aa71ff27fc2769a1b78a27578f13a17b -> 
  custom:container-demuxer-webm: 4f35f7cbe854078d1ac9338744f61a02 -> 
  custom:video-encoder-webm-vp8: eb34c28f22e8b96e1ab97ce403110664 -> 
  custom:video-codec-MediaFoundation-h265: 746d11721c4dcdbdad8f713fa42b33f4 -> 
  custom:CustomObjectIndexerAttribute: bc11b3a6c3213fcdd17b65e7da85e133 -> 
  custom:audio-encoder-webm-vorbis: bf7c407c2cedff20999df2af8eb42d56 -> 
  custom:framework-win-MediaFoundation: 216162199b28c13a410421893ffa2e32 -> 
  custom:SearchIndexIgnoredProperties: e643bd26f0fe6173181afceb89e7c659 -> 
  custom:container-demuxer-ogg: 62fdf1f143b41e24485cea50d1cbac27 -> 
  custom:video-decoder-webm-vp8: 9c59270c3fd7afecdb556c50c9e8de78 -> 
  custom:audio-decoder-ogg-vorbis: bf7c407c2cedff20999df2af8eb42d56 -> 
========================================================================
Received Prepare
Registering precompiled user dll's ...
Registered in 0.006948 seconds.
Begin MonoManager ReloadAssembly
Native extension for WindowsStandalone target not found
Refreshing native plugins compatible for Editor in 1.40 ms, found 3 plugins.
Preloading 0 native plugins for Editor in 0.00 ms.
Mono: successfully reloaded assembly
- Completed reload, in  1.282 seconds
Domain Reload Profiling:
	ReloadAssembly (1283ms)
		BeginReloadAssembly (168ms)
			ExecutionOrderSort (0ms)
			DisableScriptedObjects (6ms)
			BackupInstance (0ms)
			ReleaseScriptingObjects (0ms)
			CreateAndSetChildDomain (42ms)
		EndReloadAssembly (1008ms)
			LoadAssemblies (109ms)
			RebuildTransferFunctionScriptingTraits (0ms)
			SetupTypeCache (284ms)
			ReleaseScriptCaches (2ms)
			RebuildScriptCaches (57ms)
			SetupLoadedEditorAssemblies (519ms)
				LogAssemblyErrors (0ms)
				InitializePlatformSupportModulesInManaged (6ms)
				SetLoadedEditorAssemblies (1ms)
				RefreshPlugins (2ms)
				BeforeProcessingInitializeOnLoad (71ms)
				ProcessInitializeOnLoadAttributes (406ms)
				ProcessInitializeOnLoadMethodAttributes (24ms)
				AfterProcessingInitializeOnLoad (9ms)
				EditorAssembliesLoaded (0ms)
			ExecutionOrderSort2 (0ms)
			AwakeInstancesAfterBackupRestoration (7ms)
Platform modules already initialized, skipping
Refreshing native plugins compatible for Editor in 1.25 ms, found 3 plugins.
Preloading 0 native plugins for Editor in 0.00 ms.
Unloading 3973 Unused Serialized files (Serialized files now loaded: 0)
Unloading 43 unused Assets / (2.7 MB). Loaded Objects now: 4691.
Memory consumption went from 178.8 MB to 176.1 MB.
Total: 4.134700 ms (FindLiveObjects: 0.490000 ms CreateObjectMapping: 0.301700 ms MarkObjects: 2.862500 ms  DeleteObjects: 0.478800 ms)

AssetImportParameters requested are different than current active one (requested -> active):
  custom:video-decoder-ogg-theora: a1e56fd34408186e4bbccfd4996cb3dc -> 
  custom:container-muxer-webm: aa71ff27fc2769a1b78a27578f13a17b -> 
  custom:container-demuxer-webm: 4f35f7cbe854078d1ac9338744f61a02 -> 
  custom:video-encoder-webm-vp8: eb34c28f22e8b96e1ab97ce403110664 -> 
  custom:video-codec-MediaFoundation-h265: 746d11721c4dcdbdad8f713fa42b33f4 -> 
  custom:CustomObjectIndexerAttribute: bc11b3a6c3213fcdd17b65e7da85e133 -> 
  custom:audio-encoder-webm-vorbis: bf7c407c2cedff20999df2af8eb42d56 -> 
  custom:framework-win-MediaFoundation: 216162199b28c13a410421893ffa2e32 -> 
  custom:SearchIndexIgnoredProperties: e643bd26f0fe6173181afceb89e7c659 -> 
  custom:container-demuxer-ogg: 62fdf1f143b41e24485cea50d1cbac27 -> 
  custom:video-decoder-webm-vp8: 9c59270c3fd7afecdb556c50c9e8de78 -> 
  custom:audio-decoder-ogg-vorbis: bf7c407c2cedff20999df2af8eb42d56 -> 
========================================================================
Received Prepare
Registering precompiled user dll's ...
Registered in 0.005072 seconds.
Begin MonoManager ReloadAssembly
Native extension for WindowsStandalone target not found
Refreshing native plugins compatible for Editor in 0.99 ms, found 3 plugins.
Preloading 0 native plugins for Editor in 0.00 ms.
Mono: successfully reloaded assembly
- Completed reload, in  1.157 seconds
Domain Reload Profiling:
	ReloadAssembly (1158ms)
		BeginReloadAssembly (157ms)
			ExecutionOrderSort (0ms)
			DisableScriptedObjects (5ms)
			BackupInstance (0ms)
			ReleaseScriptingObjects (0ms)
			CreateAndSetChildDomain (30ms)
		EndReloadAssembly (903ms)
			LoadAssemblies (109ms)
			RebuildTransferFunctionScriptingTraits (0ms)
			SetupTypeCache (266ms)
			ReleaseScriptCaches (2ms)
			RebuildScriptCaches (37ms)
			SetupLoadedEditorAssemblies (475ms)
				LogAssemblyErrors (0ms)
				InitializePlatformSupportModulesInManaged (6ms)
				SetLoadedEditorAssemblies (0ms)
				RefreshPlugins (1ms)
				BeforeProcessingInitializeOnLoad (69ms)
				ProcessInitializeOnLoadAttributes (365ms)
				ProcessInitializeOnLoadMethodAttributes (25ms)
				AfterProcessingInitializeOnLoad (9ms)
				EditorAssembliesLoaded (0ms)
			ExecutionOrderSort2 (0ms)
			AwakeInstancesAfterBackupRestoration (7ms)
Platform modules already initialized, skipping
Refreshing native plugins compatible for Editor in 1.32 ms, found 3 plugins.
Preloading 0 native plugins for Editor in 0.00 ms.
Unloading 3973 Unused Serialized files (Serialized files now loaded: 0)
Unloading 43 unused Assets / (2.7 MB). Loaded Objects now: 4694.
Memory consumption went from 178.8 MB to 176.1 MB.
Total: 4.026900 ms (FindLiveObjects: 0.506900 ms CreateObjectMapping: 0.538500 ms MarkObjects: 2.401200 ms  DeleteObjects: 0.578100 ms)

AssetImportParameters requested are different than current active one (requested -> active):
  custom:video-decoder-ogg-theora: a1e56fd34408186e4bbccfd4996cb3dc -> 
  custom:container-muxer-webm: aa71ff27fc2769a1b78a27578f13a17b -> 
  custom:container-demuxer-webm: 4f35f7cbe854078d1ac9338744f61a02 -> 
  custom:video-encoder-webm-vp8: eb34c28f22e8b96e1ab97ce403110664 -> 
  custom:video-codec-MediaFoundation-h265: 746d11721c4dcdbdad8f713fa42b33f4 -> 
  custom:CustomObjectIndexerAttribute: bc11b3a6c3213fcdd17b65e7da85e133 -> 
  custom:audio-encoder-webm-vorbis: bf7c407c2cedff20999df2af8eb42d56 -> 
  custom:framework-win-MediaFoundation: 216162199b28c13a410421893ffa2e32 -> 
  custom:SearchIndexIgnoredProperties: e643bd26f0fe6173181afceb89e7c659 -> 
  custom:container-demuxer-ogg: 62fdf1f143b41e24485cea50d1cbac27 -> 
  custom:video-decoder-webm-vp8: 9c59270c3fd7afecdb556c50c9e8de78 -> 
  custom:audio-decoder-ogg-vorbis: bf7c407c2cedff20999df2af8eb42d56 -> 
========================================================================
Received Import Request.
  Time since last request: 4145.406149 seconds.
  path: Assets/nTools/PrefabPainter/Examples/Prefabs/tree1.prefab
  artifactKey: Guid(8e66ff4afa28c4be7821a9ae9372d1f7) Importer(815301076,1909f56bfc062723c751e8b465ee728b)
Number of updated assets reloaded before import = 0
Start importing Assets/nTools/PrefabPainter/Examples/Prefabs/tree1.prefab using Guid(8e66ff4afa28c4be7821a9ae9372d1f7) Importer(815301076,1909f56bfc062723c751e8b465ee728b)  -> (artifact id: '50fb8bfc993a598401e37b2d10232f04') in 0.275144 seconds 
Number of asset objects unloaded after import = 11
========================================================================
Received Import Request.
  Time since last request: 0.000039 seconds.
  path: Assets/PolygonNatureBiomes/PNB_Tropical_Jungle/Prefabs/SM_Env_Rock_Cave_01.prefab
  artifactKey: Guid(29ba4fe0ad079494f8498d4873be3018) Importer(815301076,1909f56bfc062723c751e8b465ee728b)
Number of updated assets reloaded before import = 0
Start importing Assets/PolygonNatureBiomes/PNB_Tropical_Jungle/Prefabs/SM_Env_Rock_Cave_01.prefab using Guid(29ba4fe0ad079494f8498d4873be3018) Importer(815301076,1909f56bfc062723c751e8b465ee728b)  -> (artifact id: '6ab5e6da50f1343f5b6d2ce4c63def94') in 0.198508 seconds 
Number of asset objects unloaded after import = 11
========================================================================
Received Import Request.
  Time since last request: 0.000038 seconds.
  path: Assets/PolygonWestern/Prefabs/Environments/SM_Env_Cactus_01.prefab
  artifactKey: Guid(05a0c8e6b527de943bd4968427568c0b) Importer(815301076,1909f56bfc062723c751e8b465ee728b)
Number of updated assets reloaded before import = 0
Start importing Assets/PolygonWestern/Prefabs/Environments/SM_Env_Cactus_01.prefab using Guid(05a0c8e6b527de943bd4968427568c0b) Importer(815301076,1909f56bfc062723c751e8b465ee728b)  -> (artifact id: '8e29a30b25d925902442b25d46172f90') in 0.025094 seconds 
Number of asset objects unloaded after import = 12
========================================================================
Received Import Request.
  Time since last request: 0.000020 seconds.
  path: Assets/PolygonWestern/Prefabs/Environments/SM_Env_Cactus_15.prefab
  artifactKey: Guid(2e3a851fb51f05946afa4156d0078cae) Importer(815301076,1909f56bfc062723c751e8b465ee728b)
Number of updated assets reloaded before import = 0
Start importing Assets/PolygonWestern/Prefabs/Environments/SM_Env_Cactus_15.prefab using Guid(2e3a851fb51f05946afa4156d0078cae) Importer(815301076,1909f56bfc062723c751e8b465ee728b)  -> (artifact id: 'c9e7749bde86b933d05d2d3bbdf26e2d') in 0.024091 seconds 
Number of asset objects unloaded after import = 16
========================================================================
Received Import Request.
  Time since last request: 0.000018 seconds.
  path: Assets/PolygonNatureBiomes/PNB_Tropical_Jungle/Prefabs/SM_Env_Rock_Ground_01.prefab
  artifactKey: Guid(013ef45bfe36704438428907760e8b5e) Importer(815301076,1909f56bfc062723c751e8b465ee728b)
Number of updated assets reloaded before import = 0
Start importing Assets/PolygonNatureBiomes/PNB_Tropical_Jungle/Prefabs/SM_Env_Rock_Ground_01.prefab using Guid(013ef45bfe36704438428907760e8b5e) Importer(815301076,1909f56bfc062723c751e8b465ee728b)  -> (artifact id: '2e4d8b893ddcc65dfff588b9e7150d9f') in 0.032099 seconds 
Number of asset objects unloaded after import = 17
========================================================================
Received Import Request.
  Time since last request: 0.000031 seconds.
  path: Assets/PolygonNatureBiomes/PNB_Tropical_Jungle/Prefabs/SM_Env_Rock_Pile_03.prefab
  artifactKey: Guid(5b448aa47a6dfc042be4e202cf9196fd) Importer(815301076,1909f56bfc062723c751e8b465ee728b)
Number of updated assets reloaded before import = 0
Start importing Assets/PolygonNatureBiomes/PNB_Tropical_Jungle/Prefabs/SM_Env_Rock_Pile_03.prefab using Guid(5b448aa47a6dfc042be4e202cf9196fd) Importer(815301076,1909f56bfc062723c751e8b465ee728b)  -> (artifact id: '3e419ba84d33f38b666e36cbe255c68c') in 0.019479 seconds 
Number of asset objects unloaded after import = 17
========================================================================
Received Import Request.
  Time since last request: 0.000033 seconds.
  path: Assets/nTools/PrefabPainter/Examples/Prefabs/tree4.prefab
  artifactKey: Guid(ba260558c316b4cda92178dc6fef1161) Importer(815301076,1909f56bfc062723c751e8b465ee728b)
Number of updated assets reloaded before import = 0
Start importing Assets/nTools/PrefabPainter/Examples/Prefabs/tree4.prefab using Guid(ba260558c316b4cda92178dc6fef1161) Importer(815301076,1909f56bfc062723c751e8b465ee728b)  -> (artifact id: '61a7622d04b36a793b1c2f6bc64030f1') in 0.013968 seconds 
Number of asset objects unloaded after import = 11
