Using pre-set license
Built from '2021.3/staging' branch; Version is '2021.3.32f1 (3b9dae9532f5) revision 3906990'; Using compiler version '192829333'; Build Type 'Release'
OS: 'Windows 11  (10.0.26200) 64bit Professional' Language: 'cs' Physical Memory: 31905 MB
BatchMode: 1, IsHumanControllingUs: 0, StartBugReporterOnCrash: 0, Is64bit: 1, IsPro: 1

COMMAND LINE ARGUMENTS:
C:\Program Files\Unity\Hub\Editor\2021.3.32f1\Editor\Unity.exe
-adb2
-batchMode
-noUpm
-name
AssetImportWorker13
-projectPath
C:/Users/simon/Documents/GitHub/The-Last-Bounty/Wanted-Dead or alive
-logFile
Logs/AssetImportWorker13.log
-srvPort
61729
Successfully changed project path to: C:/Users/simon/Documents/GitHub/The-Last-Bounty/Wanted-Dead or alive
C:/Users/simon/Documents/GitHub/The-Last-Bounty/Wanted-Dead or alive
[UnityMemory] Configuration Parameters - Can be set up in boot.config
    "memorysetup-bucket-allocator-granularity=16"
    "memorysetup-bucket-allocator-bucket-count=8"
    "memorysetup-bucket-allocator-block-size=33554432"
    "memorysetup-bucket-allocator-block-count=8"
    "memorysetup-main-allocator-block-size=16777216"
    "memorysetup-thread-allocator-block-size=16777216"
    "memorysetup-gfx-main-allocator-block-size=16777216"
    "memorysetup-gfx-thread-allocator-block-size=16777216"
    "memorysetup-cache-allocator-block-size=4194304"
    "memorysetup-typetree-allocator-block-size=2097152"
    "memorysetup-profiler-bucket-allocator-granularity=16"
    "memorysetup-profiler-bucket-allocator-bucket-count=8"
    "memorysetup-profiler-bucket-allocator-block-size=33554432"
    "memorysetup-profiler-bucket-allocator-block-count=8"
    "memorysetup-profiler-allocator-block-size=16777216"
    "memorysetup-profiler-editor-allocator-block-size=1048576"
    "memorysetup-temp-allocator-size-main=16777216"
    "memorysetup-job-temp-allocator-block-size=2097152"
    "memorysetup-job-temp-allocator-block-size-background=1048576"
    "memorysetup-job-temp-allocator-reduction-small-platforms=262144"
    "memorysetup-temp-allocator-size-background-worker=32768"
    "memorysetup-temp-allocator-size-job-worker=262144"
    "memorysetup-temp-allocator-size-preload-manager=33554432"
    "memorysetup-temp-allocator-size-nav-mesh-worker=65536"
    "memorysetup-temp-allocator-size-audio-worker=65536"
    "memorysetup-temp-allocator-size-cloud-worker=32768"
    "memorysetup-temp-allocator-size-gi-baking-worker=262144"
    "memorysetup-temp-allocator-size-gfx=262144"
Player connection [13604] Host "[IP] 192.168.0.167 [Port] 0 [Flags] 2 [Guid] 741712452 [EditorId] 741712452 [Version] 1048832 [Id] WindowsEditor(7,Simon) [Debug] 1 [PackageName] WindowsEditor [ProjectName] Editor" joined multi-casting on [225.0.0.222:54997]...

Player connection [13604] Host "[IP] 192.168.0.167 [Port] 0 [Flags] 2 [Guid] 741712452 [EditorId] 741712452 [Version] 1048832 [Id] WindowsEditor(7,Simon) [Debug] 1 [PackageName] WindowsEditor [ProjectName] Editor" joined alternative multi-casting on [225.0.0.222:34997]...

[Physics::Module] Initialized MultithreadedJobDispatcher with {0} workers.
Refreshing native plugins compatible for Editor in 80.25 ms, found 3 plugins.
Preloading 0 native plugins for Editor in 0.00 ms.
Initialize engine version: 2021.3.32f1 (3b9dae9532f5)
[Subsystems] Discovering subsystems at path C:/Program Files/Unity/Hub/Editor/2021.3.32f1/Editor/Data/Resources/UnitySubsystems
[Subsystems] Discovering subsystems at path C:/Users/simon/Documents/GitHub/The-Last-Bounty/Wanted-Dead or alive/Assets
GfxDevice: creating device client; threaded=0; jobified=0
Direct3D:
    Version:  Direct3D 11.0 [level 11.1]
    Renderer: AMD Radeon RX 9070 XT (ID=0x7550)
    Vendor:   ATI
    VRAM:     16200 MB
    Driver:   32.0.23027.2005
Initialize mono
Mono path[0] = 'C:/Program Files/Unity/Hub/Editor/2021.3.32f1/Editor/Data/Managed'
Mono path[1] = 'C:/Program Files/Unity/Hub/Editor/2021.3.32f1/Editor/Data/MonoBleedingEdge/lib/mono/unityjit-win32'
Mono config path = 'C:/Program Files/Unity/Hub/Editor/2021.3.32f1/Editor/Data/MonoBleedingEdge/etc'
Using monoOptions --debugger-agent=transport=dt_socket,embedding=1,server=y,suspend=n,address=127.0.0.1:56260
Begin MonoManager ReloadAssembly
Registering precompiled unity dll's ...
Register platform support module: C:/Program Files/Unity/Hub/Editor/2021.3.32f1/Editor/Data/PlaybackEngines/WindowsStandaloneSupport/UnityEditor.WindowsStandalone.Extensions.dll
Registered in 0.014670 seconds.
Native extension for WindowsStandalone target not found
Refreshing native plugins compatible for Editor in 76.80 ms, found 3 plugins.
Preloading 0 native plugins for Editor in 0.00 ms.
Mono: successfully reloaded assembly
- Completed reload, in  0.528 seconds
Domain Reload Profiling:
	ReloadAssembly (528ms)
		BeginReloadAssembly (98ms)
			ExecutionOrderSort (0ms)
			DisableScriptedObjects (0ms)
			BackupInstance (0ms)
			ReleaseScriptingObjects (0ms)
			CreateAndSetChildDomain (1ms)
		EndReloadAssembly (336ms)
			LoadAssemblies (93ms)
			RebuildTransferFunctionScriptingTraits (0ms)
			SetupTypeCache (68ms)
			ReleaseScriptCaches (0ms)
			RebuildScriptCaches (17ms)
			SetupLoadedEditorAssemblies (214ms)
				LogAssemblyErrors (0ms)
				InitializePlatformSupportModulesInManaged (8ms)
				SetLoadedEditorAssemblies (0ms)
				RefreshPlugins (77ms)
				BeforeProcessingInitializeOnLoad (1ms)
				ProcessInitializeOnLoadAttributes (91ms)
				ProcessInitializeOnLoadMethodAttributes (36ms)
				AfterProcessingInitializeOnLoad (0ms)
				EditorAssembliesLoaded (0ms)
			ExecutionOrderSort2 (0ms)
			AwakeInstancesAfterBackupRestoration (0ms)
Platform modules already initialized, skipping
Registering precompiled user dll's ...
Registered in 0.009758 seconds.
Begin MonoManager ReloadAssembly
Native extension for WindowsStandalone target not found
Refreshing native plugins compatible for Editor in 63.45 ms, found 3 plugins.
Preloading 0 native plugins for Editor in 0.00 ms.
Mono: successfully reloaded assembly
- Completed reload, in  0.872 seconds
Domain Reload Profiling:
	ReloadAssembly (873ms)
		BeginReloadAssembly (97ms)
			ExecutionOrderSort (0ms)
			DisableScriptedObjects (3ms)
			BackupInstance (0ms)
			ReleaseScriptingObjects (0ms)
			CreateAndSetChildDomain (12ms)
		EndReloadAssembly (701ms)
			LoadAssemblies (86ms)
			RebuildTransferFunctionScriptingTraits (0ms)
			SetupTypeCache (154ms)
			ReleaseScriptCaches (0ms)
			RebuildScriptCaches (29ms)
			SetupLoadedEditorAssemblies (433ms)
				LogAssemblyErrors (0ms)
				InitializePlatformSupportModulesInManaged (6ms)
				SetLoadedEditorAssemblies (0ms)
				RefreshPlugins (64ms)
				BeforeProcessingInitializeOnLoad (77ms)
				ProcessInitializeOnLoadAttributes (261ms)
				ProcessInitializeOnLoadMethodAttributes (12ms)
				AfterProcessingInitializeOnLoad (14ms)
				EditorAssembliesLoaded (0ms)
			ExecutionOrderSort2 (0ms)
			AwakeInstancesAfterBackupRestoration (4ms)
Platform modules already initialized, skipping
========================================================================
Worker process is ready to serve import requests
Launched and connected shader compiler UnityShaderCompiler.exe after 0.03 seconds
Refreshing native plugins compatible for Editor in 0.74 ms, found 3 plugins.
Preloading 0 native plugins for Editor in 0.00 ms.
Unloading 4073 Unused Serialized files (Serialized files now loaded: 0)
Unloading 60 unused Assets / (2.7 MB). Loaded Objects now: 4545.
Memory consumption went from 255.7 MB to 253.0 MB.
Total: 2.305300 ms (FindLiveObjects: 0.137800 ms CreateObjectMapping: 0.063100 ms MarkObjects: 1.746100 ms  DeleteObjects: 0.357900 ms)

AssetImportParameters requested are different than current active one (requested -> active):
  custom:video-decoder-ogg-theora: a1e56fd34408186e4bbccfd4996cb3dc -> 
  custom:container-muxer-webm: aa71ff27fc2769a1b78a27578f13a17b -> 
  custom:container-demuxer-webm: 4f35f7cbe854078d1ac9338744f61a02 -> 
  custom:video-encoder-webm-vp8: eb34c28f22e8b96e1ab97ce403110664 -> 
  custom:video-codec-MediaFoundation-h265: 746d11721c4dcdbdad8f713fa42b33f4 -> 
  custom:CustomObjectIndexerAttribute: bc11b3a6c3213fcdd17b65e7da85e133 -> 
  custom:audio-encoder-webm-vorbis: bf7c407c2cedff20999df2af8eb42d56 -> 
  custom:framework-win-MediaFoundation: 216162199b28c13a410421893ffa2e32 -> 
  custom:SearchIndexIgnoredProperties: e643bd26f0fe6173181afceb89e7c659 -> 
  custom:container-demuxer-ogg: 62fdf1f143b41e24485cea50d1cbac27 -> 
  custom:video-decoder-webm-vp8: 9c59270c3fd7afecdb556c50c9e8de78 -> 
  custom:audio-decoder-ogg-vorbis: bf7c407c2cedff20999df2af8eb42d56 -> 
========================================================================
Received Prepare
Registering precompiled user dll's ...
Registered in 0.009127 seconds.
Begin MonoManager ReloadAssembly
Native extension for WindowsStandalone target not found
Refreshing native plugins compatible for Editor in 0.88 ms, found 3 plugins.
Preloading 0 native plugins for Editor in 0.00 ms.
Mono: successfully reloaded assembly
- Completed reload, in  0.879 seconds
Domain Reload Profiling:
	ReloadAssembly (879ms)
		BeginReloadAssembly (149ms)
			ExecutionOrderSort (0ms)
			DisableScriptedObjects (3ms)
			BackupInstance (0ms)
			ReleaseScriptingObjects (0ms)
			CreateAndSetChildDomain (25ms)
		EndReloadAssembly (651ms)
			LoadAssemblies (119ms)
			RebuildTransferFunctionScriptingTraits (0ms)
			SetupTypeCache (163ms)
			ReleaseScriptCaches (1ms)
			RebuildScriptCaches (25ms)
			SetupLoadedEditorAssemblies (359ms)
				LogAssemblyErrors (0ms)
				InitializePlatformSupportModulesInManaged (6ms)
				SetLoadedEditorAssemblies (0ms)
				RefreshPlugins (1ms)
				BeforeProcessingInitializeOnLoad (71ms)
				ProcessInitializeOnLoadAttributes (247ms)
				ProcessInitializeOnLoadMethodAttributes (14ms)
				AfterProcessingInitializeOnLoad (21ms)
				EditorAssembliesLoaded (0ms)
			ExecutionOrderSort2 (0ms)
			AwakeInstancesAfterBackupRestoration (4ms)
Platform modules already initialized, skipping
Refreshing native plugins compatible for Editor in 0.79 ms, found 3 plugins.
Preloading 0 native plugins for Editor in 0.00 ms.
Unloading 3973 Unused Serialized files (Serialized files now loaded: 0)
Unloading 43 unused Assets / (2.7 MB). Loaded Objects now: 4548.
Memory consumption went from 245.5 MB to 242.8 MB.
Total: 2.474300 ms (FindLiveObjects: 0.210700 ms CreateObjectMapping: 0.073000 ms MarkObjects: 1.836500 ms  DeleteObjects: 0.353600 ms)

AssetImportParameters requested are different than current active one (requested -> active):
  custom:video-decoder-ogg-theora: a1e56fd34408186e4bbccfd4996cb3dc -> 
  custom:container-muxer-webm: aa71ff27fc2769a1b78a27578f13a17b -> 
  custom:container-demuxer-webm: 4f35f7cbe854078d1ac9338744f61a02 -> 
  custom:video-encoder-webm-vp8: eb34c28f22e8b96e1ab97ce403110664 -> 
  custom:video-codec-MediaFoundation-h265: 746d11721c4dcdbdad8f713fa42b33f4 -> 
  custom:CustomObjectIndexerAttribute: bc11b3a6c3213fcdd17b65e7da85e133 -> 
  custom:audio-encoder-webm-vorbis: bf7c407c2cedff20999df2af8eb42d56 -> 
  custom:framework-win-MediaFoundation: 216162199b28c13a410421893ffa2e32 -> 
  custom:SearchIndexIgnoredProperties: e643bd26f0fe6173181afceb89e7c659 -> 
  custom:container-demuxer-ogg: 62fdf1f143b41e24485cea50d1cbac27 -> 
  custom:video-decoder-webm-vp8: 9c59270c3fd7afecdb556c50c9e8de78 -> 
  custom:audio-decoder-ogg-vorbis: bf7c407c2cedff20999df2af8eb42d56 -> 
========================================================================
Received Import Request.
  Time since last request: 385890.937023 seconds.
  path: Assets/PolygonPirates/Prefabs/Characters/Character_Pirate_Seaman_01.prefab
  artifactKey: Guid(cd3b4bf6d7e36af41b2bc986a4ab13c7) Importer(815301076,1909f56bfc062723c751e8b465ee728b)
Number of updated assets reloaded before import = 0
Start importing Assets/PolygonPirates/Prefabs/Characters/Character_Pirate_Seaman_01.prefab using Guid(cd3b4bf6d7e36af41b2bc986a4ab13c7) Importer(815301076,1909f56bfc062723c751e8b465ee728b)  -> (artifact id: '67d662d8ea24763965739c374c2b09d5') in 0.101845 seconds 
Number of asset objects unloaded after import = 316
========================================================================
Received Import Request.
  Time since last request: 0.000012 seconds.
  path: Assets/PolygonNatureBiomes/PNB_Tropical_Jungle/FX/FX_Prefabs/FX_Clouds_Large_01.prefab
  artifactKey: Guid(b8c10d372c761044191388aa67b8287a) Importer(815301076,1909f56bfc062723c751e8b465ee728b)
Number of updated assets reloaded before import = 0
Start importing Assets/PolygonNatureBiomes/PNB_Tropical_Jungle/FX/FX_Prefabs/FX_Clouds_Large_01.prefab using Guid(b8c10d372c761044191388aa67b8287a) Importer(815301076,1909f56bfc062723c751e8b465ee728b)  -> (artifact id: '0cc240805a4605cb63eb9b4b3d9c057c') in 0.015097 seconds 
Number of asset objects unloaded after import = 8
========================================================================
Received Import Request.
  Time since last request: 0.000009 seconds.
  path: Assets/PolygonWestern/Prefabs/FX/GunShot_Smoke_FX.prefab
  artifactKey: Guid(2574ca206a571a342a7fab69fdfb87aa) Importer(815301076,1909f56bfc062723c751e8b465ee728b)
Number of updated assets reloaded before import = 0
Start importing Assets/PolygonWestern/Prefabs/FX/GunShot_Smoke_FX.prefab using Guid(2574ca206a571a342a7fab69fdfb87aa) Importer(815301076,1909f56bfc062723c751e8b465ee728b)  -> (artifact id: 'fd2557fadb42482aa5a802e9ff36c1b5') in 0.007818 seconds 
Number of asset objects unloaded after import = 10
========================================================================
Received Import Request.
  Time since last request: 0.000010 seconds.
  path: Assets/PolygonNatureBiomes/PNB_Core/Prefabs/FX_Rain_01.prefab
  artifactKey: Guid(32b4889a0597f4643946f922c4161e40) Importer(815301076,1909f56bfc062723c751e8b465ee728b)
Number of updated assets reloaded before import = 0
Start importing Assets/PolygonNatureBiomes/PNB_Core/Prefabs/FX_Rain_01.prefab using Guid(32b4889a0597f4643946f922c4161e40) Importer(815301076,1909f56bfc062723c751e8b465ee728b)  -> (artifact id: '294b2785e4a7805c4a36b199235208a2') in 0.007076 seconds 
Number of asset objects unloaded after import = 8
========================================================================
Received Import Request.
  Time since last request: 0.000008 seconds.
  path: Assets/PolygonNatureBiomes/PNB_Tropical_Jungle/FX/FX_Prefabs/FX_Smoke_Large_01.prefab
  artifactKey: Guid(14da6b76d7d0c3944bd4574c19bc8395) Importer(815301076,1909f56bfc062723c751e8b465ee728b)
Number of updated assets reloaded before import = 0
Start importing Assets/PolygonNatureBiomes/PNB_Tropical_Jungle/FX/FX_Prefabs/FX_Smoke_Large_01.prefab using Guid(14da6b76d7d0c3944bd4574c19bc8395) Importer(815301076,1909f56bfc062723c751e8b465ee728b)  -> (artifact id: '45a5a600d87a83683be1f39da87516fe') in 0.006756 seconds 
Number of asset objects unloaded after import = 8
========================================================================
Received Import Request.
  Time since last request: 0.000008 seconds.
  path: Assets/PolygonPirates/Prefabs/FX/FX_Rifle_Smoke.prefab
  artifactKey: Guid(37a14e1121b33c641b1361344a4a856a) Importer(815301076,1909f56bfc062723c751e8b465ee728b)
Number of updated assets reloaded before import = 0
Start importing Assets/PolygonPirates/Prefabs/FX/FX_Rifle_Smoke.prefab using Guid(37a14e1121b33c641b1361344a4a856a) Importer(815301076,1909f56bfc062723c751e8b465ee728b)  -> (artifact id: '06e0bc984f90ebd4ad9362019b207291') in 0.011280 seconds 
Number of asset objects unloaded after import = 12
========================================================================
Received Import Request.
  Time since last request: 0.000008 seconds.
  path: Assets/PolygonPirates/Prefabs/FX/FX_Rain.prefab
  artifactKey: Guid(5e364fe3add3a6e479be9d171722b424) Importer(815301076,1909f56bfc062723c751e8b465ee728b)
Number of updated assets reloaded before import = 0
Start importing Assets/PolygonPirates/Prefabs/FX/FX_Rain.prefab using Guid(5e364fe3add3a6e479be9d171722b424) Importer(815301076,1909f56bfc062723c751e8b465ee728b)  -> (artifact id: '962a629cbafe6b015a79b16b8a57dfcb') in 0.006825 seconds 
Number of asset objects unloaded after import = 11
========================================================================
Received Import Request.
  Time since last request: 0.000008 seconds.
  path: Assets/PolygonNatureBiomes/PNB_Tropical_Jungle/FX/FX_Prefabs/FX_Fish_Large_01.prefab
  artifactKey: Guid(467eecb20cabbcd4eb0eb6d1c0e167a3) Importer(815301076,1909f56bfc062723c751e8b465ee728b)
Number of updated assets reloaded before import = 0
Start importing Assets/PolygonNatureBiomes/PNB_Tropical_Jungle/FX/FX_Prefabs/FX_Fish_Large_01.prefab using Guid(467eecb20cabbcd4eb0eb6d1c0e167a3) Importer(815301076,1909f56bfc062723c751e8b465ee728b)  -> (artifact id: '8cb16c5d8dbd33459eb33024ec66128f') in 0.041570 seconds 
Number of asset objects unloaded after import = 8
========================================================================
Received Import Request.
  Time since last request: 0.000011 seconds.
  path: Assets/PolygonNatureBiomes/PNB_Tropical_Jungle/FX/FX_Prefabs/FX_Clouds_01.prefab
  artifactKey: Guid(1fb43e05479ffc84b9f6a8ad0bcb7265) Importer(815301076,1909f56bfc062723c751e8b465ee728b)
Number of updated assets reloaded before import = 0
Start importing Assets/PolygonNatureBiomes/PNB_Tropical_Jungle/FX/FX_Prefabs/FX_Clouds_01.prefab using Guid(1fb43e05479ffc84b9f6a8ad0bcb7265) Importer(815301076,1909f56bfc062723c751e8b465ee728b)  -> (artifact id: '65692b84a35462fced2b4d8949e41d5a') in 0.007791 seconds 
Number of asset objects unloaded after import = 8
========================================================================
Received Import Request.
  Time since last request: 0.000014 seconds.
  path: Assets/PolygonWestern/Prefabs/FX/SkyDome.prefab
  artifactKey: Guid(8dd2523cc0a9ffd47922c00f0ca8bb03) Importer(815301076,1909f56bfc062723c751e8b465ee728b)
Number of updated assets reloaded before import = 0
Start importing Assets/PolygonWestern/Prefabs/FX/SkyDome.prefab using Guid(8dd2523cc0a9ffd47922c00f0ca8bb03) Importer(815301076,1909f56bfc062723c751e8b465ee728b)  -> (artifact id: 'da99a17523313d22c01be8d707843112') in 0.007452 seconds 
Number of asset objects unloaded after import = 28
========================================================================
Received Import Request.
  Time since last request: 0.000008 seconds.
  path: Assets/nTools/PrefabPainter/Examples/Prefabs/grass.prefab
  artifactKey: Guid(061faed207d7a4b52b09b4f68119bae4) Importer(815301076,1909f56bfc062723c751e8b465ee728b)
Number of updated assets reloaded before import = 0
Start importing Assets/nTools/PrefabPainter/Examples/Prefabs/grass.prefab using Guid(061faed207d7a4b52b09b4f68119bae4) Importer(815301076,1909f56bfc062723c751e8b465ee728b)  -> (artifact id: '93f502121773903f61cdea5cdd5fee06') in 0.009883 seconds 
Number of asset objects unloaded after import = 9
========================================================================
Received Import Request.
  Time since last request: 0.000011 seconds.
  path: Assets/PolygonPirates/Prefabs/Characters/Fish.prefab
  artifactKey: Guid(24a3398e60ffa3a46afcb1d10229a496) Importer(815301076,1909f56bfc062723c751e8b465ee728b)
Number of updated assets reloaded before import = 0
Start importing Assets/PolygonPirates/Prefabs/Characters/Fish.prefab using Guid(24a3398e60ffa3a46afcb1d10229a496) Importer(815301076,1909f56bfc062723c751e8b465ee728b)  -> (artifact id: 'd904349c909bd8215dc13095f13b1897') in 0.012084 seconds 
Number of asset objects unloaded after import = 27
========================================================================
Received Import Request.
  Time since last request: 0.000008 seconds.
  path: Assets/nTools/PrefabPainter/Examples/Prefabs/powerup.prefab
  artifactKey: Guid(15f8621e4067f419dafbbb40b80416b5) Importer(815301076,1909f56bfc062723c751e8b465ee728b)
Number of updated assets reloaded before import = 0
Start importing Assets/nTools/PrefabPainter/Examples/Prefabs/powerup.prefab using Guid(15f8621e4067f419dafbbb40b80416b5) Importer(815301076,1909f56bfc062723c751e8b465ee728b)  -> (artifact id: '2d498640033acbe08d69ad31e1f8bb9f') in 0.015116 seconds 
Number of asset objects unloaded after import = 18
========================================================================
Received Import Request.
  Time since last request: 0.000009 seconds.
  path: Assets/PolygonWestern/Prefabs/FX/FX_Smoke_Train_01.prefab
  artifactKey: Guid(21bafee7e1b54324fb1908a9da85e17e) Importer(815301076,1909f56bfc062723c751e8b465ee728b)
Number of updated assets reloaded before import = 0
Start importing Assets/PolygonWestern/Prefabs/FX/FX_Smoke_Train_01.prefab using Guid(21bafee7e1b54324fb1908a9da85e17e) Importer(815301076,1909f56bfc062723c751e8b465ee728b)  -> (artifact id: 'ab5d333ac3ed9756bb1af86991767460') in 0.008400 seconds 
Number of asset objects unloaded after import = 8
========================================================================
Received Import Request.
  Time since last request: 0.000011 seconds.
  path: Assets/PolygonWestern/Prefabs/FX/FX_Fire_01.prefab
  artifactKey: Guid(f010edb98185581468023b9e14618699) Importer(815301076,1909f56bfc062723c751e8b465ee728b)
Number of updated assets reloaded before import = 0
Start importing Assets/PolygonWestern/Prefabs/FX/FX_Fire_01.prefab using Guid(f010edb98185581468023b9e14618699) Importer(815301076,1909f56bfc062723c751e8b465ee728b)  -> (artifact id: '0dceda65bb5350f6daa448b299d69818') in 0.007843 seconds 
Number of asset objects unloaded after import = 7
========================================================================
Received Import Request.
  Time since last request: 0.000008 seconds.
  path: Assets/Combat/revolver.prefab
  artifactKey: Guid(34c06ed93b002ed438700565a5484e53) Importer(815301076,1909f56bfc062723c751e8b465ee728b)
Number of updated assets reloaded before import = 0
Start importing Assets/Combat/revolver.prefab using Guid(34c06ed93b002ed438700565a5484e53) Importer(815301076,1909f56bfc062723c751e8b465ee728b)  -> (artifact id: '25f6b5719770a0028eaf5cb851648dfb') in 0.019721 seconds 
Number of asset objects unloaded after import = 57
========================================================================
Received Import Request.
  Time since last request: 0.000014 seconds.
  path: Assets/PolygonNatureBiomes/PNB_Tropical_Jungle/FX/FX_Prefabs/FX_Fireflies_02.prefab
  artifactKey: Guid(51c05cf7a5c44e5468e199e5ce87cddd) Importer(815301076,1909f56bfc062723c751e8b465ee728b)
Number of updated assets reloaded before import = 0
Start importing Assets/PolygonNatureBiomes/PNB_Tropical_Jungle/FX/FX_Prefabs/FX_Fireflies_02.prefab using Guid(51c05cf7a5c44e5468e199e5ce87cddd) Importer(815301076,1909f56bfc062723c751e8b465ee728b)  -> (artifact id: '21dd79346c6b89cf9789c0ca3b36d58d') in 0.008217 seconds 
Number of asset objects unloaded after import = 8
========================================================================
Received Import Request.
  Time since last request: 0.000008 seconds.
  path: Assets/PolygonNatureBiomes/PNB_Tropical_Jungle/FX/FX_Prefabs/FX_Leaves_Tropical_01.prefab
  artifactKey: Guid(300572adb286eba4386f949f06436630) Importer(815301076,1909f56bfc062723c751e8b465ee728b)
Number of updated assets reloaded before import = 0
Start importing Assets/PolygonNatureBiomes/PNB_Tropical_Jungle/FX/FX_Prefabs/FX_Leaves_Tropical_01.prefab using Guid(300572adb286eba4386f949f06436630) Importer(815301076,1909f56bfc062723c751e8b465ee728b)  -> (artifact id: '1b38d753cf3ae59d2ad2273fd2197ada') in 0.009907 seconds 
Number of asset objects unloaded after import = 9
========================================================================
Received Import Request.
  Time since last request: 0.000009 seconds.
  path: Assets/Combat/Enemy.prefab
  artifactKey: Guid(a6edb84da4e7cd54aa0ac2c24d8baec5) Importer(815301076,1909f56bfc062723c751e8b465ee728b)
Number of updated assets reloaded before import = 0
Start importing Assets/Combat/Enemy.prefab using Guid(a6edb84da4e7cd54aa0ac2c24d8baec5) Importer(815301076,1909f56bfc062723c751e8b465ee728b)  -> (artifact id: '9e67fe591b142797545517c4e0944c17') in 0.021996 seconds 
Number of asset objects unloaded after import = 300
========================================================================
Received Import Request.
  Time since last request: 0.000008 seconds.
  path: Assets/PolygonNatureBiomes/PNB_Tropical_Jungle/FX/FX_Prefabs/FX_Fish_Medium_01.prefab
  artifactKey: Guid(a699b2ddf4208e642a587252bd5f4039) Importer(815301076,1909f56bfc062723c751e8b465ee728b)
Number of updated assets reloaded before import = 0
Start importing Assets/PolygonNatureBiomes/PNB_Tropical_Jungle/FX/FX_Prefabs/FX_Fish_Medium_01.prefab using Guid(a699b2ddf4208e642a587252bd5f4039) Importer(815301076,1909f56bfc062723c751e8b465ee728b)  -> (artifact id: 'a251ee674e8b14eeaecdac15c8d8fd12') in 0.008302 seconds 
Number of asset objects unloaded after import = 8
========================================================================
Received Import Request.
  Time since last request: 7.363457 seconds.
  path: Assets/PolygonPirates/Prefabs/Buildings/SM_Bld_Mansion_Roof_End_01.prefab
  artifactKey: Guid(7a0ce9eead1d2024a9c5289a6ccf2433) Importer(815301076,1909f56bfc062723c751e8b465ee728b)
Number of updated assets reloaded before import = 0
Start importing Assets/PolygonPirates/Prefabs/Buildings/SM_Bld_Mansion_Roof_End_01.prefab using Guid(7a0ce9eead1d2024a9c5289a6ccf2433) Importer(815301076,1909f56bfc062723c751e8b465ee728b)  -> (artifact id: '5c77c925df6385310d0b6d5d58cebfbf') in 0.009664 seconds 
Number of asset objects unloaded after import = 12
========================================================================
Received Import Request.
  Time since last request: 0.000008 seconds.
  path: Assets/PolygonWestern/Prefabs/Buildings/SM_Bld_Single_Facade_03.prefab
  artifactKey: Guid(855a7ec7a8bbc9d41b6ba3da1ff74db4) Importer(815301076,1909f56bfc062723c751e8b465ee728b)
Number of updated assets reloaded before import = 0
Start importing Assets/PolygonWestern/Prefabs/Buildings/SM_Bld_Single_Facade_03.prefab using Guid(855a7ec7a8bbc9d41b6ba3da1ff74db4) Importer(815301076,1909f56bfc062723c751e8b465ee728b)  -> (artifact id: '46cf35bb2d98151a1440aabf3068e71a') in 0.011544 seconds 
Number of asset objects unloaded after import = 12
========================================================================
Received Import Request.
  Time since last request: 0.000013 seconds.
  path: Assets/PolygonPirates/Prefabs/Buildings/SM_Bld_Shanty_Roof_03.prefab
  artifactKey: Guid(fe292b498a5ec8b46bbbf3338e342667) Importer(815301076,1909f56bfc062723c751e8b465ee728b)
Number of updated assets reloaded before import = 0
Start importing Assets/PolygonPirates/Prefabs/Buildings/SM_Bld_Shanty_Roof_03.prefab using Guid(fe292b498a5ec8b46bbbf3338e342667) Importer(815301076,1909f56bfc062723c751e8b465ee728b)  -> (artifact id: '4032940b47222277622644aee661fbe2') in 0.009463 seconds 
Number of asset objects unloaded after import = 12
========================================================================
Received Import Request.
  Time since last request: 0.000014 seconds.
  path: Assets/PolygonWestern/Prefabs/Buildings/SM_Bld_Single_Front_02.prefab
  artifactKey: Guid(d45d42b9373b5ef4b9068ece6ba36b20) Importer(815301076,1909f56bfc062723c751e8b465ee728b)
Number of updated assets reloaded before import = 0
Start importing Assets/PolygonWestern/Prefabs/Buildings/SM_Bld_Single_Front_02.prefab using Guid(d45d42b9373b5ef4b9068ece6ba36b20) Importer(815301076,1909f56bfc062723c751e8b465ee728b)  -> (artifact id: 'cec4a266100ec61078c98e3b15429ab1') in 0.012723 seconds 
Number of asset objects unloaded after import = 29
========================================================================
Received Import Request.
  Time since last request: 0.000008 seconds.
  path: Assets/PolygonWestern/Prefabs/Environments/SM_Env_CampFire_01.prefab
  artifactKey: Guid(e096edc26537c4a47a9eb53762df9026) Importer(815301076,1909f56bfc062723c751e8b465ee728b)
Number of updated assets reloaded before import = 0
Start importing Assets/PolygonWestern/Prefabs/Environments/SM_Env_CampFire_01.prefab using Guid(e096edc26537c4a47a9eb53762df9026) Importer(815301076,1909f56bfc062723c751e8b465ee728b)  -> (artifact id: 'bd9d8e69ace04094d8865043ca7817de') in 0.011921 seconds 
Number of asset objects unloaded after import = 14
========================================================================
Received Import Request.
  Time since last request: 0.000008 seconds.
  path: Assets/PolygonWestern/Prefabs/Buildings/SM_Bld_Single_Front_01.prefab
  artifactKey: Guid(9bcd2d188cba03d4486aea681a8286e5) Importer(815301076,1909f56bfc062723c751e8b465ee728b)
Number of updated assets reloaded before import = 0
Start importing Assets/PolygonWestern/Prefabs/Buildings/SM_Bld_Single_Front_01.prefab using Guid(9bcd2d188cba03d4486aea681a8286e5) Importer(815301076,1909f56bfc062723c751e8b465ee728b)  -> (artifact id: '35ff99e144d8762eb9c3905f00bedafd') in 0.010536 seconds 
Number of asset objects unloaded after import = 30
========================================================================
Received Import Request.
  Time since last request: 0.000008 seconds.
  path: Assets/PolygonPirates/Prefabs/Buildings/SM_Bld_Shanty_Roof_05.prefab
  artifactKey: Guid(3872f26edfc83e3418fe2ca5124f6f20) Importer(815301076,1909f56bfc062723c751e8b465ee728b)
Number of updated assets reloaded before import = 0
Start importing Assets/PolygonPirates/Prefabs/Buildings/SM_Bld_Shanty_Roof_05.prefab using Guid(3872f26edfc83e3418fe2ca5124f6f20) Importer(815301076,1909f56bfc062723c751e8b465ee728b)  -> (artifact id: '5cf6c2f650036f77edf6511a5f4a61fa') in 0.009680 seconds 
Number of asset objects unloaded after import = 12
========================================================================
Received Import Request.
  Time since last request: 0.000011 seconds.
  path: Assets/PolygonPirates/Prefabs/Buildings/SM_Bld_Mansion_Roof_Single_01.prefab
  artifactKey: Guid(ef3943b1b0f5dc842b1b63b6c37b8713) Importer(815301076,1909f56bfc062723c751e8b465ee728b)
Number of updated assets reloaded before import = 0
Start importing Assets/PolygonPirates/Prefabs/Buildings/SM_Bld_Mansion_Roof_Single_01.prefab using Guid(ef3943b1b0f5dc842b1b63b6c37b8713) Importer(815301076,1909f56bfc062723c751e8b465ee728b)  -> (artifact id: 'c058f72e00b24ae3f5f27fa1eddb04e5') in 0.010142 seconds 
Number of asset objects unloaded after import = 12
========================================================================
Received Import Request.
  Time since last request: 0.000011 seconds.
  path: Assets/PolygonPirates/Prefabs/Buildings/SM_Bld_Rickety_Dock_Platform_02.prefab
  artifactKey: Guid(5af47ec0ed24a954cbd9f00d841a6107) Importer(815301076,1909f56bfc062723c751e8b465ee728b)
Number of updated assets reloaded before import = 0
Start importing Assets/PolygonPirates/Prefabs/Buildings/SM_Bld_Rickety_Dock_Platform_02.prefab using Guid(5af47ec0ed24a954cbd9f00d841a6107) Importer(815301076,1909f56bfc062723c751e8b465ee728b)  -> (artifact id: '1a449830c74579cd10ff674359085dbc') in 0.009153 seconds 
Number of asset objects unloaded after import = 12
========================================================================
Received Import Request.
  Time since last request: 0.000008 seconds.
  path: Assets/PolygonWestern/Prefabs/Buildings/SM_Bld_Single_Front_04.prefab
  artifactKey: Guid(743c60e622805504b94b1d671a28f89b) Importer(815301076,1909f56bfc062723c751e8b465ee728b)
Number of updated assets reloaded before import = 0
Start importing Assets/PolygonWestern/Prefabs/Buildings/SM_Bld_Single_Front_04.prefab using Guid(743c60e622805504b94b1d671a28f89b) Importer(815301076,1909f56bfc062723c751e8b465ee728b)  -> (artifact id: '3238e4321a20eab019f2df8aeaf4b612') in 0.012701 seconds 
Number of asset objects unloaded after import = 17
========================================================================
Received Import Request.
  Time since last request: 0.000010 seconds.
  path: Assets/PolygonWestern/Prefabs/Buildings/SM_Bld_Single_Roof_01.prefab
  artifactKey: Guid(23dfd6d5027c9ff45966ec78c618e8c0) Importer(815301076,1909f56bfc062723c751e8b465ee728b)
Number of updated assets reloaded before import = 0
Start importing Assets/PolygonWestern/Prefabs/Buildings/SM_Bld_Single_Roof_01.prefab using Guid(23dfd6d5027c9ff45966ec78c618e8c0) Importer(815301076,1909f56bfc062723c751e8b465ee728b)  -> (artifact id: '2ade67580017140dcd389ba85ce3301b') in 0.023335 seconds 
Number of asset objects unloaded after import = 12
========================================================================
Received Import Request.
  Time since last request: 0.000013 seconds.
  path: Assets/PolygonWestern/Prefabs/Buildings/SM_Bld_Single_Facade_02.prefab
  artifactKey: Guid(13fe64e158276eb418c0415722044511) Importer(815301076,1909f56bfc062723c751e8b465ee728b)
Number of updated assets reloaded before import = 0
Start importing Assets/PolygonWestern/Prefabs/Buildings/SM_Bld_Single_Facade_02.prefab using Guid(13fe64e158276eb418c0415722044511) Importer(815301076,1909f56bfc062723c751e8b465ee728b)  -> (artifact id: '9bd84c4ccb898f0303fe65d9e9167710') in 0.010724 seconds 
Number of asset objects unloaded after import = 12
========================================================================
Received Import Request.
  Time since last request: 0.245971 seconds.
  path: Assets/PolygonPirates/Prefabs/Props/SM_Prop_Fence_02.prefab
  artifactKey: Guid(4cca88151dc698d469b6d822cf392996) Importer(815301076,1909f56bfc062723c751e8b465ee728b)
Number of updated assets reloaded before import = 0
Start importing Assets/PolygonPirates/Prefabs/Props/SM_Prop_Fence_02.prefab using Guid(4cca88151dc698d469b6d822cf392996) Importer(815301076,1909f56bfc062723c751e8b465ee728b)  -> (artifact id: '5409899084baa5ce771b51194652f889') in 0.011400 seconds 
Number of asset objects unloaded after import = 12
========================================================================
Received Import Request.
  Time since last request: 0.000009 seconds.
  path: Assets/PolygonPirates/Prefabs/Props/SM_Prop_Fence_04.prefab
  artifactKey: Guid(daa6108bf98c1114180c6aec38947c91) Importer(815301076,1909f56bfc062723c751e8b465ee728b)
Number of updated assets reloaded before import = 0
Start importing Assets/PolygonPirates/Prefabs/Props/SM_Prop_Fence_04.prefab using Guid(daa6108bf98c1114180c6aec38947c91) Importer(815301076,1909f56bfc062723c751e8b465ee728b)  -> (artifact id: 'c7163a1dd6f103fc3cba138c34ca358d') in 0.011118 seconds 
Number of asset objects unloaded after import = 12
========================================================================
Received Import Request.
  Time since last request: 0.000008 seconds.
  path: Assets/PolygonPirates/Prefabs/Props/SM_Prop_Rope_Fence_01.prefab
  artifactKey: Guid(911339a7f13acc54a9546d61196f8f4a) Importer(815301076,1909f56bfc062723c751e8b465ee728b)
Number of updated assets reloaded before import = 0
Start importing Assets/PolygonPirates/Prefabs/Props/SM_Prop_Rope_Fence_01.prefab using Guid(911339a7f13acc54a9546d61196f8f4a) Importer(815301076,1909f56bfc062723c751e8b465ee728b)  -> (artifact id: '64bcf2ec76a61ab2a14e20ae85851844') in 0.009298 seconds 
Number of asset objects unloaded after import = 12
========================================================================
Received Import Request.
  Time since last request: 647.543314 seconds.
  path: Assets/PolygonPirates/Models/Shark.fbx
  artifactKey: Guid(be364b4ac1703e944aa52277826d8f5d) Importer(815301076,1909f56bfc062723c751e8b465ee728b)
Number of updated assets reloaded before import = 0
Start importing Assets/PolygonPirates/Models/Shark.fbx using Guid(be364b4ac1703e944aa52277826d8f5d) Importer(815301076,1909f56bfc062723c751e8b465ee728b)  -> (artifact id: 'cef15546b728115537366297d6742d9e') in 0.031140 seconds 
Number of asset objects unloaded after import = 59
========================================================================
Received Import Request.
  Time since last request: 8.694565 seconds.
  path: Assets/nTools/PrefabPainter/Examples/Models/book_b.fbx
  artifactKey: Guid(160b6050b56864916aa77cd66c28d4d5) Importer(815301076,1909f56bfc062723c751e8b465ee728b)
Number of updated assets reloaded before import = 0
Start importing Assets/nTools/PrefabPainter/Examples/Models/book_b.fbx using Guid(160b6050b56864916aa77cd66c28d4d5) Importer(815301076,1909f56bfc062723c751e8b465ee728b)  -> (artifact id: '2867d16f76ae3ad55103328b62d6f628') in 0.008847 seconds 
Number of asset objects unloaded after import = 7
========================================================================
Received Import Request.
  Time since last request: 0.000008 seconds.
  path: Assets/PolygonNatureBiomes/PNB_Tropical_Jungle/FX/FX_Models/FX_Leaf_Tropical_01.fbx
  artifactKey: Guid(4102253b30c330c40818c94f70029453) Importer(815301076,1909f56bfc062723c751e8b465ee728b)
Number of updated assets reloaded before import = 0
Start importing Assets/PolygonNatureBiomes/PNB_Tropical_Jungle/FX/FX_Models/FX_Leaf_Tropical_01.fbx using Guid(4102253b30c330c40818c94f70029453) Importer(815301076,1909f56bfc062723c751e8b465ee728b)  -> (artifact id: '11438c8ff704558af5850f1b0449d832') in 0.008889 seconds 
Number of asset objects unloaded after import = 7
========================================================================
Received Import Request.
  Time since last request: 0.000008 seconds.
  path: Assets/PolygonNatureBiomes/PNB_Tropical_Jungle/Models/SM_Env_DriftWood_03_Convex 1.asset
  artifactKey: Guid(c0861be1581a23f409690a7c5bdc9fd6) Importer(815301076,1909f56bfc062723c751e8b465ee728b)
Number of updated assets reloaded before import = 0
Start importing Assets/PolygonNatureBiomes/PNB_Tropical_Jungle/Models/SM_Env_DriftWood_03_Convex 1.asset using Guid(c0861be1581a23f409690a7c5bdc9fd6) Importer(815301076,1909f56bfc062723c751e8b465ee728b)  -> (artifact id: 'da04d5d93393749d492b01c00be44306') in 0.010175 seconds 
Number of asset objects unloaded after import = 3
========================================================================
Received Import Request.
  Time since last request: 0.000007 seconds.
  path: Assets/PolygonNatureBiomes/PNB_Tropical_Jungle/Models/SM_Prop_Whale_Skeleton_Ribcage_02_Convex 2.asset
  artifactKey: Guid(9912199046a53c7428b498e8ed8e8c0e) Importer(815301076,1909f56bfc062723c751e8b465ee728b)
Number of updated assets reloaded before import = 0
Start importing Assets/PolygonNatureBiomes/PNB_Tropical_Jungle/Models/SM_Prop_Whale_Skeleton_Ribcage_02_Convex 2.asset using Guid(9912199046a53c7428b498e8ed8e8c0e) Importer(815301076,1909f56bfc062723c751e8b465ee728b)  -> (artifact id: '54dc8d15d9dd591ae43685de2f0bcfaf') in 0.016461 seconds 
Number of asset objects unloaded after import = 7
========================================================================
Received Import Request.
  Time since last request: 0.000009 seconds.
  path: Assets/PolygonNatureBiomes/PNB_Tropical_Jungle/Models/SM_Bld_Ruins_Column_02_Convex 1.asset
  artifactKey: Guid(87ce2693983d11d47967c0b8d1a201cb) Importer(815301076,1909f56bfc062723c751e8b465ee728b)
Number of updated assets reloaded before import = 0
Start importing Assets/PolygonNatureBiomes/PNB_Tropical_Jungle/Models/SM_Bld_Ruins_Column_02_Convex 1.asset using Guid(87ce2693983d11d47967c0b8d1a201cb) Importer(815301076,1909f56bfc062723c751e8b465ee728b)  -> (artifact id: 'd9ed2297e46aca1d92be2a121439a2f5') in 0.008142 seconds 
Number of asset objects unloaded after import = 3
========================================================================
Received Import Request.
  Time since last request: 0.000007 seconds.
  path: Assets/PolygonNatureBiomes/PNB_Tropical_Jungle/Models/SM_Env_DriftWood_05_Convex.asset
  artifactKey: Guid(8b52c344450e6464f8e41dc99d6e2768) Importer(815301076,1909f56bfc062723c751e8b465ee728b)
Number of updated assets reloaded before import = 0
Start importing Assets/PolygonNatureBiomes/PNB_Tropical_Jungle/Models/SM_Env_DriftWood_05_Convex.asset using Guid(8b52c344450e6464f8e41dc99d6e2768) Importer(815301076,1909f56bfc062723c751e8b465ee728b)  -> (artifact id: '0714eb9020257b6363b70643bf3f23b6') in 0.022188 seconds 
Number of asset objects unloaded after import = 9
========================================================================
Received Import Request.
  Time since last request: 0.000008 seconds.
  path: Assets/PolygonNatureBiomes/PNB_Tropical_Jungle/Models/SM_Bld_Ruins_Wall_01_Convex.asset
  artifactKey: Guid(1697bcc8ac144b5469407d22887924c7) Importer(815301076,1909f56bfc062723c751e8b465ee728b)
Number of updated assets reloaded before import = 0
Start importing Assets/PolygonNatureBiomes/PNB_Tropical_Jungle/Models/SM_Bld_Ruins_Wall_01_Convex.asset using Guid(1697bcc8ac144b5469407d22887924c7) Importer(815301076,1909f56bfc062723c751e8b465ee728b)  -> (artifact id: '66c5672e92238fecbd9edfb21e53830e') in 0.009454 seconds 
Number of asset objects unloaded after import = 4
========================================================================
Received Import Request.
  Time since last request: 0.000008 seconds.
  path: Assets/PolygonNatureBiomes/PNB_Tropical_Jungle/Models/SM_Prop_Barrel_01_Convex 1.asset
  artifactKey: Guid(d60d3eff463a82e44a29a9ba17527c93) Importer(815301076,1909f56bfc062723c751e8b465ee728b)
Number of updated assets reloaded before import = 0
Start importing Assets/PolygonNatureBiomes/PNB_Tropical_Jungle/Models/SM_Prop_Barrel_01_Convex 1.asset using Guid(d60d3eff463a82e44a29a9ba17527c93) Importer(815301076,1909f56bfc062723c751e8b465ee728b)  -> (artifact id: 'eae35b21d74184071bcbaa440cba312a') in 0.006740 seconds 
Number of asset objects unloaded after import = 2
========================================================================
Received Import Request.
  Time since last request: 0.000007 seconds.
  path: Assets/PolygonNatureBiomes/PNB_Tropical_Jungle/Models/SM_Prop_Raft_Oar_01_Convex.asset
  artifactKey: Guid(e3c162bee28154e4d9be2b660eddc551) Importer(815301076,1909f56bfc062723c751e8b465ee728b)
Number of updated assets reloaded before import = 0
Start importing Assets/PolygonNatureBiomes/PNB_Tropical_Jungle/Models/SM_Prop_Raft_Oar_01_Convex.asset using Guid(e3c162bee28154e4d9be2b660eddc551) Importer(815301076,1909f56bfc062723c751e8b465ee728b)  -> (artifact id: '6cd0b58053fca02ce57d0c2f7a17d4a0') in 0.007737 seconds 
Number of asset objects unloaded after import = 3
========================================================================
Received Import Request.
  Time since last request: 0.000008 seconds.
  path: Assets/PolygonNatureBiomes/PNB_Tropical_Jungle/Models/SM_Prop_Whale_Skeleton_01_Convex 2.asset
  artifactKey: Guid(0ae4a21c8b91a354187fc89860ab8fcd) Importer(815301076,1909f56bfc062723c751e8b465ee728b)
Number of updated assets reloaded before import = 0
Start importing Assets/PolygonNatureBiomes/PNB_Tropical_Jungle/Models/SM_Prop_Whale_Skeleton_01_Convex 2.asset using Guid(0ae4a21c8b91a354187fc89860ab8fcd) Importer(815301076,1909f56bfc062723c751e8b465ee728b)  -> (artifact id: '908839b0207ef406023e7d27216be7c5') in 0.012156 seconds 
Number of asset objects unloaded after import = 5
========================================================================
Received Import Request.
  Time since last request: 0.000007 seconds.
  path: Assets/nTools/PrefabPainter/Examples/Models/box.fbx
  artifactKey: Guid(53b579fcc32a442f8aebe675f0c7e2ca) Importer(815301076,1909f56bfc062723c751e8b465ee728b)
Number of updated assets reloaded before import = 0
Start importing Assets/nTools/PrefabPainter/Examples/Models/box.fbx using Guid(53b579fcc32a442f8aebe675f0c7e2ca) Importer(815301076,1909f56bfc062723c751e8b465ee728b)  -> (artifact id: '933fc894ca985f2968e8b8f6a1ec2815') in 0.007801 seconds 
Number of asset objects unloaded after import = 7
========================================================================
Received Import Request.
  Time since last request: 0.000007 seconds.
  path: Assets/PolygonNatureBiomes/PNB_Tropical_Jungle/Models/SM_Env_DriftWood_03_Convex 2.asset
  artifactKey: Guid(c43c7ff37336ee24cb5a88e35fbc8730) Importer(815301076,1909f56bfc062723c751e8b465ee728b)
Number of updated assets reloaded before import = 0
Start importing Assets/PolygonNatureBiomes/PNB_Tropical_Jungle/Models/SM_Env_DriftWood_03_Convex 2.asset using Guid(c43c7ff37336ee24cb5a88e35fbc8730) Importer(815301076,1909f56bfc062723c751e8b465ee728b)  -> (artifact id: '84fd0c64a3913f2c10ec3501b9afd014') in 0.013510 seconds 
Number of asset objects unloaded after import = 6
========================================================================
Received Import Request.
  Time since last request: 0.000008 seconds.
  path: Assets/nTools/PrefabPainter/Examples/Models/powerup.fbx
  artifactKey: Guid(480c6b2cefdea42bfa7a830fc90e504a) Importer(815301076,1909f56bfc062723c751e8b465ee728b)
Number of updated assets reloaded before import = 0
Start importing Assets/nTools/PrefabPainter/Examples/Models/powerup.fbx using Guid(480c6b2cefdea42bfa7a830fc90e504a) Importer(815301076,1909f56bfc062723c751e8b465ee728b)  -> (artifact id: '3147cb5cfa77754618a934eb1ca95616') in 0.013209 seconds 
Number of asset objects unloaded after import = 14
========================================================================
Received Import Request.
  Time since last request: 0.000010 seconds.
  path: Assets/PolygonNatureBiomes/PNB_Tropical_Jungle/Models/SM_Env_DriftWood_01_Convex.asset
  artifactKey: Guid(5c71d8c0736ff6a448005ad3de696ffc) Importer(815301076,1909f56bfc062723c751e8b465ee728b)
Number of updated assets reloaded before import = 0
Start importing Assets/PolygonNatureBiomes/PNB_Tropical_Jungle/Models/SM_Env_DriftWood_01_Convex.asset using Guid(5c71d8c0736ff6a448005ad3de696ffc) Importer(815301076,1909f56bfc062723c751e8b465ee728b)  -> (artifact id: 'afef280e49d74a4f68a4735e4c4822f8') in 0.029853 seconds 
Number of asset objects unloaded after import = 14
========================================================================
Received Import Request.
  Time since last request: 0.000009 seconds.
  path: Assets/PolygonNatureBiomes/PNB_Tropical_Jungle/Models/SM_Prop_Whale_Skeleton_01_Convex 4.asset
  artifactKey: Guid(739137935bec68a4b9452d6f0b884cdc) Importer(815301076,1909f56bfc062723c751e8b465ee728b)
Number of updated assets reloaded before import = 0
Start importing Assets/PolygonNatureBiomes/PNB_Tropical_Jungle/Models/SM_Prop_Whale_Skeleton_01_Convex 4.asset using Guid(739137935bec68a4b9452d6f0b884cdc) Importer(815301076,1909f56bfc062723c751e8b465ee728b)  -> (artifact id: '567d0449c080fa54f287b14fef9b22d8') in 0.006393 seconds 
Number of asset objects unloaded after import = 2
========================================================================
Received Import Request.
  Time since last request: 0.000013 seconds.
  path: Assets/PolygonNatureBiomes/PNB_Tropical_Jungle/Models/SM_Env_DriftWood_01_Convex 2.asset
  artifactKey: Guid(6a5fe1014d23f3a4db98ad261ee03a72) Importer(815301076,1909f56bfc062723c751e8b465ee728b)
Number of updated assets reloaded before import = 0
Start importing Assets/PolygonNatureBiomes/PNB_Tropical_Jungle/Models/SM_Env_DriftWood_01_Convex 2.asset using Guid(6a5fe1014d23f3a4db98ad261ee03a72) Importer(815301076,1909f56bfc062723c751e8b465ee728b)  -> (artifact id: '23ae177120139c8ea44b320cc816429c') in 0.013069 seconds 
Number of asset objects unloaded after import = 6
========================================================================
Received Import Request.
  Time since last request: 0.000007 seconds.
  path: Assets/PolygonNatureBiomes/PNB_Tropical_Jungle/Models/SM_Prop_Whale_Skeleton_Ribcage_02_Convex.asset
  artifactKey: Guid(470cd13d35b1e00459aa07e4ef006c3b) Importer(815301076,1909f56bfc062723c751e8b465ee728b)
Number of updated assets reloaded before import = 0
Start importing Assets/PolygonNatureBiomes/PNB_Tropical_Jungle/Models/SM_Prop_Whale_Skeleton_Ribcage_02_Convex.asset using Guid(470cd13d35b1e00459aa07e4ef006c3b) Importer(815301076,1909f56bfc062723c751e8b465ee728b)  -> (artifact id: 'fdfca3d6207b4f696f8826519f7a7c3b') in 0.024286 seconds 
Number of asset objects unloaded after import = 11
========================================================================
Received Import Request.
  Time since last request: 0.000008 seconds.
  path: Assets/PolygonNatureBiomes/PNB_Tropical_Jungle/FX/FX_Models/FX_Bird_Mesh_01.fbx
  artifactKey: Guid(8882ce02bc5ccf048a982eda32f46717) Importer(815301076,1909f56bfc062723c751e8b465ee728b)
Number of updated assets reloaded before import = 0
Start importing Assets/PolygonNatureBiomes/PNB_Tropical_Jungle/FX/FX_Models/FX_Bird_Mesh_01.fbx using Guid(8882ce02bc5ccf048a982eda32f46717) Importer(815301076,1909f56bfc062723c751e8b465ee728b)  -> (artifact id: 'b934d9e8eb8def3a9c94c48324d9a5bf') in 0.007930 seconds 
Number of asset objects unloaded after import = 7
========================================================================
Received Import Request.
  Time since last request: 0.000010 seconds.
  path: Assets/PolygonNatureBiomes/PNB_Tropical_Jungle/Models/SM_Prop_Barrel_01_Convex.asset
  artifactKey: Guid(34de72578da65eb47b9df405de0837d3) Importer(815301076,1909f56bfc062723c751e8b465ee728b)
Number of updated assets reloaded before import = 0
Start importing Assets/PolygonNatureBiomes/PNB_Tropical_Jungle/Models/SM_Prop_Barrel_01_Convex.asset using Guid(34de72578da65eb47b9df405de0837d3) Importer(815301076,1909f56bfc062723c751e8b465ee728b)  -> (artifact id: 'bfcb5db8b3a3124be20d0be408f04c39') in 0.006186 seconds 
Number of asset objects unloaded after import = 2
========================================================================
Received Import Request.
  Time since last request: 1.720658 seconds.
  path: Assets/nTools/PrefabPainter/Examples/Models/land.fbx
  artifactKey: Guid(194117a879a7d4eceaa5a705c76dfc25) Importer(815301076,1909f56bfc062723c751e8b465ee728b)
Number of updated assets reloaded before import = 0
Start importing Assets/nTools/PrefabPainter/Examples/Models/land.fbx using Guid(194117a879a7d4eceaa5a705c76dfc25) Importer(815301076,1909f56bfc062723c751e8b465ee728b)  -> (artifact id: '36a3903c7cc45b5bbbefd9195ecef68b') in 0.010592 seconds 
Number of asset objects unloaded after import = 7
========================================================================
Received Import Request.
  Time since last request: 0.000007 seconds.
  path: Assets/PolygonPirates/Models/SM_Bld_Cuba_Balcony_02.fbx
  artifactKey: Guid(d08f8d07d429688478a288c3c6a5a751) Importer(815301076,1909f56bfc062723c751e8b465ee728b)
Number of updated assets reloaded before import = 0
Start importing Assets/PolygonPirates/Models/SM_Bld_Cuba_Balcony_02.fbx using Guid(d08f8d07d429688478a288c3c6a5a751) Importer(815301076,1909f56bfc062723c751e8b465ee728b)  -> (artifact id: '6c62cfdc8a5ca6d09b909f57bc48b470') in 0.008462 seconds 
Number of asset objects unloaded after import = 7
========================================================================
Received Import Request.
  Time since last request: 0.000008 seconds.
  path: Assets/PolygonWestern/Models/Colliders/SM_Bld_Double_Front_01_Collision.fbx
  artifactKey: Guid(03d292a2bc08f4345a430bc27ecfda93) Importer(815301076,1909f56bfc062723c751e8b465ee728b)
Number of updated assets reloaded before import = 0
Start importing Assets/PolygonWestern/Models/Colliders/SM_Bld_Double_Front_01_Collision.fbx using Guid(03d292a2bc08f4345a430bc27ecfda93) Importer(815301076,1909f56bfc062723c751e8b465ee728b)  -> (artifact id: 'a45dae5f1df1d1016dd1a7e1aa6b7e91') in 0.010641 seconds 
Number of asset objects unloaded after import = 7
========================================================================
Received Import Request.
  Time since last request: 0.000008 seconds.
  path: Assets/PolygonWestern/Models/Colliders/SM_Bld_Church_Tower_01_Collision.fbx
  artifactKey: Guid(003bc867ea77aab419e44228ac3d91a9) Importer(815301076,1909f56bfc062723c751e8b465ee728b)
Number of updated assets reloaded before import = 0
Start importing Assets/PolygonWestern/Models/Colliders/SM_Bld_Church_Tower_01_Collision.fbx using Guid(003bc867ea77aab419e44228ac3d91a9) Importer(815301076,1909f56bfc062723c751e8b465ee728b)  -> (artifact id: '01b241a36e3252918ecd0d64507f9eca') in 0.008583 seconds 
Number of asset objects unloaded after import = 7
========================================================================
Received Import Request.
  Time since last request: 0.000007 seconds.
  path: Assets/PolygonPirates/Models/SM_Bld_Cuba_Room_Long_01.fbx
  artifactKey: Guid(425cf0d25629c1c499a595c8d12571d5) Importer(815301076,1909f56bfc062723c751e8b465ee728b)
Number of updated assets reloaded before import = 0
Start importing Assets/PolygonPirates/Models/SM_Bld_Cuba_Room_Long_01.fbx using Guid(425cf0d25629c1c499a595c8d12571d5) Importer(815301076,1909f56bfc062723c751e8b465ee728b)  -> (artifact id: '23bfa59b917a1c2e79bc41bc04cf98b3') in 0.007068 seconds 
Number of asset objects unloaded after import = 7
========================================================================
Received Import Request.
  Time since last request: 0.000007 seconds.
  path: Assets/PolygonPirates/Models/SM_Bld_Cuba_Room_04.fbx
  artifactKey: Guid(33713272f2c78c04b8d53eda6ed270c3) Importer(815301076,1909f56bfc062723c751e8b465ee728b)
Number of updated assets reloaded before import = 0
Start importing Assets/PolygonPirates/Models/SM_Bld_Cuba_Room_04.fbx using Guid(33713272f2c78c04b8d53eda6ed270c3) Importer(815301076,1909f56bfc062723c751e8b465ee728b)  -> (artifact id: 'b223f51daeeedb6bb5ef685eabc27410') in 0.007735 seconds 
Number of asset objects unloaded after import = 7
========================================================================
Received Import Request.
  Time since last request: 0.000010 seconds.
  path: Assets/PolygonWestern/Models/SM_Bld_Cover_01.fbx
  artifactKey: Guid(782c184f086770b4eb5c648eb1d2b5f8) Importer(815301076,1909f56bfc062723c751e8b465ee728b)
Number of updated assets reloaded before import = 0
Start importing Assets/PolygonWestern/Models/SM_Bld_Cover_01.fbx using Guid(782c184f086770b4eb5c648eb1d2b5f8) Importer(815301076,1909f56bfc062723c751e8b465ee728b)  -> (artifact id: '83ebf880b910af7545f1a11b45525eb1') in 0.007473 seconds 
Number of asset objects unloaded after import = 7
========================================================================
Received Import Request.
  Time since last request: 0.000013 seconds.
  path: Assets/PolygonPirates/Models/CollisionCustom/SM_Bld_Dock_03_Collision.fbx
  artifactKey: Guid(74ac5c019b96e104b923dfa27c5386e4) Importer(815301076,1909f56bfc062723c751e8b465ee728b)
Number of updated assets reloaded before import = 0
Start importing Assets/PolygonPirates/Models/CollisionCustom/SM_Bld_Dock_03_Collision.fbx using Guid(74ac5c019b96e104b923dfa27c5386e4) Importer(815301076,1909f56bfc062723c751e8b465ee728b)  -> (artifact id: '71e6b733d1ddc65e7667f022e9f789e3') in 0.007417 seconds 
Number of asset objects unloaded after import = 7
========================================================================
Received Import Request.
  Time since last request: 0.000008 seconds.
  path: Assets/PolygonWestern/Models/Colliders/SM_Bld_Double_Balcony_Stairs_01_Collision.fbx
  artifactKey: Guid(d337e161b5a411c42aea9008d77785d2) Importer(815301076,1909f56bfc062723c751e8b465ee728b)
Number of updated assets reloaded before import = 0
Start importing Assets/PolygonWestern/Models/Colliders/SM_Bld_Double_Balcony_Stairs_01_Collision.fbx using Guid(d337e161b5a411c42aea9008d77785d2) Importer(815301076,1909f56bfc062723c751e8b465ee728b)  -> (artifact id: '42c74700722e3506a6894a64bbc0e06f') in 0.007538 seconds 
Number of asset objects unloaded after import = 7
========================================================================
Received Import Request.
  Time since last request: 0.000007 seconds.
  path: Assets/PolygonPirates/Models/SM_Bld_Cuba_Hall_Room_02.fbx
  artifactKey: Guid(d0df7c6f997f2c44c8471d313145b61e) Importer(815301076,1909f56bfc062723c751e8b465ee728b)
Number of updated assets reloaded before import = 0
Start importing Assets/PolygonPirates/Models/SM_Bld_Cuba_Hall_Room_02.fbx using Guid(d0df7c6f997f2c44c8471d313145b61e) Importer(815301076,1909f56bfc062723c751e8b465ee728b)  -> (artifact id: 'd02ef2b1063c18f5ebbc91c539f998e1') in 0.007549 seconds 
Number of asset objects unloaded after import = 7
========================================================================
Received Import Request.
  Time since last request: 0.000007 seconds.
  path: Assets/PolygonWestern/Models/Colliders/SM_Bld_Double_Roof_01_Collision.fbx
  artifactKey: Guid(4765877284462d24cbfd69bbb5ca0a59) Importer(815301076,1909f56bfc062723c751e8b465ee728b)
Number of updated assets reloaded before import = 0
Start importing Assets/PolygonWestern/Models/Colliders/SM_Bld_Double_Roof_01_Collision.fbx using Guid(4765877284462d24cbfd69bbb5ca0a59) Importer(815301076,1909f56bfc062723c751e8b465ee728b)  -> (artifact id: '835f1fc537fe8652d4f4e8c72197864e') in 0.007610 seconds 
Number of asset objects unloaded after import = 7
========================================================================
Received Import Request.
  Time since last request: 0.000006 seconds.
  path: Assets/PolygonWestern/Models/SM_Bld_Double_Facade_02.fbx
  artifactKey: Guid(02bac5218001a974393ff25db14c30fc) Importer(815301076,1909f56bfc062723c751e8b465ee728b)
Number of updated assets reloaded before import = 0
Start importing Assets/PolygonWestern/Models/SM_Bld_Double_Facade_02.fbx using Guid(02bac5218001a974393ff25db14c30fc) Importer(815301076,1909f56bfc062723c751e8b465ee728b)  -> (artifact id: '8311cc3adc9558a62f07ebb5fde63d14') in 0.006811 seconds 
Number of asset objects unloaded after import = 7
========================================================================
Received Import Request.
  Time since last request: 0.000008 seconds.
  path: Assets/PolygonPirates/Models/SM_Bld_Cuba_VineWall_01.fbx
  artifactKey: Guid(f874a2e0ed5ffc1459c09225ce445415) Importer(815301076,1909f56bfc062723c751e8b465ee728b)
Number of updated assets reloaded before import = 0
Start importing Assets/PolygonPirates/Models/SM_Bld_Cuba_VineWall_01.fbx using Guid(f874a2e0ed5ffc1459c09225ce445415) Importer(815301076,1909f56bfc062723c751e8b465ee728b)  -> (artifact id: 'f1dfcbc7b2a1518c3bb179019e5fe062') in 0.007637 seconds 
Number of asset objects unloaded after import = 7
========================================================================
Received Import Request.
  Time since last request: 0.000007 seconds.
  path: Assets/PolygonPirates/Models/SM_Bld_Cuba_Room_05.fbx
  artifactKey: Guid(0f0ea9de7b0bd3c4e881ab380e27ed8b) Importer(815301076,1909f56bfc062723c751e8b465ee728b)
Number of updated assets reloaded before import = 0
Start importing Assets/PolygonPirates/Models/SM_Bld_Cuba_Room_05.fbx using Guid(0f0ea9de7b0bd3c4e881ab380e27ed8b) Importer(815301076,1909f56bfc062723c751e8b465ee728b)  -> (artifact id: '201cfc619ff9b40116c4330d47da53cc') in 0.007824 seconds 
Number of asset objects unloaded after import = 7
========================================================================
Received Import Request.
  Time since last request: 0.000008 seconds.
  path: Assets/PolygonPirates/Models/SM_Bld_Dock_01.fbx
  artifactKey: Guid(c9587423f362ab548ac9b1a239bd2389) Importer(815301076,1909f56bfc062723c751e8b465ee728b)
Number of updated assets reloaded before import = 0
Start importing Assets/PolygonPirates/Models/SM_Bld_Dock_01.fbx using Guid(c9587423f362ab548ac9b1a239bd2389) Importer(815301076,1909f56bfc062723c751e8b465ee728b)  -> (artifact id: '91e7c393de1e3b9314391e51f1a1b5e4') in 0.007533 seconds 
Number of asset objects unloaded after import = 7
========================================================================
Received Import Request.
  Time since last request: 0.000007 seconds.
  path: Assets/PolygonPirates/Models/SM_Bld_Cuba_Roof_01.fbx
  artifactKey: Guid(69a9cf64fc126ef4eb41524cd2212e3c) Importer(815301076,1909f56bfc062723c751e8b465ee728b)
Number of updated assets reloaded before import = 0
Start importing Assets/PolygonPirates/Models/SM_Bld_Cuba_Roof_01.fbx using Guid(69a9cf64fc126ef4eb41524cd2212e3c) Importer(815301076,1909f56bfc062723c751e8b465ee728b)  -> (artifact id: '97aaee55bf56e8b9ff1a6020ffbca4cb') in 0.007598 seconds 
Number of asset objects unloaded after import = 7
========================================================================
Received Import Request.
  Time since last request: 0.000008 seconds.
  path: Assets/PolygonPirates/Models/SM_Bld_Cuba_Room_01.fbx
  artifactKey: Guid(64d9efd13a5fd0747ac901750cd03397) Importer(815301076,1909f56bfc062723c751e8b465ee728b)
Number of updated assets reloaded before import = 0
Start importing Assets/PolygonPirates/Models/SM_Bld_Cuba_Room_01.fbx using Guid(64d9efd13a5fd0747ac901750cd03397) Importer(815301076,1909f56bfc062723c751e8b465ee728b)  -> (artifact id: 'beee5a80df7e21a1af4c0f4948d17422') in 0.006960 seconds 
Number of asset objects unloaded after import = 7
========================================================================
Received Import Request.
  Time since last request: 0.000007 seconds.
  path: Assets/PolygonPirates/Models/SM_Bld_Cuba_Room_06.fbx
  artifactKey: Guid(fcf508237712e024b856ded9647528f0) Importer(815301076,1909f56bfc062723c751e8b465ee728b)
Number of updated assets reloaded before import = 0
Start importing Assets/PolygonPirates/Models/SM_Bld_Cuba_Room_06.fbx using Guid(fcf508237712e024b856ded9647528f0) Importer(815301076,1909f56bfc062723c751e8b465ee728b)  -> (artifact id: '65ae6fbde899c8132c513dd759146ad8') in 0.008104 seconds 
Number of asset objects unloaded after import = 7
========================================================================
Received Import Request.
  Time since last request: 0.000008 seconds.
  path: Assets/PolygonWestern/Models/SM_Bld_Double_02.fbx
  artifactKey: Guid(ec0fc87734d022946b3c7b8c01b25d25) Importer(815301076,1909f56bfc062723c751e8b465ee728b)
Number of updated assets reloaded before import = 0
Start importing Assets/PolygonWestern/Models/SM_Bld_Double_02.fbx using Guid(ec0fc87734d022946b3c7b8c01b25d25) Importer(815301076,1909f56bfc062723c751e8b465ee728b)  -> (artifact id: '8bace404da8f8645618b0aaf4d67618e') in 0.014105 seconds 
Number of asset objects unloaded after import = 17
========================================================================
Received Import Request.
  Time since last request: 0.000009 seconds.
  path: Assets/PolygonWestern/Models/Colliders/SM_Bld_Double_DeckCover_02_Collision.fbx
  artifactKey: Guid(382ea8346d684684385d9bb7e73b3c7f) Importer(815301076,1909f56bfc062723c751e8b465ee728b)
Number of updated assets reloaded before import = 0
Start importing Assets/PolygonWestern/Models/Colliders/SM_Bld_Double_DeckCover_02_Collision.fbx using Guid(382ea8346d684684385d9bb7e73b3c7f) Importer(815301076,1909f56bfc062723c751e8b465ee728b)  -> (artifact id: '0535fcc5b456e47fecda5e811f515272') in 0.007353 seconds 
Number of asset objects unloaded after import = 7
========================================================================
Received Import Request.
  Time since last request: 0.000007 seconds.
  path: Assets/PolygonWestern/Models/Colliders/SM_Bld_Church_01_Collision.fbx
  artifactKey: Guid(d7704ebc5494f5c44ab2262fcca06241) Importer(815301076,1909f56bfc062723c751e8b465ee728b)
Number of updated assets reloaded before import = 0
Start importing Assets/PolygonWestern/Models/Colliders/SM_Bld_Church_01_Collision.fbx using Guid(d7704ebc5494f5c44ab2262fcca06241) Importer(815301076,1909f56bfc062723c751e8b465ee728b)  -> (artifact id: '1bc0bbd58b4ab562a0d12714f6e44c4a') in 0.007178 seconds 
Number of asset objects unloaded after import = 7
========================================================================
Received Import Request.
  Time since last request: 0.000007 seconds.
  path: Assets/PolygonPirates/Models/SM_Bld_Cuba_Roof_Square_01.fbx
  artifactKey: Guid(4f2cab329344cd34b9fca929e1ab9962) Importer(815301076,1909f56bfc062723c751e8b465ee728b)
Number of updated assets reloaded before import = 0
Start importing Assets/PolygonPirates/Models/SM_Bld_Cuba_Roof_Square_01.fbx using Guid(4f2cab329344cd34b9fca929e1ab9962) Importer(815301076,1909f56bfc062723c751e8b465ee728b)  -> (artifact id: 'ab3fbb3de5563e54964fe642465c6468') in 0.007369 seconds 
Number of asset objects unloaded after import = 7
========================================================================
Received Import Request.
  Time since last request: 0.000008 seconds.
  path: Assets/PolygonWestern/Models/Colliders/SM_Bld_Double_Facade_02_Collision.fbx
  artifactKey: Guid(bee33fec5395f204f9cfa4d2412f7cc3) Importer(815301076,1909f56bfc062723c751e8b465ee728b)
Number of updated assets reloaded before import = 0
Start importing Assets/PolygonWestern/Models/Colliders/SM_Bld_Double_Facade_02_Collision.fbx using Guid(bee33fec5395f204f9cfa4d2412f7cc3) Importer(815301076,1909f56bfc062723c751e8b465ee728b)  -> (artifact id: '81435422f560226a00e30c2125ff36b4') in 0.007785 seconds 
Number of asset objects unloaded after import = 7
========================================================================
Received Import Request.
  Time since last request: 0.000007 seconds.
  path: Assets/PolygonPirates/Models/SM_Bld_Cuba_Roof_03.fbx
  artifactKey: Guid(b939e3bed7c067f4fa34e432958b017c) Importer(815301076,1909f56bfc062723c751e8b465ee728b)
Number of updated assets reloaded before import = 0
Start importing Assets/PolygonPirates/Models/SM_Bld_Cuba_Roof_03.fbx using Guid(b939e3bed7c067f4fa34e432958b017c) Importer(815301076,1909f56bfc062723c751e8b465ee728b)  -> (artifact id: '0cb9d4183dda795f5087ddc5d5cfb8bc') in 0.007523 seconds 
Number of asset objects unloaded after import = 7
========================================================================
Received Import Request.
  Time since last request: 0.000007 seconds.
  path: Assets/PolygonPirates/Models/SM_Bld_Cuba_Hall_Tower_01.fbx
  artifactKey: Guid(ce7a5f9b25cfda94b820638fc3a63746) Importer(815301076,1909f56bfc062723c751e8b465ee728b)
Number of updated assets reloaded before import = 0
Start importing Assets/PolygonPirates/Models/SM_Bld_Cuba_Hall_Tower_01.fbx using Guid(ce7a5f9b25cfda94b820638fc3a63746) Importer(815301076,1909f56bfc062723c751e8b465ee728b)  -> (artifact id: '1bb80642413c9731fe08bcf932f05b4d') in 0.006857 seconds 
Number of asset objects unloaded after import = 7
========================================================================
Received Import Request.
  Time since last request: 0.000008 seconds.
  path: Assets/PolygonPirates/Models/SM_Bld_Dock_Bridge_01.fbx
  artifactKey: Guid(21607e1fc27a9fa4db7abb59dbaf7374) Importer(815301076,1909f56bfc062723c751e8b465ee728b)
Number of updated assets reloaded before import = 0
Start importing Assets/PolygonPirates/Models/SM_Bld_Dock_Bridge_01.fbx using Guid(21607e1fc27a9fa4db7abb59dbaf7374) Importer(815301076,1909f56bfc062723c751e8b465ee728b)  -> (artifact id: '353539f4a4b10b89456994be2a66dba1') in 0.008191 seconds 
Number of asset objects unloaded after import = 7
========================================================================
Received Import Request.
  Time since last request: 0.000007 seconds.
  path: Assets/PolygonPirates/Models/SM_Bld_Cuba_Balcony_Corner_01.fbx
  artifactKey: Guid(898d7e65cf0317245bf40d5218799cb5) Importer(815301076,1909f56bfc062723c751e8b465ee728b)
Number of updated assets reloaded before import = 0
Start importing Assets/PolygonPirates/Models/SM_Bld_Cuba_Balcony_Corner_01.fbx using Guid(898d7e65cf0317245bf40d5218799cb5) Importer(815301076,1909f56bfc062723c751e8b465ee728b)  -> (artifact id: '069a032aa5d08a7addda590a23fa06af') in 0.006769 seconds 
Number of asset objects unloaded after import = 7
========================================================================
Received Import Request.
  Time since last request: 0.000007 seconds.
  path: Assets/PolygonPirates/Models/SM_Bld_Fort_Base_02.fbx
  artifactKey: Guid(f28fb850ee9933e47a044b9d0cc16f82) Importer(815301076,1909f56bfc062723c751e8b465ee728b)
Number of updated assets reloaded before import = 0
Start importing Assets/PolygonPirates/Models/SM_Bld_Fort_Base_02.fbx using Guid(f28fb850ee9933e47a044b9d0cc16f82) Importer(815301076,1909f56bfc062723c751e8b465ee728b)  -> (artifact id: '0be91361483101cfd288902e52de5e4b') in 0.007257 seconds 
Number of asset objects unloaded after import = 7
========================================================================
Received Import Request.
  Time since last request: 0.000007 seconds.
  path: Assets/PolygonWestern/Models/SM_Bld_Fence_01.fbx
  artifactKey: Guid(75f85f28f2bc1a049a8ce042ca4c634e) Importer(815301076,1909f56bfc062723c751e8b465ee728b)
Number of updated assets reloaded before import = 0
Start importing Assets/PolygonWestern/Models/SM_Bld_Fence_01.fbx using Guid(75f85f28f2bc1a049a8ce042ca4c634e) Importer(815301076,1909f56bfc062723c751e8b465ee728b)  -> (artifact id: '401cf5388ae92e114f54a30206a37177') in 0.007221 seconds 
Number of asset objects unloaded after import = 7
========================================================================
Received Import Request.
  Time since last request: 0.000007 seconds.
  path: Assets/PolygonPirates/Models/SM_Bld_Dock_02.fbx
  artifactKey: Guid(c87978042f5546841a7361c26abe92ac) Importer(815301076,1909f56bfc062723c751e8b465ee728b)
Number of updated assets reloaded before import = 0
Start importing Assets/PolygonPirates/Models/SM_Bld_Dock_02.fbx using Guid(c87978042f5546841a7361c26abe92ac) Importer(815301076,1909f56bfc062723c751e8b465ee728b)  -> (artifact id: 'b302913abbc1c9930273c7e5c6b11ac4') in 0.006837 seconds 
Number of asset objects unloaded after import = 7
========================================================================
Received Import Request.
  Time since last request: 0.000011 seconds.
  path: Assets/PolygonWestern/Models/SM_Bld_Double_Balcony_01.fbx
  artifactKey: Guid(05eb4e4ad29c1b64892eda13af8623f9) Importer(815301076,1909f56bfc062723c751e8b465ee728b)
Number of updated assets reloaded before import = 0
Start importing Assets/PolygonWestern/Models/SM_Bld_Double_Balcony_01.fbx using Guid(05eb4e4ad29c1b64892eda13af8623f9) Importer(815301076,1909f56bfc062723c751e8b465ee728b)  -> (artifact id: '8e83caf1e40f3266effc282945916256') in 0.006959 seconds 
Number of asset objects unloaded after import = 7
========================================================================
Received Import Request.
  Time since last request: 0.000015 seconds.
  path: Assets/PolygonPirates/Models/CollisionCustom/SM_Bld_Dock_01_Collision.fbx
  artifactKey: Guid(b8c4289215bda9b4693f960cec305bce) Importer(815301076,1909f56bfc062723c751e8b465ee728b)
Number of updated assets reloaded before import = 0
Start importing Assets/PolygonPirates/Models/CollisionCustom/SM_Bld_Dock_01_Collision.fbx using Guid(b8c4289215bda9b4693f960cec305bce) Importer(815301076,1909f56bfc062723c751e8b465ee728b)  -> (artifact id: 'cb2f1a7d53ba3f27de755a073fe5dd45') in 0.007393 seconds 
Number of asset objects unloaded after import = 7
========================================================================
Received Import Request.
  Time since last request: 0.000010 seconds.
  path: Assets/PolygonPirates/Models/SM_Bld_Dock_Stairs_01.fbx
  artifactKey: Guid(6061148fe4cbc7747a05436f7eafe587) Importer(815301076,1909f56bfc062723c751e8b465ee728b)
Number of updated assets reloaded before import = 0
Start importing Assets/PolygonPirates/Models/SM_Bld_Dock_Stairs_01.fbx using Guid(6061148fe4cbc7747a05436f7eafe587) Importer(815301076,1909f56bfc062723c751e8b465ee728b)  -> (artifact id: 'a5c14034a3117e03ff331ab54dce4a8c') in 0.006881 seconds 
Number of asset objects unloaded after import = 7
========================================================================
Received Import Request.
  Time since last request: 0.000008 seconds.
  path: Assets/PolygonWestern/Models/SkyDome.fbx
  artifactKey: Guid(1340630fb7a3267499177be33f281f05) Importer(815301076,1909f56bfc062723c751e8b465ee728b)
Number of updated assets reloaded before import = 0
Start importing Assets/PolygonWestern/Models/SkyDome.fbx using Guid(1340630fb7a3267499177be33f281f05) Importer(815301076,1909f56bfc062723c751e8b465ee728b)  -> (artifact id: '9c92fb58f924066cb0767e86a58247da') in 0.016339 seconds 
Number of asset objects unloaded after import = 26
========================================================================
Received Import Request.
  Time since last request: 0.000007 seconds.
  path: Assets/PolygonWestern/Models/SM_Bld_Double_Balcony_Stairs_01.fbx
  artifactKey: Guid(cf1e04c644257db4e8ded46f025bc070) Importer(815301076,1909f56bfc062723c751e8b465ee728b)
Number of updated assets reloaded before import = 0
Start importing Assets/PolygonWestern/Models/SM_Bld_Double_Balcony_Stairs_01.fbx using Guid(cf1e04c644257db4e8ded46f025bc070) Importer(815301076,1909f56bfc062723c751e8b465ee728b)  -> (artifact id: 'fd8ad5a17be6725b5eeaa41420539c0d') in 0.007378 seconds 
Number of asset objects unloaded after import = 7
========================================================================
Received Import Request.
  Time since last request: 0.000008 seconds.
  path: Assets/PolygonWestern/Models/SM_Bld_Double_DeckCover_02.fbx
  artifactKey: Guid(07e59c9a5c57460418a991b28a67e3fb) Importer(815301076,1909f56bfc062723c751e8b465ee728b)
Number of updated assets reloaded before import = 0
Start importing Assets/PolygonWestern/Models/SM_Bld_Double_DeckCover_02.fbx using Guid(07e59c9a5c57460418a991b28a67e3fb) Importer(815301076,1909f56bfc062723c751e8b465ee728b)  -> (artifact id: 'ae612cc9a445b314890b66c1d69fc42a') in 0.006762 seconds 
Number of asset objects unloaded after import = 7
========================================================================
Received Import Request.
  Time since last request: 0.000007 seconds.
  path: Assets/PolygonWestern/Models/SM_Bld_Fence_02.fbx
  artifactKey: Guid(a042ec0a6d454a54685927af61f5d46a) Importer(815301076,1909f56bfc062723c751e8b465ee728b)
Number of updated assets reloaded before import = 0
Start importing Assets/PolygonWestern/Models/SM_Bld_Fence_02.fbx using Guid(a042ec0a6d454a54685927af61f5d46a) Importer(815301076,1909f56bfc062723c751e8b465ee728b)  -> (artifact id: '124b23957682093c0bc357bf708842c3') in 0.007524 seconds 
Number of asset objects unloaded after import = 7
========================================================================
Received Import Request.
  Time since last request: 0.000006 seconds.
  path: Assets/PolygonPirates/Models/SM_Bld_Cuba_Hall_Room_04.fbx
  artifactKey: Guid(204577c1e3e854b4b9835a5387b3afee) Importer(815301076,1909f56bfc062723c751e8b465ee728b)
Number of updated assets reloaded before import = 0
Start importing Assets/PolygonPirates/Models/SM_Bld_Cuba_Hall_Room_04.fbx using Guid(204577c1e3e854b4b9835a5387b3afee) Importer(815301076,1909f56bfc062723c751e8b465ee728b)  -> (artifact id: '1467d385a17b0ac3efbffa79b06ad2e4') in 0.008913 seconds 
Number of asset objects unloaded after import = 7
========================================================================
Received Import Request.
  Time since last request: 0.000007 seconds.
  path: Assets/PolygonPirates/Models/SM_Bld_Cuba_Hall_Room_01.fbx
  artifactKey: Guid(be6ae2b1d64eebc47ab9e0e8877c3997) Importer(815301076,1909f56bfc062723c751e8b465ee728b)
Number of updated assets reloaded before import = 0
Start importing Assets/PolygonPirates/Models/SM_Bld_Cuba_Hall_Room_01.fbx using Guid(be6ae2b1d64eebc47ab9e0e8877c3997) Importer(815301076,1909f56bfc062723c751e8b465ee728b)  -> (artifact id: '5ff86b6ca42fa114651b9fe7be9b1f35') in 0.009056 seconds 
Number of asset objects unloaded after import = 7
========================================================================
Received Import Request.
  Time since last request: 0.000007 seconds.
  path: Assets/PolygonPirates/Models/SM_Bld_Cuba_Arch_01.fbx
  artifactKey: Guid(14f8e704236ebb547a187b5bec27b3a9) Importer(815301076,1909f56bfc062723c751e8b465ee728b)
Number of updated assets reloaded before import = 0
Start importing Assets/PolygonPirates/Models/SM_Bld_Cuba_Arch_01.fbx using Guid(14f8e704236ebb547a187b5bec27b3a9) Importer(815301076,1909f56bfc062723c751e8b465ee728b)  -> (artifact id: '4ee9f613070e8372424b70d7884ad513') in 0.007222 seconds 
Number of asset objects unloaded after import = 7
========================================================================
Received Import Request.
  Time since last request: 8.907306 seconds.
  path: Assets/PolygonNatureBiomes/PNB_Tropical_Jungle/Textures/Plants/cloverMat_01.tga
  artifactKey: Guid(c57a714ed3e52f04282dfb9e18e7cf4a) Importer(815301076,1909f56bfc062723c751e8b465ee728b)
Number of updated assets reloaded before import = 0
Start importing Assets/PolygonNatureBiomes/PNB_Tropical_Jungle/Textures/Plants/cloverMat_01.tga using Guid(c57a714ed3e52f04282dfb9e18e7cf4a) Importer(815301076,1909f56bfc062723c751e8b465ee728b)  -> (artifact id: 'fb35cc482e44944d7ca7c27aa38f29da') in 0.028688 seconds 
Number of asset objects unloaded after import = 2
========================================================================
Received Import Request.
  Time since last request: 0.000009 seconds.
  path: Assets/PolygonNatureBiomes/PNB_Tropical_Jungle/Textures/Bioluminescence/Grass_01_Glow_01.png
  artifactKey: Guid(6c46c01e7ca1df9458e3e379133b7324) Importer(815301076,1909f56bfc062723c751e8b465ee728b)
Number of updated assets reloaded before import = 0
Start importing Assets/PolygonNatureBiomes/PNB_Tropical_Jungle/Textures/Bioluminescence/Grass_01_Glow_01.png using Guid(6c46c01e7ca1df9458e3e379133b7324) Importer(815301076,1909f56bfc062723c751e8b465ee728b)  -> (artifact id: 'a011f61c812f8b95b68ebcb283df6a8d') in 0.029372 seconds 
Number of asset objects unloaded after import = 2
========================================================================
Received Import Request.
  Time since last request: 0.000009 seconds.
  path: Assets/PolygonNatureBiomes/PNB_Tropical_Jungle/Textures/Plants/Leaf_Banana_01.tga
  artifactKey: Guid(3ef59dc6ae0a67e42a646500a8ed7d43) Importer(815301076,1909f56bfc062723c751e8b465ee728b)
Number of updated assets reloaded before import = 0
Start importing Assets/PolygonNatureBiomes/PNB_Tropical_Jungle/Textures/Plants/Leaf_Banana_01.tga using Guid(3ef59dc6ae0a67e42a646500a8ed7d43) Importer(815301076,1909f56bfc062723c751e8b465ee728b)  -> (artifact id: 'e50d99001cb1001547c234915cb841c7') in 0.022335 seconds 
Number of asset objects unloaded after import = 2
========================================================================
Received Import Request.
  Time since last request: 0.000008 seconds.
  path: Assets/Scenes/SampleScene/Lightmap-0_comp_dir.png
  artifactKey: Guid(ab3a629ef3decbb4eb7c132545cd419d) Importer(815301076,1909f56bfc062723c751e8b465ee728b)
Number of updated assets reloaded before import = 0
Start importing Assets/Scenes/SampleScene/Lightmap-0_comp_dir.png using Guid(ab3a629ef3decbb4eb7c132545cd419d) Importer(815301076,1909f56bfc062723c751e8b465ee728b)  -> (artifact id: '6a01a1a883e282869dcb09217fe877e4') in 0.023790 seconds 
Number of asset objects unloaded after import = 2
========================================================================
Received Import Request.
  Time since last request: 0.000009 seconds.
  path: Assets/PolygonNatureBiomes/PNB_Tropical_Jungle/Textures/Bioluminescence/Leaf_Palm_Biolumin_Final_01.png
  artifactKey: Guid(44c183f3e1ffa654193a641118362c75) Importer(815301076,1909f56bfc062723c751e8b465ee728b)
Number of updated assets reloaded before import = 0
Start importing Assets/PolygonNatureBiomes/PNB_Tropical_Jungle/Textures/Bioluminescence/Leaf_Palm_Biolumin_Final_01.png using Guid(44c183f3e1ffa654193a641118362c75) Importer(815301076,1909f56bfc062723c751e8b465ee728b)  -> (artifact id: '7eb583c05bbc05c2fcc0a7e2898b02e4') in 0.022775 seconds 
Number of asset objects unloaded after import = 2
========================================================================
Received Import Request.
  Time since last request: 0.000008 seconds.
  path: Assets/PolygonNatureBiomes/PNB_Tropical_Jungle/Textures/Normals/leafPatch_03_Normals.tga
  artifactKey: Guid(7ea7335df8f80de4d87380962ede1c32) Importer(815301076,1909f56bfc062723c751e8b465ee728b)
Number of updated assets reloaded before import = 0
Start importing Assets/PolygonNatureBiomes/PNB_Tropical_Jungle/Textures/Normals/leafPatch_03_Normals.tga using Guid(7ea7335df8f80de4d87380962ede1c32) Importer(815301076,1909f56bfc062723c751e8b465ee728b)  -> (artifact id: '8e85af532ebddee2482a7ec88b59da9e') in 0.020319 seconds 
Number of asset objects unloaded after import = 2
========================================================================
Received Import Request.
  Time since last request: 0.000011 seconds.
  path: Assets/Scenes/SampleScene/Lightmap-0_comp_light.exr
  artifactKey: Guid(b1695dda4571c634fb7f43c2297b50a3) Importer(815301076,1909f56bfc062723c751e8b465ee728b)
Number of updated assets reloaded before import = 0
Start importing Assets/Scenes/SampleScene/Lightmap-0_comp_light.exr using Guid(b1695dda4571c634fb7f43c2297b50a3) Importer(815301076,1909f56bfc062723c751e8b465ee728b)  -> (artifact id: '89047532d0fbfb6943beaab17ce71f5f') in 0.025827 seconds 
Number of asset objects unloaded after import = 2
========================================================================
Received Import Request.
  Time since last request: 0.000010 seconds.
  path: Assets/PolygonNatureBiomes/PNB_Tropical_Jungle/Textures/Normals/Palm_Bark_01_Normals.png
  artifactKey: Guid(84675b1e4f41ea04e9a7804abad191ce) Importer(815301076,1909f56bfc062723c751e8b465ee728b)
Number of updated assets reloaded before import = 0
Start importing Assets/PolygonNatureBiomes/PNB_Tropical_Jungle/Textures/Normals/Palm_Bark_01_Normals.png using Guid(84675b1e4f41ea04e9a7804abad191ce) Importer(815301076,1909f56bfc062723c751e8b465ee728b)  -> (artifact id: '68392a4397a03f09e1bbd239cac56d2e') in 0.023997 seconds 
Number of asset objects unloaded after import = 2
========================================================================
Received Import Request.
  Time since last request: 0.000014 seconds.
  path: Assets/PolygonNatureBiomes/PNB_Tropical_Jungle/Textures/Plants/Flowers_01.tga
  artifactKey: Guid(e17b0af26f5c9654ab2c61e3dfee0ae3) Importer(815301076,1909f56bfc062723c751e8b465ee728b)
Number of updated assets reloaded before import = 0
Start importing Assets/PolygonNatureBiomes/PNB_Tropical_Jungle/Textures/Plants/Flowers_01.tga using Guid(e17b0af26f5c9654ab2c61e3dfee0ae3) Importer(815301076,1909f56bfc062723c751e8b465ee728b)  -> (artifact id: 'ed96cdf7e45a041ceb567a519e667053') in 0.021636 seconds 
Number of asset objects unloaded after import = 2
========================================================================
Received Import Request.
  Time since last request: 0.000009 seconds.
  path: Assets/PolygonNatureBiomes/PNB_Tropical_Jungle/Textures/Normals/Grass_Short_01_Normals.tga
  artifactKey: Guid(70842cf406d7c30408dbe71da11bf9d0) Importer(815301076,1909f56bfc062723c751e8b465ee728b)
Number of updated assets reloaded before import = 0
Start importing Assets/PolygonNatureBiomes/PNB_Tropical_Jungle/Textures/Normals/Grass_Short_01_Normals.tga using Guid(70842cf406d7c30408dbe71da11bf9d0) Importer(815301076,1909f56bfc062723c751e8b465ee728b)  -> (artifact id: '81a29d6456575db1372e6a857681b0bc') in 0.021852 seconds 
Number of asset objects unloaded after import = 2
========================================================================
Received Import Request.
  Time since last request: 0.000011 seconds.
  path: Assets/PolygonNatureBiomes/PNB_Tropical_Jungle/Textures/Normals/Leaf_Banana_01_Normals.png
  artifactKey: Guid(2a7a5b250de7d3c46b49074f8de32857) Importer(815301076,1909f56bfc062723c751e8b465ee728b)
Number of updated assets reloaded before import = 0
Start importing Assets/PolygonNatureBiomes/PNB_Tropical_Jungle/Textures/Normals/Leaf_Banana_01_Normals.png using Guid(2a7a5b250de7d3c46b49074f8de32857) Importer(815301076,1909f56bfc062723c751e8b465ee728b)  -> (artifact id: '5e946aeb67030943107626ea0b96bf3e') in 0.021799 seconds 
Number of asset objects unloaded after import = 2
========================================================================
Received Import Request.
  Time since last request: 0.000008 seconds.
  path: Assets/PolygonNatureBiomes/PNB_Tropical_Jungle/Textures/Occulsion/Leaf_Square_01_Occlusion.png
  artifactKey: Guid(0ae6c3955fd8580428597d418247a3c9) Importer(815301076,1909f56bfc062723c751e8b465ee728b)
Number of updated assets reloaded before import = 0
Start importing Assets/PolygonNatureBiomes/PNB_Tropical_Jungle/Textures/Occulsion/Leaf_Square_01_Occlusion.png using Guid(0ae6c3955fd8580428597d418247a3c9) Importer(815301076,1909f56bfc062723c751e8b465ee728b)  -> (artifact id: '36159887e675804ad6fb23006f724871') in 0.022572 seconds 
Number of asset objects unloaded after import = 2
========================================================================
Received Import Request.
  Time since last request: 0.000009 seconds.
  path: Assets/nTools/PrefabPainter/GUI/EraseTool_HIDPI.png
  artifactKey: Guid(30a8362deba7143a59c8948192e0ad5b) Importer(815301076,1909f56bfc062723c751e8b465ee728b)
Number of updated assets reloaded before import = 0
Start importing Assets/nTools/PrefabPainter/GUI/EraseTool_HIDPI.png using Guid(30a8362deba7143a59c8948192e0ad5b) Importer(815301076,1909f56bfc062723c751e8b465ee728b)  -> (artifact id: '4022a0c177a9a86c833a27f83a099d99') in 0.020523 seconds 
Number of asset objects unloaded after import = 2
========================================================================
Received Import Request.
  Time since last request: 0.000009 seconds.
  path: Assets/PolygonNatureBiomes/PNB_Tropical_Jungle/Textures/Plants/leafPatch_03.tga
  artifactKey: Guid(12d39c64e3fffe941b66104ac61c789e) Importer(815301076,1909f56bfc062723c751e8b465ee728b)
Number of updated assets reloaded before import = 0
Start importing Assets/PolygonNatureBiomes/PNB_Tropical_Jungle/Textures/Plants/leafPatch_03.tga using Guid(12d39c64e3fffe941b66104ac61c789e) Importer(815301076,1909f56bfc062723c751e8b465ee728b)  -> (artifact id: '10c104a082fd37d2e533af19d091777e') in 0.021632 seconds 
Number of asset objects unloaded after import = 2
========================================================================
Received Import Request.
  Time since last request: 0.000008 seconds.
  path: Assets/PolygonNatureBiomes/PNB_Core/Textures/Gradient 1.png
  artifactKey: Guid(8fe66cac68ed67443a9995b0f79866df) Importer(815301076,1909f56bfc062723c751e8b465ee728b)
Number of updated assets reloaded before import = 0
Start importing Assets/PolygonNatureBiomes/PNB_Core/Textures/Gradient 1.png using Guid(8fe66cac68ed67443a9995b0f79866df) Importer(815301076,1909f56bfc062723c751e8b465ee728b)  -> (artifact id: 'd855610393838ff571b597a69155b714') in 0.020983 seconds 
Number of asset objects unloaded after import = 2
========================================================================
Received Import Request.
  Time since last request: 0.000010 seconds.
  path: Assets/PolygonNatureBiomes/PNB_Tropical_Jungle/Textures/Normals/Leaf_Fan_normals.png
  artifactKey: Guid(33fb4d2f816186f48ad5f3a8fbaf296a) Importer(815301076,1909f56bfc062723c751e8b465ee728b)
Number of updated assets reloaded before import = 0
Start importing Assets/PolygonNatureBiomes/PNB_Tropical_Jungle/Textures/Normals/Leaf_Fan_normals.png using Guid(33fb4d2f816186f48ad5f3a8fbaf296a) Importer(815301076,1909f56bfc062723c751e8b465ee728b)  -> (artifact id: 'a8eeeab97a55210fbe1d98735c07662e') in 0.020723 seconds 
Number of asset objects unloaded after import = 2
========================================================================
Received Import Request.
  Time since last request: 0.000008 seconds.
  path: Assets/PolygonNatureBiomes/PNB_Tropical_Jungle/FX/FX_Textures/Fish_02.png
  artifactKey: Guid(d29f5a9bb22ca6c448204b51c1b58012) Importer(815301076,1909f56bfc062723c751e8b465ee728b)
Number of updated assets reloaded before import = 0
Start importing Assets/PolygonNatureBiomes/PNB_Tropical_Jungle/FX/FX_Textures/Fish_02.png using Guid(d29f5a9bb22ca6c448204b51c1b58012) Importer(815301076,1909f56bfc062723c751e8b465ee728b)  -> (artifact id: '1f70b11844f843e74aa835a2e398db33') in 0.020960 seconds 
Number of asset objects unloaded after import = 2
========================================================================
Received Import Request.
  Time since last request: 0.000008 seconds.
  path: Assets/PolygonNatureBiomes/PNB_Core/Textures/Noise_Big_02.tga
  artifactKey: Guid(e7f608a834cc44e4fa6e8bf78358f552) Importer(815301076,1909f56bfc062723c751e8b465ee728b)
Number of updated assets reloaded before import = 0
Start importing Assets/PolygonNatureBiomes/PNB_Core/Textures/Noise_Big_02.tga using Guid(e7f608a834cc44e4fa6e8bf78358f552) Importer(815301076,1909f56bfc062723c751e8b465ee728b)  -> (artifact id: '23587cb42cb078c09d0dcfe399ddf858') in 0.022515 seconds 
Number of asset objects unloaded after import = 2
========================================================================
Received Import Request.
  Time since last request: 0.000010 seconds.
  path: Assets/PolygonNatureBiomes/PNB_Tropical_Jungle/Textures/Normals/cloverMat_01_Normals.tga
  artifactKey: Guid(0c101edb0f016fb468689c859b09bd09) Importer(815301076,1909f56bfc062723c751e8b465ee728b)
Number of updated assets reloaded before import = 0
Start importing Assets/PolygonNatureBiomes/PNB_Tropical_Jungle/Textures/Normals/cloverMat_01_Normals.tga using Guid(0c101edb0f016fb468689c859b09bd09) Importer(815301076,1909f56bfc062723c751e8b465ee728b)  -> (artifact id: 'b8bdfc3781b281ca2719fd5737aa852d') in 0.022685 seconds 
Number of asset objects unloaded after import = 2
========================================================================
Received Import Request.
  Time since last request: 0.000014 seconds.
  path: Assets/PolygonNatureBiomes/PNB_Core/Textures/Noise_Wave.tga
  artifactKey: Guid(77c465e84959d4b40b1d80c93f73a186) Importer(815301076,1909f56bfc062723c751e8b465ee728b)
Number of updated assets reloaded before import = 0
Start importing Assets/PolygonNatureBiomes/PNB_Core/Textures/Noise_Wave.tga using Guid(77c465e84959d4b40b1d80c93f73a186) Importer(815301076,1909f56bfc062723c751e8b465ee728b)  -> (artifact id: 'c41dc08580b31b0435b4cfd0cbac2087') in 0.020189 seconds 
Number of asset objects unloaded after import = 2
========================================================================
Received Import Request.
  Time since last request: 0.000009 seconds.
  path: Assets/PolygonNatureBiomes/PNB_Core/Textures/Noise_Mid.tga
  artifactKey: Guid(95228cb87bc1fcf4b8b99b626dcf102c) Importer(815301076,1909f56bfc062723c751e8b465ee728b)
Number of updated assets reloaded before import = 0
Start importing Assets/PolygonNatureBiomes/PNB_Core/Textures/Noise_Mid.tga using Guid(95228cb87bc1fcf4b8b99b626dcf102c) Importer(815301076,1909f56bfc062723c751e8b465ee728b)  -> (artifact id: '16addba5d606508f890aa04bfa6a2435') in 0.020225 seconds 
Number of asset objects unloaded after import = 2
========================================================================
Received Import Request.
  Time since last request: 0.000009 seconds.
  path: Assets/PolygonNatureBiomes/PNB_Tropical_Jungle/Textures/Occulsion/Palm_Bark_01_Occlusion.png
  artifactKey: Guid(4c6ba1b08eaa4ba428f72639ae2ef1ed) Importer(815301076,1909f56bfc062723c751e8b465ee728b)
Number of updated assets reloaded before import = 0
Start importing Assets/PolygonNatureBiomes/PNB_Tropical_Jungle/Textures/Occulsion/Palm_Bark_01_Occlusion.png using Guid(4c6ba1b08eaa4ba428f72639ae2ef1ed) Importer(815301076,1909f56bfc062723c751e8b465ee728b)  -> (artifact id: '2628b3828c090d22f1bf3d7d22557a02') in 0.020128 seconds 
Number of asset objects unloaded after import = 2
========================================================================
Received Import Request.
  Time since last request: 0.000010 seconds.
  path: Assets/PolygonNatureBiomes/PNB_Core/Textures/Gradient_Biolumin_01.png
  artifactKey: Guid(2db0ab01c89b13f42b3bcfa9f01215dd) Importer(815301076,1909f56bfc062723c751e8b465ee728b)
Number of updated assets reloaded before import = 0
Start importing Assets/PolygonNatureBiomes/PNB_Core/Textures/Gradient_Biolumin_01.png using Guid(2db0ab01c89b13f42b3bcfa9f01215dd) Importer(815301076,1909f56bfc062723c751e8b465ee728b)  -> (artifact id: '32af2381dbe443d9912499426e22e857') in 0.021039 seconds 
Number of asset objects unloaded after import = 2
========================================================================
Received Import Request.
  Time since last request: 0.000008 seconds.
  path: Assets/PolygonNatureBiomes/PNB_Tropical_Jungle/Textures/Plants/Grass_Mid_01.tga
  artifactKey: Guid(278414b9d667a8845801e7d4a4632bed) Importer(815301076,1909f56bfc062723c751e8b465ee728b)
Number of updated assets reloaded before import = 0
Start importing Assets/PolygonNatureBiomes/PNB_Tropical_Jungle/Textures/Plants/Grass_Mid_01.tga using Guid(278414b9d667a8845801e7d4a4632bed) Importer(815301076,1909f56bfc062723c751e8b465ee728b)  -> (artifact id: 'f4be87fa09f45012a0f1e67a8e0c50f7') in 0.022490 seconds 
Number of asset objects unloaded after import = 2
========================================================================
Received Import Request.
  Time since last request: 0.000008 seconds.
  path: Assets/PolygonNatureBiomes/PNB_Tropical_Jungle/Terrain/Grass_Texture_01.png
  artifactKey: Guid(bb0c2d617ec649d4b90b166e8bd3776e) Importer(815301076,1909f56bfc062723c751e8b465ee728b)
Number of updated assets reloaded before import = 0
Start importing Assets/PolygonNatureBiomes/PNB_Tropical_Jungle/Terrain/Grass_Texture_01.png using Guid(bb0c2d617ec649d4b90b166e8bd3776e) Importer(815301076,1909f56bfc062723c751e8b465ee728b)  -> (artifact id: '444295bf15ed510fc99ed53750586292') in 0.022867 seconds 
Number of asset objects unloaded after import = 2
========================================================================
Received Import Request.
  Time since last request: 0.000008 seconds.
  path: Assets/PolygonNatureBiomes/PNB_Tropical_Jungle/Textures/Plants/Leaf_Fern_01.tga
  artifactKey: Guid(bf90d387fda6ed742bb7e80e4fb9139e) Importer(815301076,1909f56bfc062723c751e8b465ee728b)
Number of updated assets reloaded before import = 0
Start importing Assets/PolygonNatureBiomes/PNB_Tropical_Jungle/Textures/Plants/Leaf_Fern_01.tga using Guid(bf90d387fda6ed742bb7e80e4fb9139e) Importer(815301076,1909f56bfc062723c751e8b465ee728b)  -> (artifact id: '4889e399336efe457d10c546bb0ad4d7') in 0.026346 seconds 
Number of asset objects unloaded after import = 2
========================================================================
Received Import Request.
  Time since last request: 0.000009 seconds.
  path: Assets/PolygonNatureBiomes/PNB_Tropical_Jungle/Textures/Normals/Creeper_01_Normals.tga
  artifactKey: Guid(5c02896b6f8854f49971c276ee77fa25) Importer(815301076,1909f56bfc062723c751e8b465ee728b)
Number of updated assets reloaded before import = 0
Start importing Assets/PolygonNatureBiomes/PNB_Tropical_Jungle/Textures/Normals/Creeper_01_Normals.tga using Guid(5c02896b6f8854f49971c276ee77fa25) Importer(815301076,1909f56bfc062723c751e8b465ee728b)  -> (artifact id: 'fe99015739e6de2bcc5d9e0616361c2f') in 0.023428 seconds 
Number of asset objects unloaded after import = 2
========================================================================
Received Import Request.
  Time since last request: 0.000009 seconds.
  path: Assets/PolygonNatureBiomes/PNB_Tropical_Jungle/Textures/Plants/Leaf_Palm_01.tga
  artifactKey: Guid(b8cb27406d407b3499cb6a85d06c44e8) Importer(815301076,1909f56bfc062723c751e8b465ee728b)
Number of updated assets reloaded before import = 0
Start importing Assets/PolygonNatureBiomes/PNB_Tropical_Jungle/Textures/Plants/Leaf_Palm_01.tga using Guid(b8cb27406d407b3499cb6a85d06c44e8) Importer(815301076,1909f56bfc062723c751e8b465ee728b)  -> (artifact id: '380f482542aae6d50c0f4143343ce6bd') in 0.024182 seconds 
Number of asset objects unloaded after import = 2
========================================================================
Received Import Request.
  Time since last request: 0.000011 seconds.
  path: Assets/PolygonNatureBiomes/PNB_Core/Textures/Gradient 2.png
  artifactKey: Guid(9f9f392c2e17ca5479b8a63a671a10f0) Importer(815301076,1909f56bfc062723c751e8b465ee728b)
Number of updated assets reloaded before import = 0
Start importing Assets/PolygonNatureBiomes/PNB_Core/Textures/Gradient 2.png using Guid(9f9f392c2e17ca5479b8a63a671a10f0) Importer(815301076,1909f56bfc062723c751e8b465ee728b)  -> (artifact id: '505e70292703f6647494c1f58d0fd9e6') in 0.020643 seconds 
Number of asset objects unloaded after import = 2
========================================================================
Received Import Request.
  Time since last request: 0.000017 seconds.
  path: Assets/PolygonNatureBiomes/PNB_Tropical_Jungle/Textures/Plants/Leaf_Fan_01.tga
  artifactKey: Guid(59f85ec5cd35e334fb9f9c9787d7f9e8) Importer(815301076,1909f56bfc062723c751e8b465ee728b)
Number of updated assets reloaded before import = 0
Start importing Assets/PolygonNatureBiomes/PNB_Tropical_Jungle/Textures/Plants/Leaf_Fan_01.tga using Guid(59f85ec5cd35e334fb9f9c9787d7f9e8) Importer(815301076,1909f56bfc062723c751e8b465ee728b)  -> (artifact id: '4aebb18e983170cef337b9d0eb9698ea') in 0.025139 seconds 
Number of asset objects unloaded after import = 2
========================================================================
Received Import Request.
  Time since last request: 0.000009 seconds.
  path: Assets/PolygonNatureBiomes/PNB_Tropical_Jungle/Terrain/Grass_Clovers_Texture_01.png
  artifactKey: Guid(62e58f38019cb564aa4907dd7aa292fa) Importer(815301076,1909f56bfc062723c751e8b465ee728b)
Number of updated assets reloaded before import = 0
Start importing Assets/PolygonNatureBiomes/PNB_Tropical_Jungle/Terrain/Grass_Clovers_Texture_01.png using Guid(62e58f38019cb564aa4907dd7aa292fa) Importer(815301076,1909f56bfc062723c751e8b465ee728b)  -> (artifact id: 'a08d8b2a3cd2524ff70fcec05135507b') in 0.024451 seconds 
Number of asset objects unloaded after import = 2
========================================================================
Received Import Request.
  Time since last request: 0.000009 seconds.
  path: Assets/PolygonNatureBiomes/PNB_Tropical_Jungle/Textures/Plants/FlowersFlat_01.tga
  artifactKey: Guid(b6c79362ea9839941821c539ff1d1918) Importer(815301076,1909f56bfc062723c751e8b465ee728b)
Number of updated assets reloaded before import = 0
Start importing Assets/PolygonNatureBiomes/PNB_Tropical_Jungle/Textures/Plants/FlowersFlat_01.tga using Guid(b6c79362ea9839941821c539ff1d1918) Importer(815301076,1909f56bfc062723c751e8b465ee728b)  -> (artifact id: 'd4a89c0545de7334cbd7dad485056bfc') in 0.022877 seconds 
Number of asset objects unloaded after import = 2
========================================================================
Received Import Request.
  Time since last request: 0.000008 seconds.
  path: Assets/PolygonNatureBiomes/PNB_Tropical_Jungle/Textures/Normals/Grass_Mid_01_Normals.tga
  artifactKey: Guid(c149098709d0e3e4680b325377570cac) Importer(815301076,1909f56bfc062723c751e8b465ee728b)
Number of updated assets reloaded before import = 0
Start importing Assets/PolygonNatureBiomes/PNB_Tropical_Jungle/Textures/Normals/Grass_Mid_01_Normals.tga using Guid(c149098709d0e3e4680b325377570cac) Importer(815301076,1909f56bfc062723c751e8b465ee728b)  -> (artifact id: '19df0beafdce850a8e9891c4db9711d0') in 0.022044 seconds 
Number of asset objects unloaded after import = 2
========================================================================
Received Import Request.
  Time since last request: 828.318704 seconds.
  path: Assets/kenney_particle-pack/PNG (Transparent)/circle_02.png
  artifactKey: Guid(adbd21d57a93a634f9c822a6573b2e67) Importer(815301076,1909f56bfc062723c751e8b465ee728b)
Number of updated assets reloaded before import = 0
Start importing Assets/kenney_particle-pack/PNG (Transparent)/circle_02.png using Guid(adbd21d57a93a634f9c822a6573b2e67) Importer(815301076,1909f56bfc062723c751e8b465ee728b)  -> (artifact id: 'e5e088d8304d4d17c35c5f35696e1576') in 0.033693 seconds 
Number of asset objects unloaded after import = 2
========================================================================
Received Import Request.
  Time since last request: 0.000010 seconds.
  path: Assets/kenney_particle-pack/PNG (Transparent)/slash_04.png
  artifactKey: Guid(989d3b3b2334d1d439deb330e1d9707d) Importer(815301076,1909f56bfc062723c751e8b465ee728b)
Number of updated assets reloaded before import = 0
Start importing Assets/kenney_particle-pack/PNG (Transparent)/slash_04.png using Guid(989d3b3b2334d1d439deb330e1d9707d) Importer(815301076,1909f56bfc062723c751e8b465ee728b)  -> (artifact id: '5ac873ad3ad9364393b7e128c8adbb24') in 0.019052 seconds 
Number of asset objects unloaded after import = 2
========================================================================
Received Import Request.
  Time since last request: 0.000010 seconds.
  path: Assets/kenney_particle-pack/PNG (Transparent)/star_03.png
  artifactKey: Guid(3582508d76731824397f9bb9c08dd2d5) Importer(815301076,1909f56bfc062723c751e8b465ee728b)
Number of updated assets reloaded before import = 0
Start importing Assets/kenney_particle-pack/PNG (Transparent)/star_03.png using Guid(3582508d76731824397f9bb9c08dd2d5) Importer(815301076,1909f56bfc062723c751e8b465ee728b)  -> (artifact id: '56b032a4b3380e203ed6a7a23f8ba3ee') in 0.018875 seconds 
Number of asset objects unloaded after import = 2
========================================================================
Received Import Request.
  Time since last request: 0.000010 seconds.
  path: Assets/kenney_particle-pack/PNG (Transparent)/star_02.png
  artifactKey: Guid(15d896e38ddbe904ebef3061a26b8427) Importer(815301076,1909f56bfc062723c751e8b465ee728b)
Number of updated assets reloaded before import = 0
Start importing Assets/kenney_particle-pack/PNG (Transparent)/star_02.png using Guid(15d896e38ddbe904ebef3061a26b8427) Importer(815301076,1909f56bfc062723c751e8b465ee728b)  -> (artifact id: '839b690c1c81057944ed3a314f1764e2') in 0.018331 seconds 
Number of asset objects unloaded after import = 2
========================================================================
Received Import Request.
  Time since last request: 0.000010 seconds.
  path: Assets/kenney_particle-pack/PNG (Transparent)/spark_07.png
  artifactKey: Guid(a65727697e360f64f90e80f9596258d1) Importer(815301076,1909f56bfc062723c751e8b465ee728b)
Number of updated assets reloaded before import = 0
Start importing Assets/kenney_particle-pack/PNG (Transparent)/spark_07.png using Guid(a65727697e360f64f90e80f9596258d1) Importer(815301076,1909f56bfc062723c751e8b465ee728b)  -> (artifact id: 'ae93d4311b520812cf8964f9090ab547') in 0.017270 seconds 
Number of asset objects unloaded after import = 2
========================================================================
Received Import Request.
  Time since last request: 0.000011 seconds.
  path: Assets/kenney_particle-pack/PNG (Transparent)/star_06.png
  artifactKey: Guid(d510f0464b0cade46818f335445a16f2) Importer(815301076,1909f56bfc062723c751e8b465ee728b)
Number of updated assets reloaded before import = 0
Start importing Assets/kenney_particle-pack/PNG (Transparent)/star_06.png using Guid(d510f0464b0cade46818f335445a16f2) Importer(815301076,1909f56bfc062723c751e8b465ee728b)  -> (artifact id: 'add0a9f6d6a522e169a209341d67cfa0') in 0.021097 seconds 
Number of asset objects unloaded after import = 2
========================================================================
Received Import Request.
  Time since last request: 0.000010 seconds.
  path: Assets/kenney_particle-pack/PNG (Transparent)/flame_06.png
  artifactKey: Guid(4dbdbca1eca5bf74c921ffa5e0706e6c) Importer(815301076,1909f56bfc062723c751e8b465ee728b)
Number of updated assets reloaded before import = 0
Start importing Assets/kenney_particle-pack/PNG (Transparent)/flame_06.png using Guid(4dbdbca1eca5bf74c921ffa5e0706e6c) Importer(815301076,1909f56bfc062723c751e8b465ee728b)  -> (artifact id: 'fa6e60e7ecc9c246ea920f6328e2f17d') in 0.020849 seconds 
Number of asset objects unloaded after import = 2
========================================================================
Received Import Request.
  Time since last request: 0.000017 seconds.
  path: Assets/kenney_particle-pack/PNG (Transparent)/flame_05.png
  artifactKey: Guid(ae3c66be40241e4458364f65532a5b87) Importer(815301076,1909f56bfc062723c751e8b465ee728b)
Number of updated assets reloaded before import = 0
Start importing Assets/kenney_particle-pack/PNG (Transparent)/flame_05.png using Guid(ae3c66be40241e4458364f65532a5b87) Importer(815301076,1909f56bfc062723c751e8b465ee728b)  -> (artifact id: '8bf54a20b022d666aa0f2fda353a1a26') in 0.020127 seconds 
Number of asset objects unloaded after import = 2
========================================================================
Received Import Request.
  Time since last request: 0.000008 seconds.
  path: Assets/kenney_particle-pack/PNG (Transparent)/star_08.png
  artifactKey: Guid(93ad3cdd3a1dab74180fe4c9795c2a97) Importer(815301076,1909f56bfc062723c751e8b465ee728b)
Number of updated assets reloaded before import = 0
Start importing Assets/kenney_particle-pack/PNG (Transparent)/star_08.png using Guid(93ad3cdd3a1dab74180fe4c9795c2a97) Importer(815301076,1909f56bfc062723c751e8b465ee728b)  -> (artifact id: '84484023fac329e9b3fea0c05267a4db') in 0.019463 seconds 
Number of asset objects unloaded after import = 2
========================================================================
Received Import Request.
  Time since last request: 0.000011 seconds.
  path: Assets/kenney_particle-pack/PNG (Transparent)/flare_01.png
  artifactKey: Guid(ce11bd0af5e7f0c48ac92d682a213b1d) Importer(815301076,1909f56bfc062723c751e8b465ee728b)
Number of updated assets reloaded before import = 0
Start importing Assets/kenney_particle-pack/PNG (Transparent)/flare_01.png using Guid(ce11bd0af5e7f0c48ac92d682a213b1d) Importer(815301076,1909f56bfc062723c751e8b465ee728b)  -> (artifact id: 'cbe4c0c13680f2105da57aacee942e93') in 0.019424 seconds 
Number of asset objects unloaded after import = 2
========================================================================
Received Import Request.
  Time since last request: 0.000011 seconds.
  path: Assets/kenney_particle-pack/PNG (Transparent)/magic_02.png
  artifactKey: Guid(a1d343169df16ee48a82ee1ca89f3a32) Importer(815301076,1909f56bfc062723c751e8b465ee728b)
Number of updated assets reloaded before import = 0
Start importing Assets/kenney_particle-pack/PNG (Transparent)/magic_02.png using Guid(a1d343169df16ee48a82ee1ca89f3a32) Importer(815301076,1909f56bfc062723c751e8b465ee728b)  -> (artifact id: 'fdf2e205120bc1274ba9ae725dd40ebd') in 0.020749 seconds 
Number of asset objects unloaded after import = 2
========================================================================
Received Import Request.
  Time since last request: 0.000008 seconds.
  path: Assets/kenney_particle-pack/PNG (Transparent)/twirl_02.png
  artifactKey: Guid(6ce526706deecdd42adcac3e1511bd84) Importer(815301076,1909f56bfc062723c751e8b465ee728b)
Number of updated assets reloaded before import = 0
Start importing Assets/kenney_particle-pack/PNG (Transparent)/twirl_02.png using Guid(6ce526706deecdd42adcac3e1511bd84) Importer(815301076,1909f56bfc062723c751e8b465ee728b)  -> (artifact id: '17521d32ffcbebc06fcdf7a6d4f89b1d') in 0.018923 seconds 
Number of asset objects unloaded after import = 2
========================================================================
Received Import Request.
  Time since last request: 0.000015 seconds.
  path: Assets/kenney_particle-pack/PNG (Transparent)/star_07.png
  artifactKey: Guid(74a5d526d68a481449cfd976e475b86f) Importer(815301076,1909f56bfc062723c751e8b465ee728b)
Number of updated assets reloaded before import = 0
Start importing Assets/kenney_particle-pack/PNG (Transparent)/star_07.png using Guid(74a5d526d68a481449cfd976e475b86f) Importer(815301076,1909f56bfc062723c751e8b465ee728b)  -> (artifact id: '88f6d85d84f66cb3f19f24df01cdbec6') in 0.020246 seconds 
Number of asset objects unloaded after import = 2
========================================================================
Received Import Request.
  Time since last request: 0.000011 seconds.
  path: Assets/kenney_particle-pack/PNG (Transparent)/window_04.png
  artifactKey: Guid(f5cbbc0b7f6218946937dae8a2615f7b) Importer(815301076,1909f56bfc062723c751e8b465ee728b)
Number of updated assets reloaded before import = 0
Start importing Assets/kenney_particle-pack/PNG (Transparent)/window_04.png using Guid(f5cbbc0b7f6218946937dae8a2615f7b) Importer(815301076,1909f56bfc062723c751e8b465ee728b)  -> (artifact id: '2b4623202ad8d5bb435348fcb2586e13') in 0.020851 seconds 
Number of asset objects unloaded after import = 2
========================================================================
Received Import Request.
  Time since last request: 0.000010 seconds.
  path: Assets/kenney_particle-pack/PNG (Transparent)/dirt_02.png
  artifactKey: Guid(e03e2af600e88be4d9cadbf3574d2d4b) Importer(815301076,1909f56bfc062723c751e8b465ee728b)
Number of updated assets reloaded before import = 0
Start importing Assets/kenney_particle-pack/PNG (Transparent)/dirt_02.png using Guid(e03e2af600e88be4d9cadbf3574d2d4b) Importer(815301076,1909f56bfc062723c751e8b465ee728b)  -> (artifact id: 'a533be3a4e3287a3a3ba4c8f6a1aa0aa') in 0.021427 seconds 
Number of asset objects unloaded after import = 2
========================================================================
Received Import Request.
  Time since last request: 0.000012 seconds.
  path: Assets/kenney_particle-pack/PNG (Transparent)/trace_03.png
  artifactKey: Guid(172666038090448418538062bbd8a06c) Importer(815301076,1909f56bfc062723c751e8b465ee728b)
Number of updated assets reloaded before import = 0
Start importing Assets/kenney_particle-pack/PNG (Transparent)/trace_03.png using Guid(172666038090448418538062bbd8a06c) Importer(815301076,1909f56bfc062723c751e8b465ee728b)  -> (artifact id: 'dfbee9d3ca4224d908fe96d57e1ccc56') in 0.021867 seconds 
Number of asset objects unloaded after import = 2
========================================================================
Received Import Request.
  Time since last request: 0.000043 seconds.
  path: Assets/kenney_particle-pack/PNG (Transparent)/muzzle_02.png
  artifactKey: Guid(82224bee119d1884eb17975bd9029797) Importer(815301076,1909f56bfc062723c751e8b465ee728b)
Number of updated assets reloaded before import = 0
Start importing Assets/kenney_particle-pack/PNG (Transparent)/muzzle_02.png using Guid(82224bee119d1884eb17975bd9029797) Importer(815301076,1909f56bfc062723c751e8b465ee728b)  -> (artifact id: 'b71905553f68553302bc8e46fe97879e') in 0.024609 seconds 
Number of asset objects unloaded after import = 2
========================================================================
Received Import Request.
  Time since last request: 0.000012 seconds.
  path: Assets/kenney_particle-pack/PNG (Transparent)/spark_05.png
  artifactKey: Guid(272a1c58aeffcc34b94c9fb9aeb81903) Importer(815301076,1909f56bfc062723c751e8b465ee728b)
Number of updated assets reloaded before import = 0
Start importing Assets/kenney_particle-pack/PNG (Transparent)/spark_05.png using Guid(272a1c58aeffcc34b94c9fb9aeb81903) Importer(815301076,1909f56bfc062723c751e8b465ee728b)  -> (artifact id: 'bbbc099afd0d4aa62fdca681cd8d1dd8') in 0.022142 seconds 
Number of asset objects unloaded after import = 2
========================================================================
Received Import Request.
  Time since last request: 0.000020 seconds.
  path: Assets/kenney_particle-pack/PNG (Transparent)/flame_04.png
  artifactKey: Guid(294030de1c0bc954b865753786e18b43) Importer(815301076,1909f56bfc062723c751e8b465ee728b)
Number of updated assets reloaded before import = 0
Start importing Assets/kenney_particle-pack/PNG (Transparent)/flame_04.png using Guid(294030de1c0bc954b865753786e18b43) Importer(815301076,1909f56bfc062723c751e8b465ee728b)  -> (artifact id: '481cf94e114c71019d482f632b501237') in 0.024393 seconds 
Number of asset objects unloaded after import = 2
========================================================================
Received Import Request.
  Time since last request: 0.000014 seconds.
  path: Assets/kenney_particle-pack/PNG (Transparent)/flame_02.png
  artifactKey: Guid(a9c8c8e63c7aaee48ab96744fe3d5ad6) Importer(815301076,1909f56bfc062723c751e8b465ee728b)
Number of updated assets reloaded before import = 0
Start importing Assets/kenney_particle-pack/PNG (Transparent)/flame_02.png using Guid(a9c8c8e63c7aaee48ab96744fe3d5ad6) Importer(815301076,1909f56bfc062723c751e8b465ee728b)  -> (artifact id: '021aa613c7687502b4d6c4a53c2e9269') in 0.021660 seconds 
Number of asset objects unloaded after import = 2
========================================================================
Received Import Request.
  Time since last request: 0.000011 seconds.
  path: Assets/kenney_particle-pack/PNG (Transparent)/dirt_01.png
  artifactKey: Guid(d64b1f4dc191ead4a93a14500a148f4e) Importer(815301076,1909f56bfc062723c751e8b465ee728b)
Number of updated assets reloaded before import = 0
Start importing Assets/kenney_particle-pack/PNG (Transparent)/dirt_01.png using Guid(d64b1f4dc191ead4a93a14500a148f4e) Importer(815301076,1909f56bfc062723c751e8b465ee728b)  -> (artifact id: '090284e6f9bfc862de41de622a75e89e') in 0.021041 seconds 
Number of asset objects unloaded after import = 2
========================================================================
Received Import Request.
  Time since last request: 0.000011 seconds.
  path: Assets/kenney_particle-pack/PNG (Transparent)/flame_03.png
  artifactKey: Guid(a78c5739b79e0cc42b6ec60dba87ba32) Importer(815301076,1909f56bfc062723c751e8b465ee728b)
Number of updated assets reloaded before import = 0
Start importing Assets/kenney_particle-pack/PNG (Transparent)/flame_03.png using Guid(a78c5739b79e0cc42b6ec60dba87ba32) Importer(815301076,1909f56bfc062723c751e8b465ee728b)  -> (artifact id: '35c82ab0e1d177a24ce72676b1c79f9b') in 0.022085 seconds 
Number of asset objects unloaded after import = 2
========================================================================
Received Import Request.
  Time since last request: 0.000008 seconds.
  path: Assets/kenney_particle-pack/PNG (Transparent)/trace_07.png
  artifactKey: Guid(81bb235f1cc48664d83b7c931f88d097) Importer(815301076,1909f56bfc062723c751e8b465ee728b)
Number of updated assets reloaded before import = 0
Start importing Assets/kenney_particle-pack/PNG (Transparent)/trace_07.png using Guid(81bb235f1cc48664d83b7c931f88d097) Importer(815301076,1909f56bfc062723c751e8b465ee728b)  -> (artifact id: 'bf434a4ef6108b5f9b35428f07a6a095') in 0.021806 seconds 
Number of asset objects unloaded after import = 2
========================================================================
Received Import Request.
  Time since last request: 0.000012 seconds.
  path: Assets/kenney_particle-pack/PNG (Transparent)/spark_02.png
  artifactKey: Guid(0a06dd94a97a28f41aa8243b434efba2) Importer(815301076,1909f56bfc062723c751e8b465ee728b)
Number of updated assets reloaded before import = 0
Start importing Assets/kenney_particle-pack/PNG (Transparent)/spark_02.png using Guid(0a06dd94a97a28f41aa8243b434efba2) Importer(815301076,1909f56bfc062723c751e8b465ee728b)  -> (artifact id: '6c6b3ad38165a0fea08a837004885829') in 0.020847 seconds 
Number of asset objects unloaded after import = 2
========================================================================
Received Import Request.
  Time since last request: 0.000011 seconds.
  path: Assets/kenney_particle-pack/PNG (Transparent)/smoke_06.png
  artifactKey: Guid(eac7a04ee5c555441945a58539a653c0) Importer(815301076,1909f56bfc062723c751e8b465ee728b)
Number of updated assets reloaded before import = 0
Start importing Assets/kenney_particle-pack/PNG (Transparent)/smoke_06.png using Guid(eac7a04ee5c555441945a58539a653c0) Importer(815301076,1909f56bfc062723c751e8b465ee728b)  -> (artifact id: '33f5ede64148639a6cf3247a1cf12a79') in 0.021487 seconds 
Number of asset objects unloaded after import = 2
========================================================================
Received Import Request.
  Time since last request: 0.000015 seconds.
  path: Assets/kenney_particle-pack/PNG (Transparent)/slash_01.png
  artifactKey: Guid(d018555fd1aadc0439f144ddf4168d8a) Importer(815301076,1909f56bfc062723c751e8b465ee728b)
Number of updated assets reloaded before import = 0
Start importing Assets/kenney_particle-pack/PNG (Transparent)/slash_01.png using Guid(d018555fd1aadc0439f144ddf4168d8a) Importer(815301076,1909f56bfc062723c751e8b465ee728b)  -> (artifact id: '93c80275af47d9a5ee7d36be16475584') in 0.019708 seconds 
Number of asset objects unloaded after import = 2
========================================================================
Received Import Request.
  Time since last request: 0.000010 seconds.
  path: Assets/kenney_particle-pack/PNG (Transparent)/magic_03.png
  artifactKey: Guid(3cc636b1434b8d94990613bcbf29dd75) Importer(815301076,1909f56bfc062723c751e8b465ee728b)
Number of updated assets reloaded before import = 0
Start importing Assets/kenney_particle-pack/PNG (Transparent)/magic_03.png using Guid(3cc636b1434b8d94990613bcbf29dd75) Importer(815301076,1909f56bfc062723c751e8b465ee728b)  -> (artifact id: 'db7c6eb11873e58767c1f27ba4e72ca5') in 0.020213 seconds 
Number of asset objects unloaded after import = 2
========================================================================
Received Import Request.
  Time since last request: 0.000015 seconds.
  path: Assets/kenney_particle-pack/PNG (Transparent)/smoke_08.png
  artifactKey: Guid(3116be8f4882ee84a981ca6f3d0015a4) Importer(815301076,1909f56bfc062723c751e8b465ee728b)
Number of updated assets reloaded before import = 0
Start importing Assets/kenney_particle-pack/PNG (Transparent)/smoke_08.png using Guid(3116be8f4882ee84a981ca6f3d0015a4) Importer(815301076,1909f56bfc062723c751e8b465ee728b)  -> (artifact id: '3d3b16b3db6f769424a417cc1923d3e1') in 0.021145 seconds 
Number of asset objects unloaded after import = 2
========================================================================
Received Import Request.
  Time since last request: 0.000017 seconds.
  path: Assets/kenney_particle-pack/PNG (Transparent)/muzzle_04.png
  artifactKey: Guid(5c697069f21b7de45a01c8439a79f220) Importer(815301076,1909f56bfc062723c751e8b465ee728b)
Number of updated assets reloaded before import = 0
Start importing Assets/kenney_particle-pack/PNG (Transparent)/muzzle_04.png using Guid(5c697069f21b7de45a01c8439a79f220) Importer(815301076,1909f56bfc062723c751e8b465ee728b)  -> (artifact id: 'e06022cb24fc212c73a8ee3c757c11ab') in 0.022070 seconds 
Number of asset objects unloaded after import = 2
========================================================================
Received Import Request.
  Time since last request: 0.000012 seconds.
  path: Assets/kenney_particle-pack/PNG (Transparent)/scorch_03.png
  artifactKey: Guid(27644941ab0ff33448a7889b9400fe98) Importer(815301076,1909f56bfc062723c751e8b465ee728b)
Number of updated assets reloaded before import = 0
Start importing Assets/kenney_particle-pack/PNG (Transparent)/scorch_03.png using Guid(27644941ab0ff33448a7889b9400fe98) Importer(815301076,1909f56bfc062723c751e8b465ee728b)  -> (artifact id: '9e6dc87345f213adbe91c2bc9f7725de') in 0.020440 seconds 
Number of asset objects unloaded after import = 2
========================================================================
Received Import Request.
  Time since last request: 0.000011 seconds.
  path: Assets/kenney_particle-pack/PNG (Transparent)/scorch_02.png
  artifactKey: Guid(a2aad78c3d5329c46a3deef0a78ab9b4) Importer(815301076,1909f56bfc062723c751e8b465ee728b)
Number of updated assets reloaded before import = 0
Start importing Assets/kenney_particle-pack/PNG (Transparent)/scorch_02.png using Guid(a2aad78c3d5329c46a3deef0a78ab9b4) Importer(815301076,1909f56bfc062723c751e8b465ee728b)  -> (artifact id: '75cc228773e0a843034c433c1c82c7d5') in 0.020013 seconds 
Number of asset objects unloaded after import = 2
========================================================================
Received Import Request.
  Time since last request: 0.000011 seconds.
  path: Assets/kenney_particle-pack/PNG (Transparent)/symbol_02.png
  artifactKey: Guid(1a9c19ded1c42f9438b96f2a48ad43d7) Importer(815301076,1909f56bfc062723c751e8b465ee728b)
Number of updated assets reloaded before import = 0
Start importing Assets/kenney_particle-pack/PNG (Transparent)/symbol_02.png using Guid(1a9c19ded1c42f9438b96f2a48ad43d7) Importer(815301076,1909f56bfc062723c751e8b465ee728b)  -> (artifact id: '8d0def17f60e3ffc04a9b6f3c344ade0') in 0.021642 seconds 
Number of asset objects unloaded after import = 2
========================================================================
Received Import Request.
  Time since last request: 0.000012 seconds.
  path: Assets/kenney_particle-pack/PNG (Transparent)/trace_01.png
  artifactKey: Guid(1f6550a2f70033847a566811ba9a7358) Importer(815301076,1909f56bfc062723c751e8b465ee728b)
Number of updated assets reloaded before import = 0
Start importing Assets/kenney_particle-pack/PNG (Transparent)/trace_01.png using Guid(1f6550a2f70033847a566811ba9a7358) Importer(815301076,1909f56bfc062723c751e8b465ee728b)  -> (artifact id: '91ae4b59b2300f05e74a7af75655ad17') in 0.020936 seconds 
Number of asset objects unloaded after import = 2
========================================================================
Received Import Request.
  Time since last request: 0.000009 seconds.
  path: Assets/kenney_particle-pack/PNG (Transparent)/smoke_09.png
  artifactKey: Guid(205d1e35ba53713469e94ba057b385f1) Importer(815301076,1909f56bfc062723c751e8b465ee728b)
Number of updated assets reloaded before import = 0
Start importing Assets/kenney_particle-pack/PNG (Transparent)/smoke_09.png using Guid(205d1e35ba53713469e94ba057b385f1) Importer(815301076,1909f56bfc062723c751e8b465ee728b)  -> (artifact id: 'b312e04255d0f108e4907953f2608c2e') in 0.021464 seconds 
Number of asset objects unloaded after import = 2
========================================================================
Received Import Request.
  Time since last request: 0.000011 seconds.
  path: Assets/kenney_particle-pack/PNG (Transparent)/smoke_07.png
  artifactKey: Guid(eb962e9d65f202b4b8f607734953ea4a) Importer(815301076,1909f56bfc062723c751e8b465ee728b)
Number of updated assets reloaded before import = 0
Start importing Assets/kenney_particle-pack/PNG (Transparent)/smoke_07.png using Guid(eb962e9d65f202b4b8f607734953ea4a) Importer(815301076,1909f56bfc062723c751e8b465ee728b)  -> (artifact id: 'ab74155aaee371bb6b7cc0c2216ae78c') in 0.020379 seconds 
Number of asset objects unloaded after import = 2
========================================================================
Received Import Request.
  Time since last request: 0.000019 seconds.
  path: Assets/kenney_particle-pack/PNG (Transparent)/trace_04.png
  artifactKey: Guid(2ee020b20281cd4429dd9e1e5c018951) Importer(815301076,1909f56bfc062723c751e8b465ee728b)
Number of updated assets reloaded before import = 0
Start importing Assets/kenney_particle-pack/PNG (Transparent)/trace_04.png using Guid(2ee020b20281cd4429dd9e1e5c018951) Importer(815301076,1909f56bfc062723c751e8b465ee728b)  -> (artifact id: '82bd20c1a57cfbbb008ef0e6d64a0ce5') in 0.020296 seconds 
Number of asset objects unloaded after import = 2
========================================================================
Received Import Request.
  Time since last request: 0.000009 seconds.
  path: Assets/kenney_particle-pack/PNG (Transparent)/twirl_01.png
  artifactKey: Guid(34bf71413fc23c141bcfff63e00f2de7) Importer(815301076,1909f56bfc062723c751e8b465ee728b)
Number of updated assets reloaded before import = 0
Start importing Assets/kenney_particle-pack/PNG (Transparent)/twirl_01.png using Guid(34bf71413fc23c141bcfff63e00f2de7) Importer(815301076,1909f56bfc062723c751e8b465ee728b)  -> (artifact id: '17d1bff1b30d9d1139126267f56a67cc') in 0.020349 seconds 
Number of asset objects unloaded after import = 2
========================================================================
Received Import Request.
  Time since last request: 0.000015 seconds.
  path: Assets/kenney_particle-pack/PNG (Transparent)/spark_01.png
  artifactKey: Guid(d24f04fb5ff35b647a50807bee3522f6) Importer(815301076,1909f56bfc062723c751e8b465ee728b)
Number of updated assets reloaded before import = 0
Start importing Assets/kenney_particle-pack/PNG (Transparent)/spark_01.png using Guid(d24f04fb5ff35b647a50807bee3522f6) Importer(815301076,1909f56bfc062723c751e8b465ee728b)  -> (artifact id: 'e5be3fce027b913b02e1a6933e6abff0') in 0.020375 seconds 
Number of asset objects unloaded after import = 2
========================================================================
Received Import Request.
  Time since last request: 0.000014 seconds.
  path: Assets/kenney_particle-pack/PNG (Transparent)/trace_05.png
  artifactKey: Guid(b2f2353c992695c43a60dd4f204e9ba9) Importer(815301076,1909f56bfc062723c751e8b465ee728b)
Number of updated assets reloaded before import = 0
Start importing Assets/kenney_particle-pack/PNG (Transparent)/trace_05.png using Guid(b2f2353c992695c43a60dd4f204e9ba9) Importer(815301076,1909f56bfc062723c751e8b465ee728b)  -> (artifact id: 'ccda61521fb38c3fa89f97781c4fa0bf') in 0.020324 seconds 
Number of asset objects unloaded after import = 2
========================================================================
Received Import Request.
  Time since last request: 0.000017 seconds.
  path: Assets/kenney_particle-pack/PNG (Transparent)/star_05.png
  artifactKey: Guid(6d783c3bbae716c4691e8b150c100c1f) Importer(815301076,1909f56bfc062723c751e8b465ee728b)
Number of updated assets reloaded before import = 0
Start importing Assets/kenney_particle-pack/PNG (Transparent)/star_05.png using Guid(6d783c3bbae716c4691e8b150c100c1f) Importer(815301076,1909f56bfc062723c751e8b465ee728b)  -> (artifact id: 'e17fd5c0baf360261e9d80397b841221') in 0.019823 seconds 
Number of asset objects unloaded after import = 2
========================================================================
Received Import Request.
  Time since last request: 17.050387 seconds.
  path: Assets/kenney_particle-pack/PNG (Black background)/circle_02.png
  artifactKey: Guid(3898c1604d2325b49bbdc86c4307c148) Importer(815301076,1909f56bfc062723c751e8b465ee728b)
Number of updated assets reloaded before import = 0
Start importing Assets/kenney_particle-pack/PNG (Black background)/circle_02.png using Guid(3898c1604d2325b49bbdc86c4307c148) Importer(815301076,1909f56bfc062723c751e8b465ee728b)  -> (artifact id: '9f5b4e0ee34fc93eaa38a442db17d6d6') in 0.019865 seconds 
Number of asset objects unloaded after import = 2
========================================================================
Received Import Request.
  Time since last request: 0.000012 seconds.
  path: Assets/kenney_particle-pack/PNG (Black background)/smoke_10.png
  artifactKey: Guid(0697212fb0a3f7d48ba4fb19003b1858) Importer(815301076,1909f56bfc062723c751e8b465ee728b)
Number of updated assets reloaded before import = 0
Start importing Assets/kenney_particle-pack/PNG (Black background)/smoke_10.png using Guid(0697212fb0a3f7d48ba4fb19003b1858) Importer(815301076,1909f56bfc062723c751e8b465ee728b)  -> (artifact id: 'adbd3f4cd38b82475500c87ba774d306') in 0.021716 seconds 
Number of asset objects unloaded after import = 2
========================================================================
Received Import Request.
  Time since last request: 0.000011 seconds.
  path: Assets/kenney_particle-pack/PNG (Black background)/muzzle_03.png
  artifactKey: Guid(c18a9778b95231043ab889d9d9f6326f) Importer(815301076,1909f56bfc062723c751e8b465ee728b)
Number of updated assets reloaded before import = 0
Start importing Assets/kenney_particle-pack/PNG (Black background)/muzzle_03.png using Guid(c18a9778b95231043ab889d9d9f6326f) Importer(815301076,1909f56bfc062723c751e8b465ee728b)  -> (artifact id: 'c5888e0690dfdd700d903be18199143e') in 0.031681 seconds 
Number of asset objects unloaded after import = 2
========================================================================
Received Import Request.
  Time since last request: 0.000019 seconds.
  path: Assets/kenney_particle-pack/PNG (Black background)/flame_02.png
  artifactKey: Guid(97dd4292f8341624aa1a932cbc1b717d) Importer(815301076,1909f56bfc062723c751e8b465ee728b)
Number of updated assets reloaded before import = 0
Start importing Assets/kenney_particle-pack/PNG (Black background)/flame_02.png using Guid(97dd4292f8341624aa1a932cbc1b717d) Importer(815301076,1909f56bfc062723c751e8b465ee728b)  -> (artifact id: '993ae6480df6eb3b449a7301b3145950') in 0.020896 seconds 
Number of asset objects unloaded after import = 2
========================================================================
Received Import Request.
  Time since last request: 0.000008 seconds.
  path: Assets/kenney_particle-pack/PNG (Black background)/magic_04.png
  artifactKey: Guid(c050458b301d6ae4197519a47f51a541) Importer(815301076,1909f56bfc062723c751e8b465ee728b)
Number of updated assets reloaded before import = 0
Start importing Assets/kenney_particle-pack/PNG (Black background)/magic_04.png using Guid(c050458b301d6ae4197519a47f51a541) Importer(815301076,1909f56bfc062723c751e8b465ee728b)  -> (artifact id: '5d7f94cc84f0d7fe74e47bcf84ec9419') in 0.021255 seconds 
Number of asset objects unloaded after import = 2
========================================================================
Received Import Request.
  Time since last request: 0.000010 seconds.
  path: Assets/kenney_particle-pack/PNG (Black background)/slash_04.png
  artifactKey: Guid(6bc083c5b98d37b418a5974a7e736b43) Importer(815301076,1909f56bfc062723c751e8b465ee728b)
Number of updated assets reloaded before import = 0
Start importing Assets/kenney_particle-pack/PNG (Black background)/slash_04.png using Guid(6bc083c5b98d37b418a5974a7e736b43) Importer(815301076,1909f56bfc062723c751e8b465ee728b)  -> (artifact id: '51a4792601fbfb0c4564599d018e1700') in 0.020848 seconds 
Number of asset objects unloaded after import = 2
========================================================================
Received Import Request.
  Time since last request: 0.000012 seconds.
  path: Assets/kenney_particle-pack/PNG (Black background)/window_03.png
  artifactKey: Guid(d3b3253c5ed267843a3004da7aa775fd) Importer(815301076,1909f56bfc062723c751e8b465ee728b)
Number of updated assets reloaded before import = 0
Start importing Assets/kenney_particle-pack/PNG (Black background)/window_03.png using Guid(d3b3253c5ed267843a3004da7aa775fd) Importer(815301076,1909f56bfc062723c751e8b465ee728b)  -> (artifact id: '2f4666bd31a213d673cd480c5f1f2895') in 0.019909 seconds 
Number of asset objects unloaded after import = 2
========================================================================
Received Import Request.
  Time since last request: 0.000009 seconds.
  path: Assets/kenney_particle-pack/PNG (Black background)/magic_03.png
  artifactKey: Guid(c6de90eb071f36148a25f78125c5d2cb) Importer(815301076,1909f56bfc062723c751e8b465ee728b)
Number of updated assets reloaded before import = 0
Start importing Assets/kenney_particle-pack/PNG (Black background)/magic_03.png using Guid(c6de90eb071f36148a25f78125c5d2cb) Importer(815301076,1909f56bfc062723c751e8b465ee728b)  -> (artifact id: '1486a0335152556daba169afa07f6309') in 0.021369 seconds 
Number of asset objects unloaded after import = 2
========================================================================
Received Import Request.
  Time since last request: 0.000011 seconds.
  path: Assets/kenney_particle-pack/PNG (Black background)/magic_05.png
  artifactKey: Guid(dba21f9307b6bbd4aaf9ad8c6ae13761) Importer(815301076,1909f56bfc062723c751e8b465ee728b)
Number of updated assets reloaded before import = 0
Start importing Assets/kenney_particle-pack/PNG (Black background)/magic_05.png using Guid(dba21f9307b6bbd4aaf9ad8c6ae13761) Importer(815301076,1909f56bfc062723c751e8b465ee728b)  -> (artifact id: 'c32e67d20b8ec5c3ff217719a8396f74') in 0.021280 seconds 
Number of asset objects unloaded after import = 2
========================================================================
Received Import Request.
  Time since last request: 0.000008 seconds.
  path: Assets/kenney_particle-pack/PNG (Black background)/flame_06.png
  artifactKey: Guid(1a48f9cb7d9a3f44aa19d6b1502e18d1) Importer(815301076,1909f56bfc062723c751e8b465ee728b)
Number of updated assets reloaded before import = 0
Start importing Assets/kenney_particle-pack/PNG (Black background)/flame_06.png using Guid(1a48f9cb7d9a3f44aa19d6b1502e18d1) Importer(815301076,1909f56bfc062723c751e8b465ee728b)  -> (artifact id: '2bd7b05b8a84cd5b21e2d78bd533f0a9') in 0.021356 seconds 
Number of asset objects unloaded after import = 2
========================================================================
Received Import Request.
  Time since last request: 0.000010 seconds.
  path: Assets/kenney_particle-pack/PNG (Black background)/muzzle_04.png
  artifactKey: Guid(738015d031ba2ca42bd805b84057ce16) Importer(815301076,1909f56bfc062723c751e8b465ee728b)
Number of updated assets reloaded before import = 0
Start importing Assets/kenney_particle-pack/PNG (Black background)/muzzle_04.png using Guid(738015d031ba2ca42bd805b84057ce16) Importer(815301076,1909f56bfc062723c751e8b465ee728b)  -> (artifact id: 'aa2d5d2e143714eb2997aa1b0b5f57ed') in 0.020762 seconds 
Number of asset objects unloaded after import = 2
========================================================================
Received Import Request.
  Time since last request: 0.000010 seconds.
  path: Assets/kenney_particle-pack/PNG (Black background)/flame_01.png
  artifactKey: Guid(0f0d43108901f2143b3cd1396196af5e) Importer(815301076,1909f56bfc062723c751e8b465ee728b)
Number of updated assets reloaded before import = 0
Start importing Assets/kenney_particle-pack/PNG (Black background)/flame_01.png using Guid(0f0d43108901f2143b3cd1396196af5e) Importer(815301076,1909f56bfc062723c751e8b465ee728b)  -> (artifact id: 'f64e99ab06cdb63dededf7ce6e5ed0e7') in 0.019802 seconds 
Number of asset objects unloaded after import = 2
========================================================================
Received Import Request.
  Time since last request: 0.000008 seconds.
  path: Assets/kenney_particle-pack/PNG (Black background)/circle_05.png
  artifactKey: Guid(c75fdb024584c43439487084862c0068) Importer(815301076,1909f56bfc062723c751e8b465ee728b)
Number of updated assets reloaded before import = 0
Start importing Assets/kenney_particle-pack/PNG (Black background)/circle_05.png using Guid(c75fdb024584c43439487084862c0068) Importer(815301076,1909f56bfc062723c751e8b465ee728b)  -> (artifact id: 'c1e186b9e39b0abe8df57bbdc58927d6') in 0.020620 seconds 
Number of asset objects unloaded after import = 2
========================================================================
Received Import Request.
  Time since last request: 0.000015 seconds.
  path: Assets/kenney_particle-pack/PNG (Black background)/trace_07.png
  artifactKey: Guid(2ddc3aca0e65864449df1d95805f5a49) Importer(815301076,1909f56bfc062723c751e8b465ee728b)
Number of updated assets reloaded before import = 0
Start importing Assets/kenney_particle-pack/PNG (Black background)/trace_07.png using Guid(2ddc3aca0e65864449df1d95805f5a49) Importer(815301076,1909f56bfc062723c751e8b465ee728b)  -> (artifact id: '135964cf06c10de2b4f63c40c3eb2e80') in 0.020662 seconds 
Number of asset objects unloaded after import = 2
========================================================================
Received Import Request.
  Time since last request: 0.000017 seconds.
  path: Assets/kenney_particle-pack/PNG (Black background)/smoke_05.png
  artifactKey: Guid(018be51d90a38f1429d73c740208e94e) Importer(815301076,1909f56bfc062723c751e8b465ee728b)
Number of updated assets reloaded before import = 0
Start importing Assets/kenney_particle-pack/PNG (Black background)/smoke_05.png using Guid(018be51d90a38f1429d73c740208e94e) Importer(815301076,1909f56bfc062723c751e8b465ee728b)  -> (artifact id: '2175f9e94fe826b31438d60b14fb2b41') in 0.019954 seconds 
Number of asset objects unloaded after import = 2
========================================================================
Received Import Request.
  Time since last request: 0.000010 seconds.
  path: Assets/kenney_particle-pack/PNG (Black background)/star_06.png
  artifactKey: Guid(695ad21401e2ce248bb04a11d3f15547) Importer(815301076,1909f56bfc062723c751e8b465ee728b)
Number of updated assets reloaded before import = 0
Start importing Assets/kenney_particle-pack/PNG (Black background)/star_06.png using Guid(695ad21401e2ce248bb04a11d3f15547) Importer(815301076,1909f56bfc062723c751e8b465ee728b)  -> (artifact id: 'f622a919715b72f4fe7e92cc64719f97') in 0.022177 seconds 
Number of asset objects unloaded after import = 2
========================================================================
Received Import Request.
  Time since last request: 0.000010 seconds.
  path: Assets/kenney_particle-pack/PNG (Black background)/scorch_01.png
  artifactKey: Guid(4233dc38a4e11c2478034ade74ff8fa6) Importer(815301076,1909f56bfc062723c751e8b465ee728b)
Number of updated assets reloaded before import = 0
Start importing Assets/kenney_particle-pack/PNG (Black background)/scorch_01.png using Guid(4233dc38a4e11c2478034ade74ff8fa6) Importer(815301076,1909f56bfc062723c751e8b465ee728b)  -> (artifact id: '6d48969716f05e46a089a7e3719fd23a') in 0.021070 seconds 
Number of asset objects unloaded after import = 2
========================================================================
Received Import Request.
  Time since last request: 0.000015 seconds.
  path: Assets/kenney_particle-pack/PNG (Black background)/spark_02.png
  artifactKey: Guid(10ea5a204e64f974fa31566ae34f9ea8) Importer(815301076,1909f56bfc062723c751e8b465ee728b)
Number of updated assets reloaded before import = 0
Start importing Assets/kenney_particle-pack/PNG (Black background)/spark_02.png using Guid(10ea5a204e64f974fa31566ae34f9ea8) Importer(815301076,1909f56bfc062723c751e8b465ee728b)  -> (artifact id: '96d87a0d6e1060f1416acb9d19872eb0') in 0.020945 seconds 
Number of asset objects unloaded after import = 2
========================================================================
Received Import Request.
  Time since last request: 0.000011 seconds.
  path: Assets/kenney_particle-pack/PNG (Black background)/light_02.png
  artifactKey: Guid(a1d34815ae551c94e860b276a76198d4) Importer(815301076,1909f56bfc062723c751e8b465ee728b)
Number of updated assets reloaded before import = 0
Start importing Assets/kenney_particle-pack/PNG (Black background)/light_02.png using Guid(a1d34815ae551c94e860b276a76198d4) Importer(815301076,1909f56bfc062723c751e8b465ee728b)  -> (artifact id: '9931c1bfda055dc6f57a4c954b5de6dc') in 0.021220 seconds 
Number of asset objects unloaded after import = 2
========================================================================
Received Import Request.
  Time since last request: 0.000009 seconds.
  path: Assets/kenney_particle-pack/PNG (Black background)/flame_04.png
  artifactKey: Guid(304537f9ded0b644abfec801cf0606a9) Importer(815301076,1909f56bfc062723c751e8b465ee728b)
Number of updated assets reloaded before import = 0
Start importing Assets/kenney_particle-pack/PNG (Black background)/flame_04.png using Guid(304537f9ded0b644abfec801cf0606a9) Importer(815301076,1909f56bfc062723c751e8b465ee728b)  -> (artifact id: 'ea044cecbc91d5012235303028c27191') in 0.020763 seconds 
Number of asset objects unloaded after import = 2
========================================================================
Received Import Request.
  Time since last request: 0.000008 seconds.
  path: Assets/kenney_particle-pack/PNG (Black background)/star_02.png
  artifactKey: Guid(40ea03a364d30ca40835fabb37d348e0) Importer(815301076,1909f56bfc062723c751e8b465ee728b)
Number of updated assets reloaded before import = 0
Start importing Assets/kenney_particle-pack/PNG (Black background)/star_02.png using Guid(40ea03a364d30ca40835fabb37d348e0) Importer(815301076,1909f56bfc062723c751e8b465ee728b)  -> (artifact id: '8db904243018596719ff5f0ebe5c5d72') in 0.022184 seconds 
Number of asset objects unloaded after import = 2
========================================================================
Received Import Request.
  Time since last request: 0.000011 seconds.
  path: Assets/kenney_particle-pack/PNG (Black background)/muzzle_01.png
  artifactKey: Guid(0ee03eebfdb4aeb4ab47650c464c6703) Importer(815301076,1909f56bfc062723c751e8b465ee728b)
Number of updated assets reloaded before import = 0
Start importing Assets/kenney_particle-pack/PNG (Black background)/muzzle_01.png using Guid(0ee03eebfdb4aeb4ab47650c464c6703) Importer(815301076,1909f56bfc062723c751e8b465ee728b)  -> (artifact id: '177b4aa459cd4e57cea62b43da0353d7') in 0.022202 seconds 
Number of asset objects unloaded after import = 2
========================================================================
Received Import Request.
  Time since last request: 0.000012 seconds.
  path: Assets/kenney_particle-pack/PNG (Black background)/circle_04.png
  artifactKey: Guid(ab7b03798e1dd064ebabcb807ff576a4) Importer(815301076,1909f56bfc062723c751e8b465ee728b)
Number of updated assets reloaded before import = 0
Start importing Assets/kenney_particle-pack/PNG (Black background)/circle_04.png using Guid(ab7b03798e1dd064ebabcb807ff576a4) Importer(815301076,1909f56bfc062723c751e8b465ee728b)  -> (artifact id: 'a33e492be93789215163f5322842a0b4') in 0.020641 seconds 
Number of asset objects unloaded after import = 2
========================================================================
Received Import Request.
  Time since last request: 0.000013 seconds.
  path: Assets/kenney_particle-pack/PNG (Black background)/star_07.png
  artifactKey: Guid(36df46e7ec2c49f428fafbc874101338) Importer(815301076,1909f56bfc062723c751e8b465ee728b)
Number of updated assets reloaded before import = 0
Start importing Assets/kenney_particle-pack/PNG (Black background)/star_07.png using Guid(36df46e7ec2c49f428fafbc874101338) Importer(815301076,1909f56bfc062723c751e8b465ee728b)  -> (artifact id: '4977a7709551decb531b84b340ce9db1') in 0.021129 seconds 
Number of asset objects unloaded after import = 2
========================================================================
Received Import Request.
  Time since last request: 0.000010 seconds.
  path: Assets/kenney_particle-pack/PNG (Black background)/spark_06.png
  artifactKey: Guid(67f45042732fe8846aabd31b9b16090c) Importer(815301076,1909f56bfc062723c751e8b465ee728b)
Number of updated assets reloaded before import = 0
Start importing Assets/kenney_particle-pack/PNG (Black background)/spark_06.png using Guid(67f45042732fe8846aabd31b9b16090c) Importer(815301076,1909f56bfc062723c751e8b465ee728b)  -> (artifact id: 'eba75bf1636a66e1ae544e8f1d2c4f49') in 0.022587 seconds 
Number of asset objects unloaded after import = 2
========================================================================
Received Import Request.
  Time since last request: 0.000020 seconds.
  path: Assets/kenney_particle-pack/PNG (Black background)/twirl_03.png
  artifactKey: Guid(bdffe6f8d0cd8554b816c4bb388cbb1e) Importer(815301076,1909f56bfc062723c751e8b465ee728b)
Number of updated assets reloaded before import = 0
Start importing Assets/kenney_particle-pack/PNG (Black background)/twirl_03.png using Guid(bdffe6f8d0cd8554b816c4bb388cbb1e) Importer(815301076,1909f56bfc062723c751e8b465ee728b)  -> (artifact id: 'ffd92c2a2714ec7ab1e6f907fdbe9b7f') in 0.022941 seconds 
Number of asset objects unloaded after import = 2
========================================================================
Received Import Request.
  Time since last request: 0.000009 seconds.
  path: Assets/kenney_particle-pack/PNG (Black background)/twirl_01.png
  artifactKey: Guid(517e91cf8545b6242b1b7238f097cba2) Importer(815301076,1909f56bfc062723c751e8b465ee728b)
Number of updated assets reloaded before import = 0
Start importing Assets/kenney_particle-pack/PNG (Black background)/twirl_01.png using Guid(517e91cf8545b6242b1b7238f097cba2) Importer(815301076,1909f56bfc062723c751e8b465ee728b)  -> (artifact id: '394b9c34e0f815ee19a2c09f12146d79') in 0.021884 seconds 
Number of asset objects unloaded after import = 2
========================================================================
Received Import Request.
  Time since last request: 904.128607 seconds.
  path: Assets/Other/New Terrain 1.asset
  artifactKey: Guid(94691805e2e9f304f9c0de6a0479298f) Importer(815301076,1909f56bfc062723c751e8b465ee728b)
Number of updated assets reloaded before import = 0
Start importing Assets/Other/New Terrain 1.asset using Guid(94691805e2e9f304f9c0de6a0479298f) Importer(815301076,1909f56bfc062723c751e8b465ee728b) The tree SM_Prop_Coral_05 must use the Nature/Soft Occlusion shader. Otherwise billboarding/lighting will not work correctly.
The tree SM_Prop_Coral_01 must use the Nature/Soft Occlusion shader. Otherwise billboarding/lighting will not work correctly.
The tree SM_Prop_Coral_02 must use the Nature/Soft Occlusion shader. Otherwise billboarding/lighting will not work correctly.
The tree SM_Prop_Coral_03 must use the Nature/Soft Occlusion shader. Otherwise billboarding/lighting will not work correctly.
The tree SM_Prop_Coral_04 must use the Nature/Soft Occlusion shader. Otherwise billboarding/lighting will not work correctly.
The tree SM_Env_Creeper_Clump_01 must use the Nature/Soft Occlusion shader. Otherwise billboarding/lighting will not work correctly.
 -> (artifact id: '9bbbd9bb331755a63e22bf6ce386df38') in 0.059200 seconds 
Number of asset objects unloaded after import = 247
========================================================================
Received Import Request.
  Time since last request: 0.000010 seconds.
  path: Assets/Other/New Terrain.asset
  artifactKey: Guid(39f7e7d6b6fec434996c5ddf1cec7e7b) Importer(815301076,1909f56bfc062723c751e8b465ee728b)
Number of updated assets reloaded before import = 0
Start importing Assets/Other/New Terrain.asset using Guid(39f7e7d6b6fec434996c5ddf1cec7e7b) Importer(815301076,1909f56bfc062723c751e8b465ee728b) The tree SM_Env_PalmTree_01 must use the Nature/Soft Occlusion shader. Otherwise billboarding/lighting will not work correctly.
The tree SM_Env_PalmTree_02 must use the Nature/Soft Occlusion shader. Otherwise billboarding/lighting will not work correctly.
The tree SM_Env_PalmTree_03 must use the Nature/Soft Occlusion shader. Otherwise billboarding/lighting will not work correctly.
The tree SM_Env_PalmTree_04 must use the Nature/Soft Occlusion shader. Otherwise billboarding/lighting will not work correctly.
The tree SM_Env_Tree_Large_02 must use the Nature/Soft Occlusion shader. Otherwise billboarding/lighting will not work correctly.
The tree SM_Env_Tree_Large_01 must use the Nature/Soft Occlusion shader. Otherwise billboarding/lighting will not work correctly.
The tree SM_Env_Creeper_Clump_01 must use the Nature/Soft Occlusion shader. Otherwise billboarding/lighting will not work correctly.
The tree SM_Prop_Starfish_01 must use the Nature/Soft Occlusion shader. Otherwise billboarding/lighting will not work correctly.
 -> (artifact id: '14b3bd751a863bf079bad501773e82ee') in 0.093198 seconds 
Number of asset objects unloaded after import = 638
Editor requested this worker to shutdown with reason: Scaling down because of idle timeout
AssetImportWorker is now disconnected from the server
Process exiting
Exiting without the bug reporter. Application will terminate with return code 0