{"cameraMode":{"drawMode":0,"name":"Shaded","section":"Shading Mode"},"sceneLighting":false,"audioPlay":false,"sceneViewState":{"m_AlwaysRefresh":false,"showFog":true,"showSkybox":false,"showFlares":true,"showImageEffects":true,"showParticleSystems":true,"showVisualEffectGraphs":true,"m_FxEnabled":true},"in2DMode":false,"pivot":{"x":2.277912139892578,"y":0.4380565881729126,"z":0.6884880065917969},"rotation":{"x":0.09906890243291855,"y":-0.7545300722122192,"z":0.11687876284122467,"w":0.6382511258125305},"size":1.6278077363967896,"orthographic":false}