{"cameraMode":{"drawMode":0,"name":"Shaded","section":"Shading Mode"},"sceneLighting":false,"audioPlay":false,"sceneViewState":{"m_AlwaysRefresh":false,"showFog":true,"showSkybox":false,"showFlares":true,"showImageEffects":true,"showParticleSystems":true,"showVisualEffectGraphs":true,"m_FxEnabled":true},"in2DMode":false,"pivot":{"x":1.1920928955078126e-7,"y":0.8871583938598633,"z":-0.017635703086853029},"rotation":{"x":-0.10815903544425965,"y":0.7811790108680725,"z":-0.1411910057067871,"w":-0.5984268188476563},"size":1.4473017454147339,"orthographic":false}