{"cameraMode":{"drawMode":0,"name":"Shaded","section":"Shading Mode"},"sceneLighting":false,"audioPlay":false,"sceneViewState":{"m_AlwaysRefresh":false,"showFog":true,"showSkybox":false,"showFlares":true,"showImageEffects":true,"showParticleSystems":true,"showVisualEffectGraphs":true,"m_FxEnabled":true},"in2DMode":false,"pivot":{"x":-0.0000019073486328125,"y":-2.384185791015625e-7,"z":0.06968793272972107},"rotation":{"x":-0.051705483347177508,"y":-0.948111891746521,"z":0.2148544043302536,"w":-0.2289142906665802},"size":0.8307778835296631,"orthographic":false}